-- Tuplas para la tabla Pais

insert into Pais (NombrePais) values ('Afganistán');
insert into Pais (NombrePais) values ('Albania');
insert into Pais (NombrePais) values ('Alemania');
insert into Pais (NombrePais) values ('Andorra');
insert into Pais (NombrePais) values ('Angola');
insert into Pais (NombrePais) values ('Antigua y Barbuda');
insert into Pais (NombrePais) values ('Arabia Saudita');
insert into Pais (NombrePais) values ('Argelia');
insert into Pais (NombrePais) values ('Argentina');
insert into Pais (NombrePais) values ('Armenia');
insert into Pais (NombrePais) values ('Australia');
insert into Pais (NombrePais) values ('Austria');
insert into Pais (NombrePais) values ('Azerbaiyán');
insert into Pais (NombrePais) values ('Bahamas');
insert into Pais (NombrePais) values ('Bangladés');
insert into Pais (NombrePais) values ('Barbados');
insert into Pais (NombrePais) values ('Baréin');
insert into Pais (NombrePais) values ('Bélgica');
insert into Pais (NombrePais) values ('Belice');
insert into Pais (NombrePais) values ('Benín');
insert into Pais (NombrePais) values ('Bielorrusia');
insert into Pais (NombrePais) values ('Birmania');
insert into Pais (NombrePais) values ('Bolivia');
insert into Pais (NombrePais) values ('Bosnia y Herzegovina');
insert into Pais (NombrePais) values ('Botsuana');
insert into Pais (NombrePais) values ('Brasil');
insert into Pais (NombrePais) values ('Brunéi');
insert into Pais (NombrePais) values ('Bulgaria');
insert into Pais (NombrePais) values ('Burkina Faso');
insert into Pais (NombrePais) values ('Burundi');
insert into Pais (NombrePais) values ('Bután');
insert into Pais (NombrePais) values ('Cabo Verde');
insert into Pais (NombrePais) values ('Camboya');
insert into Pais (NombrePais) values ('Camerún');
insert into Pais (NombrePais) values ('Canadá');
insert into Pais (NombrePais) values ('Catar');
insert into Pais (NombrePais) values ('Chad');
insert into Pais (NombrePais) values ('Chile');
insert into Pais (NombrePais) values ('China');
insert into Pais (NombrePais) values ('Chipre');
insert into Pais (NombrePais) values ('Colombia');
insert into Pais (NombrePais) values ('Comoras');
insert into Pais (NombrePais) values ('Corea del Norte');
insert into Pais (NombrePais) values ('Corea del Sur');
insert into Pais (NombrePais) values ('Costa de Marfil');
insert into Pais (NombrePais) values ('Costa Rica');
insert into Pais (NombrePais) values ('Croacia');
insert into Pais (NombrePais) values ('Cuba');
insert into Pais (NombrePais) values ('Dinamarca');
insert into Pais (NombrePais) values ('Dominica');
insert into Pais (NombrePais) values ('Ecuador');
insert into Pais (NombrePais) values ('Egipto');
insert into Pais (NombrePais) values ('El Salvador');
insert into Pais (NombrePais) values ('Emiratos Árabes Unidos');
insert into Pais (NombrePais) values ('Eslovaquia');
insert into Pais (NombrePais) values ('Eslovenia');
insert into Pais (NombrePais) values ('España');
insert into Pais (NombrePais) values ('Estados Unidos');
insert into Pais (NombrePais) values ('Estonia');
insert into Pais (NombrePais) values ('Esuatini');
insert into Pais (NombrePais) values ('Etiopía');
insert into Pais (NombrePais) values ('Filipinas');
insert into Pais (NombrePais) values ('Finlandia');
insert into Pais (NombrePais) values ('Fiyi');
insert into Pais (NombrePais) values ('Francia');
insert into Pais (NombrePais) values ('Gabón');
insert into Pais (NombrePais) values ('Gambia');
insert into Pais (NombrePais) values ('Georgia');
insert into Pais (NombrePais) values ('Ghana');
insert into Pais (NombrePais) values ('Granada');
insert into Pais (NombrePais) values ('Grecia');
insert into Pais (NombrePais) values ('Guatemala');
insert into Pais (NombrePais) values ('Guinea');
insert into Pais (NombrePais) values ('Guinea-Bisáu');
insert into Pais (NombrePais) values ('Guinea Ecuatorial');
insert into Pais (NombrePais) values ('Haití');
insert into Pais (NombrePais) values ('Honduras');
insert into Pais (NombrePais) values ('Hungría');
insert into Pais (NombrePais) values ('India');
insert into Pais (NombrePais) values ('Indonesia');
insert into Pais (NombrePais) values ('Irak');
insert into Pais (NombrePais) values ('Irán');
insert into Pais (NombrePais) values ('Irlanda');
insert into Pais (NombrePais) values ('Islandia');
insert into Pais (NombrePais) values ('Islas Marshall');
insert into Pais (NombrePais) values ('Islas Salomón');
insert into Pais (NombrePais) values ('Israel');
insert into Pais (NombrePais) values ('Italia');
insert into Pais (NombrePais) values ('Jamaica');
insert into Pais (NombrePais) values ('Japón');
insert into Pais (NombrePais) values ('Jordania');
insert into Pais (NombrePais) values ('Kazajistán');
insert into Pais (NombrePais) values ('Kenia');
insert into Pais (NombrePais) values ('Kirguistán');
insert into Pais (NombrePais) values ('Kiribati');
insert into Pais (NombrePais) values ('Kuwait');
insert into Pais (NombrePais) values ('Laos');
insert into Pais (NombrePais) values ('Lesoto');
insert into Pais (NombrePais) values ('Letonia');
insert into Pais (NombrePais) values ('Líbano');
insert into Pais (NombrePais) values ('Liberia');
insert into Pais (NombrePais) values ('Libia');
insert into Pais (NombrePais) values ('Liechtenstein');
insert into Pais (NombrePais) values ('Lituania');
insert into Pais (NombrePais) values ('Luxemburgo');
insert into Pais (NombrePais) values ('Madagascar');
insert into Pais (NombrePais) values ('Malasia');
insert into Pais (NombrePais) values ('Malaui');
insert into Pais (NombrePais) values ('Maldivas');
insert into Pais (NombrePais) values ('Malí');
insert into Pais (NombrePais) values ('Malta');
insert into Pais (NombrePais) values ('Marruecos');
insert into Pais (NombrePais) values ('Mauricio');
insert into Pais (NombrePais) values ('Mauritania');
insert into Pais (NombrePais) values ('México');
insert into Pais (NombrePais) values ('Micronesia');
insert into Pais (NombrePais) values ('Moldavia');
insert into Pais (NombrePais) values ('Mónaco');
insert into Pais (NombrePais) values ('Mongolia');
insert into Pais (NombrePais) values ('Montenegro');
insert into Pais (NombrePais) values ('Mozambique');
insert into Pais (NombrePais) values ('Namibia');
insert into Pais (NombrePais) values ('Nauru');
insert into Pais (NombrePais) values ('Nepal');
insert into Pais (NombrePais) values ('Nicaragua');
insert into Pais (NombrePais) values ('Níger');
insert into Pais (NombrePais) values ('Nigeria');
insert into Pais (NombrePais) values ('Noruega');
insert into Pais (NombrePais) values ('Nueva Zelanda');
insert into Pais (NombrePais) values ('Omán');
insert into Pais (NombrePais) values ('Países Bajos');
insert into Pais (NombrePais) values ('Pakistán');
insert into Pais (NombrePais) values ('Palaos');
insert into Pais (NombrePais) values ('Panamá');
insert into Pais (NombrePais) values ('Papúa Nueva Guinea');
insert into Pais (NombrePais) values ('Paraguay');
insert into Pais (NombrePais) values ('Perú');
insert into Pais (NombrePais) values ('Polonia');
insert into Pais (NombrePais) values ('Portugal');
insert into Pais (NombrePais) values ('Reino Unido');
insert into Pais (NombrePais) values ('República Centroafricana');
insert into Pais (NombrePais) values ('República Checa');
insert into Pais (NombrePais) values ('República del Congo');
insert into Pais (NombrePais) values ('República Democrática del Congo');
insert into Pais (NombrePais) values ('República Dominicana');
insert into Pais (NombrePais) values ('Ruanda');
insert into Pais (NombrePais) values ('Rumania');
insert into Pais (NombrePais) values ('Rusia');
insert into Pais (NombrePais) values ('Samoa');
insert into Pais (NombrePais) values ('San Marino');
insert into Pais (NombrePais) values ('San Vicente y las Granadinas');
insert into Pais (NombrePais) values ('Santa Lucía');
insert into Pais (NombrePais) values ('Santo Tomé y Príncipe');
insert into Pais (NombrePais) values ('Senegal');
insert into Pais (NombrePais) values ('Serbia');
insert into Pais (NombrePais) values ('Seychelles');
insert into Pais (NombrePais) values ('Sierra Leona');
insert into Pais (NombrePais) values ('Singapur');
insert into Pais (NombrePais) values ('Siria');
insert into Pais (NombrePais) values ('Somalia');
insert into Pais (NombrePais) values ('Sri Lanka');
insert into Pais (NombrePais) values ('Sudáfrica');
insert into Pais (NombrePais) values ('Sudán');
insert into Pais (NombrePais) values ('Sudán del Sur');
insert into Pais (NombrePais) values ('Suecia');
insert into Pais (NombrePais) values ('Suiza');
insert into Pais (NombrePais) values ('Surinam');
insert into Pais (NombrePais) values ('Tanzania');
insert into Pais (NombrePais) values ('Tayikistán');
insert into Pais (NombrePais) values ('Timor Oriental');
insert into Pais (NombrePais) values ('Tonga');
insert into Pais (NombrePais) values ('Túnez');
insert into Pais (NombrePais) values ('Turkmenistán');
insert into Pais (NombrePais) values ('Turquía');
insert into Pais (NombrePais) values ('Tuvalu');
insert into Pais (NombrePais) values ('Ucrania');
insert into Pais (NombrePais) values ('Uganda');
insert into Pais (NombrePais) values ('Uruguay');
insert into Pais (NombrePais) values ('Uzbekistán');
insert into Pais (NombrePais) values ('Vanuatu');
insert into Pais (NombrePais) values ('Venezuela');
insert into Pais (NombrePais) values ('Vietnam');
insert into Pais (NombrePais) values ('Yemen');
insert into Pais (NombrePais) values ('Yibuti');
insert into Pais (NombrePais) values ('Zambia');
insert into Pais (NombrePais) values ('Zimbabue');

-- Tuplas para Disciplina
insert into Disciplina (IDDisciplina, NombreDisciplina, Categoria) values (1, 'Fútbol', 'Equipo');
insert into Disciplina (IDDisciplina, NombreDisciplina, Categoria) values (2, 'Baloncesto', 'Individual');
insert into Disciplina (IDDisciplina, NombreDisciplina, Categoria) values (3, 'Tenis', 'Duo');
insert into Disciplina (IDDisciplina, NombreDisciplina, Categoria) values (4, 'Natación', 'Duo');
insert into Disciplina (IDDisciplina, NombreDisciplina, Categoria) values (5, 'Atletismo', 'Equipo');
insert into Disciplina (IDDisciplina, NombreDisciplina, Categoria) values (6, 'Voleibol', 'Equipo');
insert into Disciplina (IDDisciplina, NombreDisciplina, Categoria) values (7, 'Ciclismo', 'Duo');
insert into Disciplina (IDDisciplina, NombreDisciplina, Categoria) values (8, 'Gimnasia', 'Equipo');
insert into Disciplina (IDDisciplina, NombreDisciplina, Categoria) values (9, 'Boxeo', 'Equipo');
insert into Disciplina (IDDisciplina, NombreDisciplina, Categoria) values (10, 'Rugby', 'Equipo');
insert into Disciplina (IDDisciplina, NombreDisciplina, Categoria) values (11, 'Balonmano', 'Equipo');
insert into Disciplina (IDDisciplina, NombreDisciplina, Categoria) values (12, 'Waterpolo', 'Equipo');
insert into Disciplina (IDDisciplina, NombreDisciplina, Categoria) values (13, 'Judo', 'Duo');
insert into Disciplina (IDDisciplina, NombreDisciplina, Categoria) values (14, 'Taekwondo', 'Individual');
insert into Disciplina (IDDisciplina, NombreDisciplina, Categoria) values (15, 'Esgrima', 'Equipo');
insert into Disciplina (IDDisciplina, NombreDisciplina, Categoria) values (16, 'Hockey sobre hielo', 'Individual');
insert into Disciplina (IDDisciplina, NombreDisciplina, Categoria) values (17, 'Béisbol', 'Individual');
insert into Disciplina (IDDisciplina, NombreDisciplina, Categoria) values (18, 'Golf', 'Equipo');
insert into Disciplina (IDDisciplina, NombreDisciplina, Categoria) values (19, 'Esquí', 'Equipo');
insert into Disciplina (IDDisciplina, NombreDisciplina, Categoria) values (20, 'Snowboard', 'Duo');
insert into Disciplina (IDDisciplina, NombreDisciplina, Categoria) values (21, 'Surf', 'Individual');
insert into Disciplina (IDDisciplina, NombreDisciplina, Categoria) values (22, 'Escalada', 'Duo');
insert into Disciplina (IDDisciplina, NombreDisciplina, Categoria) values (23, 'Remo', 'Individual');
insert into Disciplina (IDDisciplina, NombreDisciplina, Categoria) values (24, 'Vela', 'Duo');
insert into Disciplina (IDDisciplina, NombreDisciplina, Categoria) values (25, 'Equitación', 'Individual');
insert into Disciplina (IDDisciplina, NombreDisciplina, Categoria) values (26, 'Tiro con arco', 'Duo');
insert into Disciplina (IDDisciplina, NombreDisciplina, Categoria) values (27, 'Halterofilia', 'Equipo');
insert into Disciplina (IDDisciplina, NombreDisciplina, Categoria) values (28, 'Patinaje artístico', 'Individual');
insert into Disciplina (IDDisciplina, NombreDisciplina, Categoria) values (29, 'Triatlón', 'Duo');
insert into Disciplina (IDDisciplina, NombreDisciplina, Categoria) values (30, 'Bádminton', 'Duo');
insert into Disciplina (IDDisciplina, NombreDisciplina, Categoria) values (31, 'Kárate', 'Individual');
insert into Disciplina (IDDisciplina, NombreDisciplina, Categoria) values (32, 'Lucha libre', 'Individual');
insert into Disciplina (IDDisciplina, NombreDisciplina, Categoria) values (33, 'Lucha grecorromana', 'Duo');
insert into Disciplina (IDDisciplina, NombreDisciplina, Categoria) values (34, 'Ping pong', 'Duo');
insert into Disciplina (IDDisciplina, NombreDisciplina, Categoria) values (35, 'Squash', 'Duo');
insert into Disciplina (IDDisciplina, NombreDisciplina, Categoria) values (36, 'Pádel', 'Equipo');
insert into Disciplina (IDDisciplina, NombreDisciplina, Categoria) values (37, 'Polo', 'Equipo');
insert into Disciplina (IDDisciplina, NombreDisciplina, Categoria) values (38, 'Cricket', 'Duo');
insert into Disciplina (IDDisciplina, NombreDisciplina, Categoria) values (39, 'Curling', 'Individual');
insert into Disciplina (IDDisciplina, NombreDisciplina, Categoria) values (40, 'Bobsleigh', 'Duo');
insert into Disciplina (IDDisciplina, NombreDisciplina, Categoria) values (41, 'Luge', 'Duo');
insert into Disciplina (IDDisciplina, NombreDisciplina, Categoria) values (42, 'Skeleton', 'Individual');
insert into Disciplina (IDDisciplina, NombreDisciplina, Categoria) values (43, 'Pentatlón moderno', 'Duo');
insert into Disciplina (IDDisciplina, NombreDisciplina, Categoria) values (44, 'Tiro deportivo', 'Individual');
insert into Disciplina (IDDisciplina, NombreDisciplina, Categoria) values (45, 'Tiro al plato', 'Equipo');
insert into Disciplina (IDDisciplina, NombreDisciplina, Categoria) values (46, 'Salto de trampolín', 'Individual');
insert into Disciplina (IDDisciplina, NombreDisciplina, Categoria) values (47, 'Nado sincronizado', 'Individual');
insert into Disciplina (IDDisciplina, NombreDisciplina, Categoria) values (48, 'Windsurf', 'Duo');
insert into Disciplina (IDDisciplina, NombreDisciplina, Categoria) values (49, 'Kitesurf', 'Individual');
insert into Disciplina (IDDisciplina, NombreDisciplina, Categoria) values (50, 'Piragüismo', 'Duo');
insert into Disciplina (IDDisciplina, NombreDisciplina, Categoria) values (51, 'Canoa slalom', 'Duo');
insert into Disciplina (IDDisciplina, NombreDisciplina, Categoria) values (52, 'Pelota vasca', 'Individual');
insert into Disciplina (IDDisciplina, NombreDisciplina, Categoria) values (53, 'Frontón', 'Duo');
insert into Disciplina (IDDisciplina, NombreDisciplina, Categoria) values (54, 'Jai alai', 'Individual');
insert into Disciplina (IDDisciplina, NombreDisciplina, Categoria) values (55, 'Lacrosse', 'Individual');
insert into Disciplina (IDDisciplina, NombreDisciplina, Categoria) values (56, 'Fútbol americano', 'Equipo');
insert into Disciplina (IDDisciplina, NombreDisciplina, Categoria) values (57, 'Fútbol australiano', 'Duo');
insert into Disciplina (IDDisciplina, NombreDisciplina, Categoria) values (58, 'Fútbol gaélico', 'Individual');
insert into Disciplina (IDDisciplina, NombreDisciplina, Categoria) values (59, 'Rugby league', 'Individual');
insert into Disciplina (IDDisciplina, NombreDisciplina, Categoria) values (60, 'Softball', 'Individual');
insert into Disciplina (IDDisciplina, NombreDisciplina, Categoria) values (61, 'Korfball', 'Duo');
insert into Disciplina (IDDisciplina, NombreDisciplina, Categoria) values (62, 'Netball', 'Equipo');
insert into Disciplina (IDDisciplina, NombreDisciplina, Categoria) values (63, 'Balonmano playa', 'Duo');
insert into Disciplina (IDDisciplina, NombreDisciplina, Categoria) values (64, 'Fútbol playa', 'Individual');
insert into Disciplina (IDDisciplina, NombreDisciplina, Categoria) values (65, 'Voleibol playa', 'Duo');
insert into Disciplina (IDDisciplina, NombreDisciplina, Categoria) values (66, 'Sepak takraw', 'Duo');
insert into Disciplina (IDDisciplina, NombreDisciplina, Categoria) values (67, 'Kabaddi', 'Individual');
insert into Disciplina (IDDisciplina, NombreDisciplina, Categoria) values (68, 'Sumo', 'Individual');
insert into Disciplina (IDDisciplina, NombreDisciplina, Categoria) values (69, 'Aikido', 'Equipo');
insert into Disciplina (IDDisciplina, NombreDisciplina, Categoria) values (70, 'Kendo', 'Equipo');
insert into Disciplina (IDDisciplina, NombreDisciplina, Categoria) values (71, 'Jiu-jitsu', 'Equipo');
insert into Disciplina (IDDisciplina, NombreDisciplina, Categoria) values (72, 'Sambo', 'Individual');
insert into Disciplina (IDDisciplina, NombreDisciplina, Categoria) values (73, 'Wushu', 'Individual');
insert into Disciplina (IDDisciplina, NombreDisciplina, Categoria) values (74, 'Muay thai', 'Equipo');
insert into Disciplina (IDDisciplina, NombreDisciplina, Categoria) values (75, 'Kickboxing', 'Duo');
insert into Disciplina (IDDisciplina, NombreDisciplina, Categoria) values (76, 'Savate', 'Individual');
insert into Disciplina (IDDisciplina, NombreDisciplina, Categoria) values (77, 'Capoeira', 'Individual');
insert into Disciplina (IDDisciplina, NombreDisciplina, Categoria) values (78, 'Parkour', 'Duo');
insert into Disciplina (IDDisciplina, NombreDisciplina, Categoria) values (79, 'Skateboarding', 'Individual');
insert into Disciplina (IDDisciplina, NombreDisciplina, Categoria) values (80, 'BMX', 'Duo');
insert into Disciplina (IDDisciplina, NombreDisciplina, Categoria) values (81, 'Motocross', 'Equipo');
insert into Disciplina (IDDisciplina, NombreDisciplina, Categoria) values (82, 'Trial', 'Duo');
insert into Disciplina (IDDisciplina, NombreDisciplina, Categoria) values (83, 'Rallycross', 'Duo');
insert into Disciplina (IDDisciplina, NombreDisciplina, Categoria) values (84, 'Rallies', 'Equipo');
insert into Disciplina (IDDisciplina, NombreDisciplina, Categoria) values (85, 'Fórmula 1', 'Individual');
insert into Disciplina (IDDisciplina, NombreDisciplina, Categoria) values (86, 'MotoGP', 'Individual');
insert into Disciplina (IDDisciplina, NombreDisciplina, Categoria) values (87, 'Superbikes', 'Duo');
insert into Disciplina (IDDisciplina, NombreDisciplina, Categoria) values (88, 'Nascar', 'Equipo');
insert into Disciplina (IDDisciplina, NombreDisciplina, Categoria) values (89, 'Patinaje de velocidad', 'Individual');
insert into Disciplina (IDDisciplina, NombreDisciplina, Categoria) values (90, 'Patinaje sobre ruedas', 'Equipo');
insert into Disciplina (IDDisciplina, NombreDisciplina, Categoria) values (91, 'Hockey sobre patines', 'Duo');
insert into Disciplina (IDDisciplina, NombreDisciplina, Categoria) values (92, 'Hockey sobre hierba', 'Individual');
insert into Disciplina (IDDisciplina, NombreDisciplina, Categoria) values (93, 'Floorball', 'Individual');
insert into Disciplina (IDDisciplina, NombreDisciplina, Categoria) values (94, 'Ultimate frisbee', 'Equipo');
insert into Disciplina (IDDisciplina, NombreDisciplina, Categoria) values (95, 'Disc golf', 'Duo');
insert into Disciplina (IDDisciplina, NombreDisciplina, Categoria) values (96, 'Bolos', 'Individual');
insert into Disciplina (IDDisciplina, NombreDisciplina, Categoria) values (97, 'Petanca', 'Equipo');
insert into Disciplina (IDDisciplina, NombreDisciplina, Categoria) values (98, 'Billar', 'Individual');
insert into Disciplina (IDDisciplina, NombreDisciplina, Categoria) values (99, 'Snooker', 'Individual');
insert into Disciplina (IDDisciplina, NombreDisciplina, Categoria) values (100, 'Dardos', 'Equipo');
insert into Disciplina (IDDisciplina, NombreDisciplina, Categoria) values (101, 'Ajedrez', 'Individual');
insert into Disciplina (IDDisciplina, NombreDisciplina, Categoria) values (102, 'Bridge', 'Individual');
insert into Disciplina (IDDisciplina, NombreDisciplina, Categoria) values (103, 'Polo acuático', 'Individual');
insert into Disciplina (IDDisciplina, NombreDisciplina, Categoria) values (104, 'Natación en aguas abiertas', 'Duo');
insert into Disciplina (IDDisciplina, NombreDisciplina, Categoria) values (105, 'Saltos de acantilado', 'Duo');
insert into Disciplina (IDDisciplina, NombreDisciplina, Categoria) values (106, 'Rafting', 'Individual');
insert into Disciplina (IDDisciplina, NombreDisciplina, Categoria) values (107, 'Kayak', 'Individual');
insert into Disciplina (IDDisciplina, NombreDisciplina, Categoria) values (108, 'Vela ligera', 'Individual');
insert into Disciplina (IDDisciplina, NombreDisciplina, Categoria) values (109, 'Windsurf', 'Duo');
insert into Disciplina (IDDisciplina, NombreDisciplina, Categoria) values (110, 'Kitesurf', 'Individual');
insert into Disciplina (IDDisciplina, NombreDisciplina, Categoria) values (111, 'Esquí acuático', 'Duo');
insert into Disciplina (IDDisciplina, NombreDisciplina, Categoria) values (112, 'Wakeboard', 'Equipo');
insert into Disciplina (IDDisciplina, NombreDisciplina, Categoria) values (113, 'Surf de remo', 'Individual');
insert into Disciplina (IDDisciplina, NombreDisciplina, Categoria) values (114, 'Bodyboard', 'Individual');
insert into Disciplina (IDDisciplina, NombreDisciplina, Categoria) values (115, 'Pesca deportiva', 'Duo');
insert into Disciplina (IDDisciplina, NombreDisciplina, Categoria) values (116, 'Buceo', 'Individual');
insert into Disciplina (IDDisciplina, NombreDisciplina, Categoria) values (117, 'Apnea', 'Individual');
insert into Disciplina (IDDisciplina, NombreDisciplina, Categoria) values (118, 'Natación con aletas', 'Duo');
insert into Disciplina (IDDisciplina, NombreDisciplina, Categoria) values (119, 'Hockey subacuático', 'Equipo');
insert into Disciplina (IDDisciplina, NombreDisciplina, Categoria) values (120, 'Rugby subacuático', 'Duo');
insert into Disciplina (IDDisciplina, NombreDisciplina, Categoria) values (121, 'Fútbol sala', 'Equipo');
insert into Disciplina (IDDisciplina, NombreDisciplina, Categoria) values (122, 'Balonmano sala', 'Equipo');
insert into Disciplina (IDDisciplina, NombreDisciplina, Categoria) values (123, 'Baloncesto 3x3', 'Duo');
insert into Disciplina (IDDisciplina, NombreDisciplina, Categoria) values (124, 'Vóley playa', 'Duo');
insert into Disciplina (IDDisciplina, NombreDisciplina, Categoria) values (125, 'Tenis de mesa', 'Individual');
insert into Disciplina (IDDisciplina, NombreDisciplina, Categoria) values (126, 'Bádminton playa', 'Individual');
insert into Disciplina (IDDisciplina, NombreDisciplina, Categoria) values (127, 'Tiro con arco en sala', 'Individual');
insert into Disciplina (IDDisciplina, NombreDisciplina, Categoria) values (128, 'Escalada en hielo', 'Individual');
insert into Disciplina (IDDisciplina, NombreDisciplina, Categoria) values (129, 'Esquí de fondo', 'Duo');
insert into Disciplina (IDDisciplina, NombreDisciplina, Categoria) values (130, 'Biatlón', 'Equipo');
insert into Disciplina (IDDisciplina, NombreDisciplina, Categoria) values (131, 'Salto de esquí', 'Equipo');
insert into Disciplina (IDDisciplina, NombreDisciplina, Categoria) values (132, 'Combinada nórdica', 'Individual');
insert into Disciplina (IDDisciplina, NombreDisciplina, Categoria) values (133, 'Snowboard cross', 'Individual');
insert into Disciplina (IDDisciplina, NombreDisciplina, Categoria) values (134, 'Patinaje de velocidad en pista corta', 'Individual');
insert into Disciplina (IDDisciplina, NombreDisciplina, Categoria) values (135, 'Curling mixto', 'Equipo');
insert into Disciplina (IDDisciplina, NombreDisciplina, Categoria) values (136, 'Bobsleigh skeleton', 'Equipo');
insert into Disciplina (IDDisciplina, NombreDisciplina, Categoria) values (137, 'Luge por equipos', 'Equipo');
insert into Disciplina (IDDisciplina, NombreDisciplina, Categoria) values (138, 'Gimnasia rítmica', 'Duo');
insert into Disciplina (IDDisciplina, NombreDisciplina, Categoria) values (139, 'Gimnasia en trampolín', 'Equipo');
insert into Disciplina (IDDisciplina, NombreDisciplina, Categoria) values (140, 'Gimnasia acrobática', 'Individual');
insert into Disciplina (IDDisciplina, NombreDisciplina, Categoria) values (141, 'Parkour', 'Equipo');
insert into Disciplina (IDDisciplina, NombreDisciplina, Categoria) values (142, 'Vovinam', 'Individual');
insert into Disciplina (IDDisciplina, NombreDisciplina, Categoria) values (143, 'Kurash', 'Duo');
insert into Disciplina (IDDisciplina, NombreDisciplina, Categoria) values (144, 'Pencak Silat', 'Equipo');
insert into Disciplina (IDDisciplina, NombreDisciplina, Categoria) values (145, 'Gatka', 'Equipo');
insert into Disciplina (IDDisciplina, NombreDisciplina, Categoria) values (146, 'Ulama', 'Equipo');
insert into Disciplina (IDDisciplina, NombreDisciplina, Categoria) values (147, 'Charrería', 'Equipo');
insert into Disciplina (IDDisciplina, NombreDisciplina, Categoria) values (148, 'Patolli', 'Individual');
insert into Disciplina (IDDisciplina, NombreDisciplina, Categoria) values (149, 'Pelota Purépecha', 'Duo');
insert into Disciplina (IDDisciplina, NombreDisciplina, Categoria) values (150, 'Tlachtli', 'Duo');

-- Tuplas para Localidad 
insert into Localidad (NombreLocalidad, IDDisciplina, Calle, Numero, Ciudad, Pais, Aforo, Tipo) values ('Estadio Olímpico', 111, 'Plaza de la República', 74, 'París', 'Túnez', 5000, 'Granja');
insert into Localidad (NombreLocalidad, IDDisciplina, Calle, Numero, Ciudad, Pais, Aforo, Tipo) values ('Velódromo', 16, 'Calle del Arco', 40, 'Ciudad de México', 'Belice', 250, 'Estadio');
insert into Localidad (NombreLocalidad, IDDisciplina, Calle, Numero, Ciudad, Pais, Aforo, Tipo) values ('Piscina Olímpica', 102, 'Calle del Mercado', 193, 'Lisboa', 'Benín', 350, 'Campo de fútbol');
insert into Localidad (NombreLocalidad, IDDisciplina, Calle, Numero, Ciudad, Pais, Aforo, Tipo) values ('Campo de Atletismo', 108, 'Paseo de los Castaños', 12, 'Hamburgo', 'Myanmar', 350, 'Piscina olímpica');
insert into Localidad (NombreLocalidad, IDDisciplina, Calle, Numero, Ciudad, Pais, Aforo, Tipo) values ('Pista de Hielo', 42, 'Calle Santa María', 159, 'La Habana', 'Uganda', 399, 'Piscina olímpica');
insert into Localidad (NombreLocalidad, IDDisciplina, Calle, Numero, Ciudad, Pais, Aforo, Tipo) values ('Cancha de Tenis', 104, 'Calle de la Esperanza', 147, 'Bogotá', 'Singapur', 2000, 'Estadio');
insert into Localidad (NombreLocalidad, IDDisciplina, Calle, Numero, Ciudad, Pais, Aforo, Tipo) values ('Campo de Golf', 148, 'Ronda de la Muralla', 53, 'Lima', 'Sierra Leona', 200, 'Gimnasio al aire libre');
insert into Localidad (NombreLocalidad, IDDisciplina, Calle, Numero, Ciudad, Pais, Aforo, Tipo) values ('Pista de Esquí', 63, 'Ronda de las Flores', 26, 'Toronto', 'Costa de Marfil', 300, 'Gimnasio al aire libre');
insert into Localidad (NombreLocalidad, IDDisciplina, Calle, Numero, Ciudad, Pais, Aforo, Tipo) values ('Gimnasio Multideportivo', 127, 'Paseo de las Moreras', 15, 'Dublín', 'Baréin', 200, 'Plaza');
insert into Localidad (NombreLocalidad, IDDisciplina, Calle, Numero, Ciudad, Pais, Aforo, Tipo) values ('Pista de BMX', 113, 'Ronda de los Jardines', 199, 'Ciudad de México', 'Japón', 1500, 'Gimnasio al aire libre');
insert into Localidad (NombreLocalidad, IDDisciplina, Calle, Numero, Ciudad, Pais, Aforo, Tipo) values ('Skatepark', 27, 'Ronda Este', 57, 'Lima', 'Papúa Nueva Guinea', 1500, 'Gimnasio al aire libre');
insert into Localidad (NombreLocalidad, IDDisciplina, Calle, Numero, Ciudad, Pais, Aforo, Tipo) values ('Circuito de Carreras', 125, 'Plaza de España', 30, 'Buenos Aires', 'Lesoto', 750, 'Estadio');
insert into Localidad (NombreLocalidad, IDDisciplina, Calle, Numero, Ciudad, Pais, Aforo, Tipo) values ('Centro Ecuestre', 44, 'Plaza de la Merced', 109, 'Sídney', 'Jordania', 5000, 'Playa');
insert into Localidad (NombreLocalidad, IDDisciplina, Calle, Numero, Ciudad, Pais, Aforo, Tipo) values ('Campo de Tiro con Arco', 54, 'Avenida de la Cultura', 113, 'Londres', 'Burundi', 300, 'Piscina olímpica');
insert into Localidad (NombreLocalidad, IDDisciplina, Calle, Numero, Ciudad, Pais, Aforo, Tipo) values ('Pista de Bobsleigh', 45, 'Calle del Prado', 10, 'París', 'Somalia', 100, 'Gimnasio al aire libre');
insert into Localidad (NombreLocalidad, IDDisciplina, Calle, Numero, Ciudad, Pais, Aforo, Tipo) values ('Cancha de Voleibol de Playa', 120, 'Plaza de la República', 64, 'Londres', 'Laos', 100, 'Campo de fútbol');
insert into Localidad (NombreLocalidad, IDDisciplina, Calle, Numero, Ciudad, Pais, Aforo, Tipo) values ('Centro de Remo', 7, 'Calle del Comercio', 161, 'Milán', 'Macedonia del Norte', 5000, 'Piscina');
insert into Localidad (NombreLocalidad, IDDisciplina, Calle, Numero, Ciudad, Pais, Aforo, Tipo) values ('Pista de Patinaje', 76, 'Calle del Molino', 49, 'Bangkok', 'Argelia', 400, 'Pista de tenis');
insert into Localidad (NombreLocalidad, IDDisciplina, Calle, Numero, Ciudad, Pais, Aforo, Tipo) values ('Dojo de Artes Marciales', 92, 'Ronda de la Muralla', 129, 'Marsella', 'Kuwait', 800, 'Piscina olímpica');
insert into Localidad (NombreLocalidad, IDDisciplina, Calle, Numero, Ciudad, Pais, Aforo, Tipo) values ('Cancha de Baloncesto', 150, 'Avenida de los Robles', 92, 'Toronto', 'España', 100, 'Estadio');
insert into Localidad (NombreLocalidad, IDDisciplina, Calle, Numero, Ciudad, Pais, Aforo, Tipo) values ('Campo de Béisbol', 22, 'Calle de la Iglesia', 173, 'La Habana', 'Camboya', 800, 'Hipódromo');
insert into Localidad (NombreLocalidad, IDDisciplina, Calle, Numero, Ciudad, Pais, Aforo, Tipo) values ('Pista de Karting', 41, 'Avenida del Progreso', 98, 'Dublín', 'Líbano', 120, 'Campo de fútbol');
insert into Localidad (NombreLocalidad, IDDisciplina, Calle, Numero, Ciudad, Pais, Aforo, Tipo) values ('Centro de Escalada', 111, 'Plaza de la Constitución', 43, 'Mumbai', 'República Checa', 750, 'Gimnasio al aire libre');
insert into Localidad (NombreLocalidad, IDDisciplina, Calle, Numero, Ciudad, Pais, Aforo, Tipo) values ('Pista de Motocross', 2, 'Ronda Este', 133, 'Santiago', 'Turkmenistán', 500, 'Piscina olímpica');
insert into Localidad (NombreLocalidad, IDDisciplina, Calle, Numero, Ciudad, Pais, Aforo, Tipo) values ('Campo de Rugby', 141, 'Calle San José', 10, 'Sídney', 'Eslovaquia', 750, 'Gimnasio al aire libre');
insert into Localidad (NombreLocalidad, IDDisciplina, Calle, Numero, Ciudad, Pais, Aforo, Tipo) values ('Pista de Atletismo Indoor', 49, 'Calle del Olivo', 40, 'Milán', 'Bahamas', 100, 'Campo de fútbol');
insert into Localidad (NombreLocalidad, IDDisciplina, Calle, Numero, Ciudad, Pais, Aforo, Tipo) values ('Cancha de Squash', 136, 'Paseo de los Tilos', 133, 'Montreal', 'Tailandia', 400, 'Gimnasio al aire libre');
insert into Localidad (NombreLocalidad, IDDisciplina, Calle, Numero, Ciudad, Pais, Aforo, Tipo) values ('Campo de Hockey sobre Hierba', 13, 'Plaza de la República', 115, 'Seúl', 'Corea del Norte', 1500, 'Gimnasio al aire libre');
insert into Localidad (NombreLocalidad, IDDisciplina, Calle, Numero, Ciudad, Pais, Aforo, Tipo) values ('Pista de Luge', 37, 'Calle Nueva', 52, 'Zúrich', 'Turkmenistán', 399, 'Gimnasio al aire libre');
insert into Localidad (NombreLocalidad, IDDisciplina, Calle, Numero, Ciudad, Pais, Aforo, Tipo) values ('Centro de Vela', 24, 'Avenida de los Naranjos', 34, 'Estocolmo', 'Irlanda', 2000, 'Piscina olímpica');
insert into Localidad (NombreLocalidad, IDDisciplina, Calle, Numero, Ciudad, Pais, Aforo, Tipo) values ('Cancha de Balonmano', 73, 'Calle Santa María', 33, 'Hamburgo', 'España', 120, 'Piscina olímpica');
insert into Localidad (NombreLocalidad, IDDisciplina, Calle, Numero, Ciudad, Pais, Aforo, Tipo) values ('Pista de Curling', 121, 'Plaza de la Concordia', 70, 'Helsinki', 'Chile', 120, 'Piscina olímpica');
insert into Localidad (NombreLocalidad, IDDisciplina, Calle, Numero, Ciudad, Pais, Aforo, Tipo) values ('Campo de Críquet', 4, 'Paseo de las Moreras', 59, 'Madrid', 'Botsuana', 5000, 'Campo de fútbol');
insert into Localidad (NombreLocalidad, IDDisciplina, Calle, Numero, Ciudad, Pais, Aforo, Tipo) values ('Centro de Boxeo', 6, 'Calle de la Luz', 181, 'Lima', 'Lesoto', 399, 'Gimnasio al aire libre');
insert into Localidad (NombreLocalidad, IDDisciplina, Calle, Numero, Ciudad, Pais, Aforo, Tipo) values ('Pista de Ciclismo de Montaña', 83, 'Avenida de las Acacias', 133, 'Moscú', 'Panamá', 400, 'Piscina olímpica');
insert into Localidad (NombreLocalidad, IDDisciplina, Calle, Numero, Ciudad, Pais, Aforo, Tipo) values ('Campo de Polo', 82, 'Paseo de los Castaños', 22, 'Johannesburgo', 'Camerún', 399, 'Gimnasio al aire libre');
insert into Localidad (NombreLocalidad, IDDisciplina, Calle, Numero, Ciudad, Pais, Aforo, Tipo) values ('Pista de Snowboard', 5, 'Calle San José', 49, 'Johannesburgo', 'Ghana', 250, 'Campo de fútbol');
insert into Localidad (NombreLocalidad, IDDisciplina, Calle, Numero, Ciudad, Pais, Aforo, Tipo) values ('Centro de Halterofilia', 120, 'Calle del Pozo', 76, 'Lisboa', 'Indonesia', 575, 'Piscina olímpica');
insert into Localidad (NombreLocalidad, IDDisciplina, Calle, Numero, Ciudad, Pais, Aforo, Tipo) values ('Cancha de Pádel', 28, 'Avenida del Parque', 157, 'Toronto', 'Suazilandia', 250, 'Estadio');
insert into Localidad (NombreLocalidad, IDDisciplina, Calle, Numero, Ciudad, Pais, Aforo, Tipo) values ('Pista de Patinaje Artístico', 60, 'Ronda del Castillo', 88, 'Nueva York', 'Albania', 120, 'Gimnasio al aire libre');
insert into Localidad (NombreLocalidad, IDDisciplina, Calle, Numero, Ciudad, Pais, Aforo, Tipo) values ('Campo de Lacrosse', 114, 'Paseo de los Castaños', 43, 'Lima', 'Armenia', 1500, 'Hacienda');
insert into Localidad (NombreLocalidad, IDDisciplina, Calle, Numero, Ciudad, Pais, Aforo, Tipo) values ('Centro de Gimnasia', 7, 'Paseo de las Acacias', 129, 'Copenhague', 'Benín', 2000, 'Gimnasio al aire libre');
insert into Localidad (NombreLocalidad, IDDisciplina, Calle, Numero, Ciudad, Pais, Aforo, Tipo) values ('Pista de Skeleton', 70, 'Paseo de los Tilos', 11, 'Viena', 'Congo', 5000, 'Estadio');
insert into Localidad (NombreLocalidad, IDDisciplina, Calle, Numero, Ciudad, Pais, Aforo, Tipo) values ('Cancha de Fútbol Sala', 52, 'Calle del Laurel', 82, 'Estocolmo', 'Eritrea', 5000, 'Gimnasio al aire libre');
insert into Localidad (NombreLocalidad, IDDisciplina, Calle, Numero, Ciudad, Pais, Aforo, Tipo) values ('Campo de Softbol', 36, 'Calle Real', 90, 'Roma', 'Malaui', 500, 'Campo de fútbol');
insert into Localidad (NombreLocalidad, IDDisciplina, Calle, Numero, Ciudad, Pais, Aforo, Tipo) values ('Pista de Saltos de Esquí', 85, 'Paseo de los Castaños', 21, 'Vancouver', 'Japón', 2000, 'Río');
insert into Localidad (NombreLocalidad, IDDisciplina, Calle, Numero, Ciudad, Pais, Aforo, Tipo) values ('Centro de Taekwondo', 102, 'Calle del Puente', 66, 'París', 'Mozambique', 120, 'Estadio');
insert into Localidad (NombreLocalidad, IDDisciplina, Calle, Numero, Ciudad, Pais, Aforo, Tipo) values ('Cancha de Bádminton', 80, 'Calle del Carmen', 23, 'Mumbai', 'Alemania', 350, 'Gimnasio al aire libre');
insert into Localidad (NombreLocalidad, IDDisciplina, Calle, Numero, Ciudad, Pais, Aforo, Tipo) values ('Campo de Ultimate Frisbee', 131, 'Plaza de la Merced', 129, 'Lisboa', 'Bahamas', 100, 'Gimnasio al aire libre');
insert into Localidad (NombreLocalidad, IDDisciplina, Calle, Numero, Ciudad, Pais, Aforo, Tipo) values ('Centro de Pentatlón Moderno', 66, 'Calle San Pedro', 199, 'Ámsterdam', 'Uruguay', 575, 'Campo de fútbol');
insert into Localidad (NombreLocalidad, IDDisciplina, Calle, Numero, Ciudad, Pais, Aforo, Tipo) values ('Pista de Trineo', 66, 'Paseo del Prado', 13, 'Ciudad de México', 'Surinam', 500, 'Piscina olímpica');
insert into Localidad (NombreLocalidad, IDDisciplina, Calle, Numero, Ciudad, Pais, Aforo, Tipo) values ('Cancha de Netball', 24, 'Calle del Pino', 137, 'Dubái', 'República Checa', 250, 'Campo de fútbol');
insert into Localidad (NombreLocalidad, IDDisciplina, Calle, Numero, Ciudad, Pais, Aforo, Tipo) values ('Campo de Tiro al Plato', 90, 'Calle Estrecha', 131, 'Edimburgo', 'Camboya', 500, 'Gimnasio al aire libre');
insert into Localidad (NombreLocalidad, IDDisciplina, Calle, Numero, Ciudad, Pais, Aforo, Tipo) values ('Pista de Biatlón', 24, 'Paseo de los Olmos', 35, 'Berlín', 'Macedonia del Norte', 1500, 'Playa');
insert into Localidad (NombreLocalidad, IDDisciplina, Calle, Numero, Ciudad, Pais, Aforo, Tipo) values ('Centro de Esgrima', 114, 'Calle San Francisco', 145, 'Buenos Aires', 'Haití', 575, 'Campo de fútbol');
insert into Localidad (NombreLocalidad, IDDisciplina, Calle, Numero, Ciudad, Pais, Aforo, Tipo) values ('Cancha de Racquetball', 42, 'Paseo del Prado', 155, 'La Habana', 'Myanmar', 800, 'Piscina olímpica');
insert into Localidad (NombreLocalidad, IDDisciplina, Calle, Numero, Ciudad, Pais, Aforo, Tipo) values ('Pista de Patinaje de Velocidad', 6, 'Plaza de la República', 123, 'Seúl', 'Serbia', 400, 'Playa');
insert into Localidad (NombreLocalidad, IDDisciplina, Calle, Numero, Ciudad, Pais, Aforo, Tipo) values ('Campo de Waterpolo', 46, 'Avenida Principal', 151, 'Praga', 'Suiza', 800, 'Piscina olímpica');
insert into Localidad (NombreLocalidad, IDDisciplina, Calle, Numero, Ciudad, Pais, Aforo, Tipo) values ('Centro de Lucha Libre', 13, 'Paseo de las Acacias', 200, 'Lima', 'Filipinas', 5000, 'Gimnasio al aire libre');
insert into Localidad (NombreLocalidad, IDDisciplina, Calle, Numero, Ciudad, Pais, Aforo, Tipo) values ('Pista de Freestyle Skiing', 118, 'Calle de la Palma', 30, 'Atenas', 'Turkmenistán', 1500, 'Piscina olímpica');
insert into Localidad (NombreLocalidad, IDDisciplina, Calle, Numero, Ciudad, Pais, Aforo, Tipo) values ('Cancha de Pelota Vasca', 148, 'Plaza Mayor', 50, 'Bogotá', 'Costa Rica', 250, 'Campo de fútbol');
insert into Localidad (NombreLocalidad, IDDisciplina, Calle, Numero, Ciudad, Pais, Aforo, Tipo) values ('Campo de Croquet', 128, 'Calle San Pedro', 109, 'Bruselas', 'Uzbekistán', 300, 'Campo de fútbol');
insert into Localidad (NombreLocalidad, IDDisciplina, Calle, Numero, Ciudad, Pais, Aforo, Tipo) values ('Centro de Judo', 26, 'Avenida de las Flores', 76, 'Ámsterdam', 'Ucrania', 350, 'Campo de fútbol');
insert into Localidad (NombreLocalidad, IDDisciplina, Calle, Numero, Ciudad, Pais, Aforo, Tipo) values ('Pista de Slalom', 114, 'Avenida Principal', 113, 'Estocolmo', 'Japón', 100, 'Gimnasio al aire libre');
insert into Localidad (NombreLocalidad, IDDisciplina, Calle, Numero, Ciudad, Pais, Aforo, Tipo) values ('Cancha de Korfball', 131, 'Paseo de los Castaños', 58, 'Río de Janeiro', 'Finlandia', 350, 'Campo de fútbol');
insert into Localidad (NombreLocalidad, IDDisciplina, Calle, Numero, Ciudad, Pais, Aforo, Tipo) values ('Campo de Polo Acuático', 9, 'Calle Real', 48, 'Montreal', 'Jamaica', 2000, 'Gimnasio al aire libre');
insert into Localidad (NombreLocalidad, IDDisciplina, Calle, Numero, Ciudad, Pais, Aforo, Tipo) values ('Pista de Snowboard Cross', 9, 'Avenida de la Libertad', 92, 'Dubái', 'Guinea', 200, 'Gimnasio al aire libre');
insert into Localidad (NombreLocalidad, IDDisciplina, Calle, Numero, Ciudad, Pais, Aforo, Tipo) values ('Centro de Tiro Deportivo', 26, 'Avenida de los Álamos', 199, 'Montreal', 'Kuwait', 399, 'Gimnasio al aire libre');
insert into Localidad (NombreLocalidad, IDDisciplina, Calle, Numero, Ciudad, Pais, Aforo, Tipo) values ('Cancha de Sepak Takraw', 61, 'Avenida de la Estación', 49, 'Barcelona', 'Francia', 200, 'Piscina olímpica');
insert into Localidad (NombreLocalidad, IDDisciplina, Calle, Numero, Ciudad, Pais, Aforo, Tipo) values ('Campo de Fútbol Americano', 31, 'Ronda de las Flores', 35, 'Caracas', 'Hungría', 100, 'Campo de fútbol');
insert into Localidad (NombreLocalidad, IDDisciplina, Calle, Numero, Ciudad, Pais, Aforo, Tipo) values ('Pista de Aeróbic', 84, 'Plaza de España', 36, 'Sídney', 'Irán', 300, 'Gimnasio al aire libre');
insert into Localidad (NombreLocalidad, IDDisciplina, Calle, Numero, Ciudad, Pais, Aforo, Tipo) values ('Centro de Gimnasia Rítmica', 86, 'Ronda Norte', 145, 'Tokio', 'Vanuatu', 120, 'Gimnasio al aire libre');
insert into Localidad (NombreLocalidad, IDDisciplina, Calle, Numero, Ciudad, Pais, Aforo, Tipo) values ('Cancha de Futsal', 113, 'Avenida de la Universidad', 55, 'Johannesburgo', 'Yibuti', 200, 'Campo de fútbol');
insert into Localidad (NombreLocalidad, IDDisciplina, Calle, Numero, Ciudad, Pais, Aforo, Tipo) values ('Pista de Patinaje de Velocidad en Pista Corta', 93, 'Plaza de la Constitución', 29, 'París', 'Suiza', 399, 'Piscina olímpica');
insert into Localidad (NombreLocalidad, IDDisciplina, Calle, Numero, Ciudad, Pais, Aforo, Tipo) values ('Campo de Hurling', 89, 'Calle Ancha', 11, 'Pekín', 'Serbia', 300, 'Pista de patinaje');
insert into Localidad (NombreLocalidad, IDDisciplina, Calle, Numero, Ciudad, Pais, Aforo, Tipo) values ('Centro de Karate', 19, 'Ronda del Castillo', 197, 'Estocolmo', 'Zambia', 120, 'Gimnasio al aire libre');
insert into Localidad (NombreLocalidad, IDDisciplina, Calle, Numero, Ciudad, Pais, Aforo, Tipo) values ('Pista de Esquí Acrobático', 141, 'Calle del Agua', 72, 'Singapur', 'Serbia', 5000, 'Gimnasio al aire libre');
insert into Localidad (NombreLocalidad, IDDisciplina, Calle, Numero, Ciudad, Pais, Aforo, Tipo) values ('Cancha de Tchoukball', 30, 'Calle del Agua', 107, 'Mumbai', 'Chipre', 200, 'Piscina olímpica');
insert into Localidad (NombreLocalidad, IDDisciplina, Calle, Numero, Ciudad, Pais, Aforo, Tipo) values ('Campo de Kabaddi', 19, 'Calle de la Iglesia', 54, 'La Habana', 'Camerún', 2000, 'Gimnasio al aire libre');
insert into Localidad (NombreLocalidad, IDDisciplina, Calle, Numero, Ciudad, Pais, Aforo, Tipo) values ('Pista de Luge Natural', 110, 'Calle del Sol', 36, 'Estocolmo', 'Bangladés', 2000, 'Puerto');
insert into Localidad (NombreLocalidad, IDDisciplina, Calle, Numero, Ciudad, Pais, Aforo, Tipo) values ('Centro de Wushu', 20, 'Calle del Prado', 46, 'Barcelona', 'Chipre', 120, 'Piscina olímpica');
insert into Localidad (NombreLocalidad, IDDisciplina, Calle, Numero, Ciudad, Pais, Aforo, Tipo) values ('Cancha de Floorball', 41, 'Calle Santa María', 169, 'Oslo', 'Israel', 399, 'Playa');
insert into Localidad (NombreLocalidad, IDDisciplina, Calle, Numero, Ciudad, Pais, Aforo, Tipo) values ('Campo de Gaelic Football', 11, 'Avenida de los Robles', 86, 'Atenas', 'Grecia', 399, 'Estadio');
insert into Localidad (NombreLocalidad, IDDisciplina, Calle, Numero, Ciudad, Pais, Aforo, Tipo) values ('Centro de Sumo', 89, 'Avenida de la Libertad', 62, 'Hamburgo', 'Bosnia y Herzegovina', 2000, 'Campo de fútbol');
insert into Localidad (NombreLocalidad, IDDisciplina, Calle, Numero, Ciudad, Pais, Aforo, Tipo) values ('Cancha de Jai Alai', 126, 'Calle de la Estrella', 163, 'Bogotá', 'Países Bajos', 5000, 'Campo de fútbol');
insert into Localidad (NombreLocalidad, IDDisciplina, Calle, Numero, Ciudad, Pais, Aforo, Tipo) values ('Campo de Aussie Rules Football', 117, 'Calle Estrecha', 51, 'Nueva York', 'Luxemburgo', 500, 'Gimnasio al aire libre');
insert into Localidad (NombreLocalidad, IDDisciplina, Calle, Numero, Ciudad, Pais, Aforo, Tipo) values ('Pista de Patinaje de Descenso', 59, 'Plaza de la Libertad', 45, 'Seúl', 'Nigeria', 1500, 'Campo de fútbol');
insert into Localidad (NombreLocalidad, IDDisciplina, Calle, Numero, Ciudad, Pais, Aforo, Tipo) values ('Centro de Sambo', 119, 'Avenida de la Paz', 82, 'Estocolmo', 'Gambia', 200, 'Gimnasio al aire libre');
insert into Localidad (NombreLocalidad, IDDisciplina, Calle, Numero, Ciudad, Pais, Aforo, Tipo) values ('Cancha de Pelota Mixteca', 60, 'Avenida de los Robles', 197, 'Praga', 'República Democrática del Congo', 5000, 'Gimnasio al aire libre');
insert into Localidad (NombreLocalidad, IDDisciplina, Calle, Numero, Ciudad, Pais, Aforo, Tipo) values ('Campo de Bandy', 141, 'Calle del Castillo', 26, 'Johannesburgo', 'Polonia', 2000, 'Gimnasio al aire libre');
insert into Localidad (NombreLocalidad, IDDisciplina, Calle, Numero, Ciudad, Pais, Aforo, Tipo) values ('Pista de Esquí de Fondo', 118, 'Ronda de los Jardines', 70, 'Moscú', 'Kuwait', 1500, 'Campo de fútbol');
insert into Localidad (NombreLocalidad, IDDisciplina, Calle, Numero, Ciudad, Pais, Aforo, Tipo) values ('Centro de Kickboxing', 118, 'Calle de la Estrella', 66, 'Zúrich', 'Níger', 350, 'Piscina olímpica');
insert into Localidad (NombreLocalidad, IDDisciplina, Calle, Numero, Ciudad, Pais, Aforo, Tipo) values ('Cancha de Pelota Purépecha', 129, 'Calle del Sol', 161, 'Copenhague', 'Qatar', 575, 'Gimnasio al aire libre');
insert into Localidad (NombreLocalidad, IDDisciplina, Calle, Numero, Ciudad, Pais, Aforo, Tipo) values ('Campo de Shinty', 115, 'Ronda del Castillo', 55, 'Berlín', 'Puerto Rico', 500, 'Pista de atletismo');
insert into Localidad (NombreLocalidad, IDDisciplina, Calle, Numero, Ciudad, Pais, Aforo, Tipo) values ('Pista de Esquí Alpino', 136, 'Calle del Laurel', 46, 'Vancouver', 'Pakistán', 120, 'Estadio');
insert into Localidad (NombreLocalidad, IDDisciplina, Calle, Numero, Ciudad, Pais, Aforo, Tipo) values ('Centro de Muay Thai', 35, 'Avenida de los Naranjos', 98, 'Nápoles', 'Venezuela', 800, 'Gimnasio al aire libre');
insert into Localidad (NombreLocalidad, IDDisciplina, Calle, Numero, Ciudad, Pais, Aforo, Tipo) values ('Cancha de Goalball', 27, 'Calle del Viento', 171, 'Lima', 'Lesoto', 350, 'Gimnasio al aire libre');
insert into Localidad (NombreLocalidad, IDDisciplina, Calle, Numero, Ciudad, Pais, Aforo, Tipo) values ('Campo de Pesäpallo', 12, 'Calle Baja', 167, 'Moscú', 'Reino Unido', 800, 'Campo de fútbol');
insert into Localidad (NombreLocalidad, IDDisciplina, Calle, Numero, Ciudad, Pais, Aforo, Tipo) values ('Pista de Patinaje en Línea', 91, 'Avenida de las Palmeras', 78, 'Viena', 'Níger', 575, 'Gimnasio al aire libre');
insert into Localidad (NombreLocalidad, IDDisciplina, Calle, Numero, Ciudad, Pais, Aforo, Tipo) values ('Centro de Aikido', 1, 'Calle San Francisco', 26, 'Edimburgo', 'Chipre', 350, 'Piscina olímpica');
insert into Localidad (NombreLocalidad, IDDisciplina, Calle, Numero, Ciudad, Pais, Aforo, Tipo) values ('Cancha de Pickleball', 8, 'Calle del Puente', 165, 'Montreal', 'Burundi', 575, 'Campo de fútbol');
insert into Localidad (NombreLocalidad, IDDisciplina, Calle, Numero, Ciudad, Pais, Aforo, Tipo) values ('Campo de Quidditch', 109, 'Calle San Juan', 117, 'Bogotá', 'Kuwait', 5000, 'Estadio');
insert into Localidad (NombreLocalidad, IDDisciplina, Calle, Numero, Ciudad, Pais, Aforo, Tipo) values ('Pista de Esquí Nórdico Combinado', 94, 'Calle Santo Domingo', 98, 'Múnich', 'Siria', 399, 'Estudio de danza');
insert into Localidad (NombreLocalidad, IDDisciplina, Calle, Numero, Ciudad, Pais, Aforo, Tipo) values ('Centro de Kendo', 103, 'Calle Santo Domingo', 28, 'Madrid', 'Senegal', 750, 'Auditorio');
insert into Localidad (NombreLocalidad, IDDisciplina, Calle, Numero, Ciudad, Pais, Aforo, Tipo) values ('Cancha de Rounders', 145, 'Avenida de la Paz', 49, 'Singapur', 'Benín', 100, 'Skatepark');
insert into Localidad (NombreLocalidad, IDDisciplina, Calle, Numero, Ciudad, Pais, Aforo, Tipo) values ('Campo de Fistball', 78, 'Avenida de la Cultura', 48, 'Tokio', 'Zimbabue', 400, 'Piscina olímpica');
insert into Localidad (NombreLocalidad, IDDisciplina, Calle, Numero, Ciudad, Pais, Aforo, Tipo) values ('Centro de Jiu-Jitsu', 111, 'Calle Estrecha', 113, 'Montreal', 'Sudán del Sur', 399, 'Centro de yoga');
insert into Localidad (NombreLocalidad, IDDisciplina, Calle, Numero, Ciudad, Pais, Aforo, Tipo) values ('Cancha de Tamburello', 130, 'Ronda Norte', 159, 'París', 'Jamaica', 399, 'Gimnasio al aire libre');
insert into Localidad (NombreLocalidad, IDDisciplina, Calle, Numero, Ciudad, Pais, Aforo, Tipo) values ('Pista de Esquí Acuático', 6, 'Paseo de los Tilos', 27, 'Caracas', 'Jamaica', 2000, 'Piscina olímpica');
insert into Localidad (NombreLocalidad, IDDisciplina, Calle, Numero, Ciudad, Pais, Aforo, Tipo) values ('Centro de Capoeira', 50, 'Paseo de los Castaños', 74, 'Moscú', 'Guinea-Bisáu', 399, 'Gimnasio al aire libre');
insert into Localidad (NombreLocalidad, IDDisciplina, Calle, Numero, Ciudad, Pais, Aforo, Tipo) values ('Campo de Sepak Takraw', 58, 'Calle del Pilar', 189, 'Milán', 'República Democrática del Congo', 100, 'Centro de yoga');
insert into Localidad (NombreLocalidad, IDDisciplina, Calle, Numero, Ciudad, Pais, Aforo, Tipo) values ('Centro de Wing Chun', 65, 'Calle del Huerto', 74, 'Dublín', 'Vanuatu', 2000, 'Gimnasio al aire libre');
insert into Localidad (NombreLocalidad, IDDisciplina, Calle, Numero, Ciudad, Pais, Aforo, Tipo) values ('Cancha de Boccia', 54, 'Calle de la Fuente', 163, 'Toronto', 'Guatemala', 399, 'Gimnasio al aire libre');
insert into Localidad (NombreLocalidad, IDDisciplina, Calle, Numero, Ciudad, Pais, Aforo, Tipo) values ('Campo de Gateball', 143, 'Avenida de la Libertad', 137, 'Varsovia', 'Islas Salomón', 1500, 'Gimnasio al aire libre');
insert into Localidad (NombreLocalidad, IDDisciplina, Calle, Numero, Ciudad, Pais, Aforo, Tipo) values ('Pista de Esquí de Travesía', 115, 'Avenida Principal', 57, 'Estambul', 'Bahamas', 200, 'Jardín botánico');
insert into Localidad (NombreLocalidad, IDDisciplina, Calle, Numero, Ciudad, Pais, Aforo, Tipo) values ('Centro de Hapkido', 100, 'Calle de la Luna', 24, 'Río de Janeiro', 'Tanzania', 200, 'Piscina olímpica');
insert into Localidad (NombreLocalidad, IDDisciplina, Calle, Numero, Ciudad, Pais, Aforo, Tipo) values ('Cancha de Pelota Tarasca', 109, 'Calle del Puente', 53, 'Hamburgo', 'Níger', 750, 'Piscina olímpica');
insert into Localidad (NombreLocalidad, IDDisciplina, Calle, Numero, Ciudad, Pais, Aforo, Tipo) values ('Campo de Bossaball', 92, 'Avenida del Parque', 34, 'Hamburgo', 'Honduras', 2000, 'Gimnasio al aire libre');
insert into Localidad (NombreLocalidad, IDDisciplina, Calle, Numero, Ciudad, Pais, Aforo, Tipo) values ('Centro de Kung Fu', 67, 'Avenida de la Cultura', 177, 'Edimburgo', 'Uruguay', 2000, 'Campo de fútbol');
insert into Localidad (NombreLocalidad, IDDisciplina, Calle, Numero, Ciudad, Pais, Aforo, Tipo) values ('Cancha de Jorkyball', 42, 'Calle de la Luz', 199, 'Buenos Aires', 'Alemania', 500, 'Piscina olímpica');
insert into Localidad (NombreLocalidad, IDDisciplina, Calle, Numero, Ciudad, Pais, Aforo, Tipo) values ('Campo de Buzkashi', 101, 'Calle del Pilar', 197, 'Madrid', 'Guinea', 800, 'Campo de fútbol');
insert into Localidad (NombreLocalidad, IDDisciplina, Calle, Numero, Ciudad, Pais, Aforo, Tipo) values ('Pista de Esquí de Estilo Libre', 39, 'Calle Alta', 49, 'Sídney', 'Kenia', 200, 'Gimnasio al aire libre');
insert into Localidad (NombreLocalidad, IDDisciplina, Calle, Numero, Ciudad, Pais, Aforo, Tipo) values ('Centro de Pencak Silat', 16, 'Avenida Principal', 36, 'Milán', 'Bélgica', 399, 'Auditorio');
insert into Localidad (NombreLocalidad, IDDisciplina, Calle, Numero, Ciudad, Pais, Aforo, Tipo) values ('Cancha de Padbol', 100, 'Calle del Horno', 94, 'Lisboa', 'Burundi', 5000, 'Campo de fútbol');
insert into Localidad (NombreLocalidad, IDDisciplina, Calle, Numero, Ciudad, Pais, Aforo, Tipo) values ('Campo de Calcio Storico', 19, 'Calle de la Paz', 54, 'Moscú', 'Polonia', 1500, 'Gimnasio');
insert into Localidad (NombreLocalidad, IDDisciplina, Calle, Numero, Ciudad, Pais, Aforo, Tipo) values ('Centro de Krav Maga', 35, 'Avenida del Parque', 151, 'Atenas', 'Bulgaria', 2000, 'Jardín comunitario');
insert into Localidad (NombreLocalidad, IDDisciplina, Calle, Numero, Ciudad, Pais, Aforo, Tipo) values ('Cancha de Futevolei', 25, 'Calle de la Iglesia', 175, 'París', 'Irlanda', 575, 'Gimnasio al aire libre');
insert into Localidad (NombreLocalidad, IDDisciplina, Calle, Numero, Ciudad, Pais, Aforo, Tipo) values ('Pista de Esquí de Fondo Sprint', 66, 'Calle San Antonio', 141, 'Praga', 'Túnez', 500, 'Gimnasio al aire libre');
insert into Localidad (NombreLocalidad, IDDisciplina, Calle, Numero, Ciudad, Pais, Aforo, Tipo) values ('Centro de Systema', 81, 'Avenida del Parque', 135, 'Sídney', 'Yemen', 800, 'Sendero natural');
insert into Localidad (NombreLocalidad, IDDisciplina, Calle, Numero, Ciudad, Pais, Aforo, Tipo) values ('Cancha de Footvolley', 61, 'Ronda del Castillo', 20, 'Barcelona', 'Estados Unidos', 5000, 'Gimnasio al aire libre');
insert into Localidad (NombreLocalidad, IDDisciplina, Calle, Numero, Ciudad, Pais, Aforo, Tipo) values ('Campo de Ulama', 137, 'Plaza de la Merced', 157, 'Toronto', 'Islandia', 120, 'Gimnasio al aire libre');
insert into Localidad (NombreLocalidad, IDDisciplina, Calle, Numero, Ciudad, Pais, Aforo, Tipo) values ('Centro de Bartitsu', 84, 'Calle de la Palma', 48, 'Lisboa', 'Armenia', 200, 'Gimnasio al aire libre');
insert into Localidad (NombreLocalidad, IDDisciplina, Calle, Numero, Ciudad, Pais, Aforo, Tipo) values ('Cancha de Biribol', 62, 'Calle del Horno', 96, 'Lima', 'Montenegro', 750, 'Piscina olímpica');
insert into Localidad (NombreLocalidad, IDDisciplina, Calle, Numero, Ciudad, Pais, Aforo, Tipo) values ('Campo de Pato', 107, 'Paseo de los Olmos', 25, 'Bogotá', 'Vietnam', 120, 'Estadio');
insert into Localidad (NombreLocalidad, IDDisciplina, Calle, Numero, Ciudad, Pais, Aforo, Tipo) values ('Centro de Keysi', 105, 'Calle de la Amargura', 145, 'Oslo', 'Malta', 800, 'Campo de fútbol');
insert into Localidad (NombreLocalidad, IDDisciplina, Calle, Numero, Ciudad, Pais, Aforo, Tipo) values ('Cancha de Faustball', 37, 'Calle de la Amargura', 169, 'Varsovia', 'Eslovenia', 250, 'Circuito de carreras');
insert into Localidad (NombreLocalidad, IDDisciplina, Calle, Numero, Ciudad, Pais, Aforo, Tipo) values ('Campo de Volata', 25, 'Calle Alta', 175, 'Moscú', 'Libia', 400, 'Campo de fútbol');
insert into Localidad (NombreLocalidad, IDDisciplina, Calle, Numero, Ciudad, Pais, Aforo, Tipo) values ('Centro de Kalaripayattu', 109, 'Calle San Francisco', 96, 'Barcelona', 'Namibia', 100, 'Gimnasio al aire libre');
insert into Localidad (NombreLocalidad, IDDisciplina, Calle, Numero, Ciudad, Pais, Aforo, Tipo) values ('Estadio Olímpico', 37, 'Ronda Oeste', 92, 'Milán', 'República Democrática del Congo', 250, 'Estadio');
insert into Localidad (NombreLocalidad, IDDisciplina, Calle, Numero, Ciudad, Pais, Aforo, Tipo) values ('Velódromo', 120, 'Calle del Agua', 76, 'Santiago', 'Turquía', 400, 'Campo de fútbol');
insert into Localidad (NombreLocalidad, IDDisciplina, Calle, Numero, Ciudad, Pais, Aforo, Tipo) values ('Piscina Olímpica', 4, 'Calle del Mercado', 86, 'Roma', 'Australia', 1500, 'Gimnasio al aire libre');
insert into Localidad (NombreLocalidad, IDDisciplina, Calle, Numero, Ciudad, Pais, Aforo, Tipo) values ('Campo de Atletismo', 141, 'Calle de la Paz', 129, 'Bruselas', 'Países Bajos', 399, 'Estadio');
insert into Localidad (NombreLocalidad, IDDisciplina, Calle, Numero, Ciudad, Pais, Aforo, Tipo) values ('Pista de Hielo', 46, 'Calle de la Estrella', 55, 'Ámsterdam', 'Togo', 1500, 'Auditorio');
insert into Localidad (NombreLocalidad, IDDisciplina, Calle, Numero, Ciudad, Pais, Aforo, Tipo) values ('Cancha de Tenis', 67, 'Calle San Antonio', 53, 'La Habana', 'Yemen', 350, 'Gimnasio al aire libre');
insert into Localidad (NombreLocalidad, IDDisciplina, Calle, Numero, Ciudad, Pais, Aforo, Tipo) values ('Campo de Golf', 19, 'Paseo Marítimo', 135, 'Santiago', 'Mauricio', 350, 'Gimnasio al aire libre');
insert into Localidad (NombreLocalidad, IDDisciplina, Calle, Numero, Ciudad, Pais, Aforo, Tipo) values ('Pista de Esquí', 17, 'Calle de la Esperanza', 147, 'Varsovia', 'Arabia Saudita', 350, 'Plaza');
insert into Localidad (NombreLocalidad, IDDisciplina, Calle, Numero, Ciudad, Pais, Aforo, Tipo) values ('Gimnasio Multideportivo', 139, 'Calle Ancha', 193, 'Londres', 'Tonga', 800, 'Piscina olímpica');
insert into Localidad (NombreLocalidad, IDDisciplina, Calle, Numero, Ciudad, Pais, Aforo, Tipo) values ('Pista de BMX', 21, 'Paseo de los Tilos', 49, 'Dublín', 'Albania', 575, 'Piscina olímpica');
insert into Localidad (NombreLocalidad, IDDisciplina, Calle, Numero, Ciudad, Pais, Aforo, Tipo) values ('Skatepark', 59, 'Calle de la Fuente', 197, 'Zúrich', 'Arabia Saudita', 350, 'Piscina olímpica');
insert into Localidad (NombreLocalidad, IDDisciplina, Calle, Numero, Ciudad, Pais, Aforo, Tipo) values ('Circuito de Carreras', 9, 'Ronda del Parque', 191, 'Vancouver', 'Tailandia', 5000, 'Campo de golf');

-- Tuplas para Evento
insert into Evento (IDEvento, NombreLocalidad, IDDisciplina, DuracionMax, Precio, FechaEvento, Fase) values (1, 'Centro de Esgrima', 82, 16, 175, '2024-02-24', 2);
insert into Evento (IDEvento, NombreLocalidad, IDDisciplina, DuracionMax, Precio, FechaEvento, Fase) values (2, 'Cancha de Voleibol de Playa', 6, 3, 300, '2024-02-18', 3);
insert into Evento (IDEvento, NombreLocalidad, IDDisciplina, DuracionMax, Precio, FechaEvento, Fase) values (3, 'Velódromo', 18, 12, 78, '2024-03-15', 1);
insert into Evento (IDEvento, NombreLocalidad, IDDisciplina, DuracionMax, Precio, FechaEvento, Fase) values (4, 'Campo de Ulama', 97, 24, 175, '2024-03-01', 3);
insert into Evento (IDEvento, NombreLocalidad, IDDisciplina, DuracionMax, Precio, FechaEvento, Fase) values (5, 'Campo de Pato', 25, 8, 650, '2023-10-31', 3);
insert into Evento (IDEvento, NombreLocalidad, IDDisciplina, DuracionMax, Precio, FechaEvento, Fase) values (6, 'Pista de Slalom', 141, 24, 100, '2024-07-12', 1);
insert into Evento (IDEvento, NombreLocalidad, IDDisciplina, DuracionMax, Precio, FechaEvento, Fase) values (7, 'Pista de Esquí de Fondo', 109, 9, 78, '2023-10-31', 1);
insert into Evento (IDEvento, NombreLocalidad, IDDisciplina, DuracionMax, Precio, FechaEvento, Fase) values (8, 'Campo de Ultimate Frisbee', 149, 24, 175, '2024-04-05', 2);
insert into Evento (IDEvento, NombreLocalidad, IDDisciplina, DuracionMax, Precio, FechaEvento, Fase) values (9, 'Cancha de Futevolei', 134, 9, 400, '2024-02-12', 2);
insert into Evento (IDEvento, NombreLocalidad, IDDisciplina, DuracionMax, Precio, FechaEvento, Fase) values (10, 'Pista de Bobsleigh', 136, 24, 750, '2024-08-18', 2);
insert into Evento (IDEvento, NombreLocalidad, IDDisciplina, DuracionMax, Precio, FechaEvento, Fase) values (11, 'Centro de Kendo', 47, 24, 850, '2024-07-18', 1);
insert into Evento (IDEvento, NombreLocalidad, IDDisciplina, DuracionMax, Precio, FechaEvento, Fase) values (12, 'Pista de Biatlón', 93, 3, 100, '2024-06-23', 1);
insert into Evento (IDEvento, NombreLocalidad, IDDisciplina, DuracionMax, Precio, FechaEvento, Fase) values (13, 'Cancha de Floorball', 85, 9, 350, '2024-02-23', 1);
insert into Evento (IDEvento, NombreLocalidad, IDDisciplina, DuracionMax, Precio, FechaEvento, Fase) values (14, 'Cancha de Pelota Mixteca', 72, 8, 375, '2023-11-14', 2);
insert into Evento (IDEvento, NombreLocalidad, IDDisciplina, DuracionMax, Precio, FechaEvento, Fase) values (15, 'Cancha de Sepak Takraw', 43, 3, 175, '2023-10-22', 1);
insert into Evento (IDEvento, NombreLocalidad, IDDisciplina, DuracionMax, Precio, FechaEvento, Fase) values (16, 'Cancha de Bádminton', 105, 8, 300, '2024-04-05', 1);
insert into Evento (IDEvento, NombreLocalidad, IDDisciplina, DuracionMax, Precio, FechaEvento, Fase) values (17, 'Pista de Motocross', 43, 9, 75, '2024-09-30', 1);
insert into Evento (IDEvento, NombreLocalidad, IDDisciplina, DuracionMax, Precio, FechaEvento, Fase) values (18, 'Cancha de Futsal', 56, 8, 300, '2024-02-04', 2);
insert into Evento (IDEvento, NombreLocalidad, IDDisciplina, DuracionMax, Precio, FechaEvento, Fase) values (19, 'Centro de Aikido', 136, 9, 650, '2024-08-17', 3);
insert into Evento (IDEvento, NombreLocalidad, IDDisciplina, DuracionMax, Precio, FechaEvento, Fase) values (20, 'Centro de Taekwondo', 17, 6, 450, '2024-09-28', 3);
insert into Evento (IDEvento, NombreLocalidad, IDDisciplina, DuracionMax, Precio, FechaEvento, Fase) values (21, 'Cancha de Pickleball', 5, 3, 550, '2024-01-31', 1);
insert into Evento (IDEvento, NombreLocalidad, IDDisciplina, DuracionMax, Precio, FechaEvento, Fase) values (22, 'Cancha de Faustball', 111, 16, 200, '2024-10-02', 3);
insert into Evento (IDEvento, NombreLocalidad, IDDisciplina, DuracionMax, Precio, FechaEvento, Fase) values (23, 'Campo de Volata', 10, 12, 650, '2024-03-08', 2);
insert into Evento (IDEvento, NombreLocalidad, IDDisciplina, DuracionMax, Precio, FechaEvento, Fase) values (24, 'Cancha de Futsal', 129, 8, 850, '2023-12-11', 2);
insert into Evento (IDEvento, NombreLocalidad, IDDisciplina, DuracionMax, Precio, FechaEvento, Fase) values (25, 'Cancha de Voleibol de Playa', 51, 6, 100, '2024-09-07', 1);
insert into Evento (IDEvento, NombreLocalidad, IDDisciplina, DuracionMax, Precio, FechaEvento, Fase) values (26, 'Pista de Luge', 69, 6, 300, '2024-05-16', 1);
insert into Evento (IDEvento, NombreLocalidad, IDDisciplina, DuracionMax, Precio, FechaEvento, Fase) values (27, 'Estadio Olímpico', 149, 6, 850, '2024-05-22', 1);
insert into Evento (IDEvento, NombreLocalidad, IDDisciplina, DuracionMax, Precio, FechaEvento, Fase) values (28, 'Pista de Esquí Alpino', 107, 16, 175, '2024-07-03', 1);
insert into Evento (IDEvento, NombreLocalidad, IDDisciplina, DuracionMax, Precio, FechaEvento, Fase) values (29, 'Cancha de Pelota Purépecha', 38, 16, 175, '2024-03-16', 3);
insert into Evento (IDEvento, NombreLocalidad, IDDisciplina, DuracionMax, Precio, FechaEvento, Fase) values (30, 'Centro de Lucha Libre', 64, 24, 900, '2023-10-30', 2);
insert into Evento (IDEvento, NombreLocalidad, IDDisciplina, DuracionMax, Precio, FechaEvento, Fase) values (31, 'Centro de Kickboxing', 16, 9, 650, '2023-11-22', 3);
insert into Evento (IDEvento, NombreLocalidad, IDDisciplina, DuracionMax, Precio, FechaEvento, Fase) values (32, 'Pista de Patinaje de Velocidad', 39, 4, 750, '2024-05-24', 1);
insert into Evento (IDEvento, NombreLocalidad, IDDisciplina, DuracionMax, Precio, FechaEvento, Fase) values (33, 'Cancha de Pickleball', 22, 6, 850, '2024-01-11', 2);
insert into Evento (IDEvento, NombreLocalidad, IDDisciplina, DuracionMax, Precio, FechaEvento, Fase) values (34, 'Campo de Rugby', 48, 9, 600, '2024-01-17', 2);
insert into Evento (IDEvento, NombreLocalidad, IDDisciplina, DuracionMax, Precio, FechaEvento, Fase) values (35, 'Pista de Patinaje', 108, 12, 550, '2024-10-17', 3);
insert into Evento (IDEvento, NombreLocalidad, IDDisciplina, DuracionMax, Precio, FechaEvento, Fase) values (36, 'Campo de Atletismo', 12, 24, 800, '2023-10-31', 2);
insert into Evento (IDEvento, NombreLocalidad, IDDisciplina, DuracionMax, Precio, FechaEvento, Fase) values (37, 'Centro de Krav Maga', 135, 24, 38, '2024-08-23', 1);
insert into Evento (IDEvento, NombreLocalidad, IDDisciplina, DuracionMax, Precio, FechaEvento, Fase) values (38, 'Campo de Waterpolo', 131, 4, 50, '2024-09-11', 3);
insert into Evento (IDEvento, NombreLocalidad, IDDisciplina, DuracionMax, Precio, FechaEvento, Fase) values (39, 'Campo de Béisbol', 115, 16, 400, '2024-03-07', 2);
insert into Evento (IDEvento, NombreLocalidad, IDDisciplina, DuracionMax, Precio, FechaEvento, Fase) values (40, 'Campo de Ulama', 141, 16, 700, '2023-11-28', 3);
insert into Evento (IDEvento, NombreLocalidad, IDDisciplina, DuracionMax, Precio, FechaEvento, Fase) values (41, 'Campo de Tiro con Arco', 116, 8, 50, '2023-12-11', 2);
insert into Evento (IDEvento, NombreLocalidad, IDDisciplina, DuracionMax, Precio, FechaEvento, Fase) values (42, 'Pista de Patinaje', 16, 8, 500, '2023-12-06', 3);
insert into Evento (IDEvento, NombreLocalidad, IDDisciplina, DuracionMax, Precio, FechaEvento, Fase) values (43, 'Campo de Volata', 111, 3, 78, '2024-01-11', 3);
insert into Evento (IDEvento, NombreLocalidad, IDDisciplina, DuracionMax, Precio, FechaEvento, Fase) values (44, 'Pista de Freestyle Skiing', 133, 12, 350, '2024-03-16', 3);
insert into Evento (IDEvento, NombreLocalidad, IDDisciplina, DuracionMax, Precio, FechaEvento, Fase) values (45, 'Pista de Trineo', 64, 8, 300, '2024-03-31', 3);
insert into Evento (IDEvento, NombreLocalidad, IDDisciplina, DuracionMax, Precio, FechaEvento, Fase) values (46, 'Cancha de Futsal', 31, 16, 600, '2024-07-27', 1);
insert into Evento (IDEvento, NombreLocalidad, IDDisciplina, DuracionMax, Precio, FechaEvento, Fase) values (47, 'Pista de Snowboard Cross', 12, 6, 1000, '2024-09-21', 1);
insert into Evento (IDEvento, NombreLocalidad, IDDisciplina, DuracionMax, Precio, FechaEvento, Fase) values (48, 'Cancha de Fútbol Sala', 61, 8, 800, '2024-06-29', 1);
insert into Evento (IDEvento, NombreLocalidad, IDDisciplina, DuracionMax, Precio, FechaEvento, Fase) values (49, 'Campo de Tiro al Plato', 35, 4, 500, '2024-09-17', 3);
insert into Evento (IDEvento, NombreLocalidad, IDDisciplina, DuracionMax, Precio, FechaEvento, Fase) values (50, 'Campo de Bossaball', 22, 12, 225, '2024-07-05', 3);
insert into Evento (IDEvento, NombreLocalidad, IDDisciplina, DuracionMax, Precio, FechaEvento, Fase) values (51, 'Pista de Saltos de Esquí', 71, 3, 1000, '2024-07-04', 2);
insert into Evento (IDEvento, NombreLocalidad, IDDisciplina, DuracionMax, Precio, FechaEvento, Fase) values (52, 'Centro de Keysi', 64, 8, 500, '2024-01-30', 1);
insert into Evento (IDEvento, NombreLocalidad, IDDisciplina, DuracionMax, Precio, FechaEvento, Fase) values (53, 'Centro de Muay Thai', 113, 24, 800, '2024-08-17', 3);
insert into Evento (IDEvento, NombreLocalidad, IDDisciplina, DuracionMax, Precio, FechaEvento, Fase) values (54, 'Campo de Sepak Takraw', 60, 3, 750, '2024-04-09', 2);
insert into Evento (IDEvento, NombreLocalidad, IDDisciplina, DuracionMax, Precio, FechaEvento, Fase) values (55, 'Centro de Hapkido', 79, 3, 78, '2024-05-28', 3);
insert into Evento (IDEvento, NombreLocalidad, IDDisciplina, DuracionMax, Precio, FechaEvento, Fase) values (56, 'Cancha de Jai Alai', 87, 9, 750, '2024-05-10', 1);
insert into Evento (IDEvento, NombreLocalidad, IDDisciplina, DuracionMax, Precio, FechaEvento, Fase) values (57, 'Cancha de Pádel', 146, 16, 850, '2024-03-20', 3);
insert into Evento (IDEvento, NombreLocalidad, IDDisciplina, DuracionMax, Precio, FechaEvento, Fase) values (58, 'Campo de Fútbol Americano', 3, 9, 75, '2024-04-14', 1);
insert into Evento (IDEvento, NombreLocalidad, IDDisciplina, DuracionMax, Precio, FechaEvento, Fase) values (59, 'Centro de Systema', 12, 4, 700, '2024-06-17', 2);
insert into Evento (IDEvento, NombreLocalidad, IDDisciplina, DuracionMax, Precio, FechaEvento, Fase) values (60, 'Pista de Aeróbic', 149, 3, 250, '2024-03-31', 3);
insert into Evento (IDEvento, NombreLocalidad, IDDisciplina, DuracionMax, Precio, FechaEvento, Fase) values (61, 'Cancha de Squash', 70, 16, 900, '2024-05-01', 2);
insert into Evento (IDEvento, NombreLocalidad, IDDisciplina, DuracionMax, Precio, FechaEvento, Fase) values (62, 'Cancha de Jorkyball', 15, 16, 1000, '2024-01-27', 3);
insert into Evento (IDEvento, NombreLocalidad, IDDisciplina, DuracionMax, Precio, FechaEvento, Fase) values (63, 'Pista de Patinaje en Línea', 14, 9, 75, '2023-11-27', 3);
insert into Evento (IDEvento, NombreLocalidad, IDDisciplina, DuracionMax, Precio, FechaEvento, Fase) values (64, 'Centro de Kung Fu', 22, 16, 150, '2024-10-15', 3);
insert into Evento (IDEvento, NombreLocalidad, IDDisciplina, DuracionMax, Precio, FechaEvento, Fase) values (65, 'Centro de Kendo', 101, 4, 350, '2023-12-27', 2);
insert into Evento (IDEvento, NombreLocalidad, IDDisciplina, DuracionMax, Precio, FechaEvento, Fase) values (66, 'Pista de Esquí Alpino', 15, 8, 250, '2024-05-19', 1);
insert into Evento (IDEvento, NombreLocalidad, IDDisciplina, DuracionMax, Precio, FechaEvento, Fase) values (67, 'Centro de Lucha Libre', 40, 24, 550, '2024-06-04', 2);
insert into Evento (IDEvento, NombreLocalidad, IDDisciplina, DuracionMax, Precio, FechaEvento, Fase) values (68, 'Centro de Pencak Silat', 100, 9, 50, '2023-12-26', 1);
insert into Evento (IDEvento, NombreLocalidad, IDDisciplina, DuracionMax, Precio, FechaEvento, Fase) values (69, 'Pista de BMX', 35, 3, 100, '2024-03-05', 3);
insert into Evento (IDEvento, NombreLocalidad, IDDisciplina, DuracionMax, Precio, FechaEvento, Fase) values (70, 'Pista de Skeleton', 3, 8, 450, '2024-07-06', 1);
insert into Evento (IDEvento, NombreLocalidad, IDDisciplina, DuracionMax, Precio, FechaEvento, Fase) values (71, 'Campo de Croquet', 91, 9, 150, '2024-02-03', 2);
insert into Evento (IDEvento, NombreLocalidad, IDDisciplina, DuracionMax, Precio, FechaEvento, Fase) values (72, 'Skatepark', 74, 24, 450, '2024-07-23', 3);
insert into Evento (IDEvento, NombreLocalidad, IDDisciplina, DuracionMax, Precio, FechaEvento, Fase) values (73, 'Pista de Esquí Nórdico Combinado', 63, 6, 250, '2024-07-01', 3);
insert into Evento (IDEvento, NombreLocalidad, IDDisciplina, DuracionMax, Precio, FechaEvento, Fase) values (74, 'Cancha de Pickleball', 79, 12, 225, '2024-02-22', 3);
insert into Evento (IDEvento, NombreLocalidad, IDDisciplina, DuracionMax, Precio, FechaEvento, Fase) values (75, 'Campo de Rugby', 24, 4, 38, '2024-06-02', 1);
insert into Evento (IDEvento, NombreLocalidad, IDDisciplina, DuracionMax, Precio, FechaEvento, Fase) values (76, 'Campo de Atletismo', 8, 8, 450, '2024-01-13', 2);
insert into Evento (IDEvento, NombreLocalidad, IDDisciplina, DuracionMax, Precio, FechaEvento, Fase) values (77, 'Cancha de Voleibol de Playa', 21, 9, 750, '2024-08-02', 1);
insert into Evento (IDEvento, NombreLocalidad, IDDisciplina, DuracionMax, Precio, FechaEvento, Fase) values (78, 'Pista de Esquí Acuático', 108, 4, 50, '2024-06-30', 3);
insert into Evento (IDEvento, NombreLocalidad, IDDisciplina, DuracionMax, Precio, FechaEvento, Fase) values (79, 'Centro de Judo', 59, 12, 500, '2024-03-18', 3);
insert into Evento (IDEvento, NombreLocalidad, IDDisciplina, DuracionMax, Precio, FechaEvento, Fase) values (80, 'Cancha de Balonmano', 133, 8, 1000, '2024-03-30', 3);
insert into Evento (IDEvento, NombreLocalidad, IDDisciplina, DuracionMax, Precio, FechaEvento, Fase) values (81, 'Campo de Bandy', 72, 6, 350, '2023-11-09', 1);
insert into Evento (IDEvento, NombreLocalidad, IDDisciplina, DuracionMax, Precio, FechaEvento, Fase) values (82, 'Pista de Ciclismo de Montaña', 150, 6, 100, '2024-05-21', 1);
insert into Evento (IDEvento, NombreLocalidad, IDDisciplina, DuracionMax, Precio, FechaEvento, Fase) values (83, 'Pista de Patinaje Artístico', 69, 8, 550, '2024-02-09', 3);
insert into Evento (IDEvento, NombreLocalidad, IDDisciplina, DuracionMax, Precio, FechaEvento, Fase) values (84, 'Centro Ecuestre', 25, 24, 600, '2024-01-30', 3);
insert into Evento (IDEvento, NombreLocalidad, IDDisciplina, DuracionMax, Precio, FechaEvento, Fase) values (85, 'Cancha de Faustball', 1, 3, 375, '2024-03-16', 2);
insert into Evento (IDEvento, NombreLocalidad, IDDisciplina, DuracionMax, Precio, FechaEvento, Fase) values (86, 'Centro de Kickboxing', 51, 3, 150, '2023-11-27', 3);
insert into Evento (IDEvento, NombreLocalidad, IDDisciplina, DuracionMax, Precio, FechaEvento, Fase) values (87, 'Campo de Gateball', 28, 3, 225, '2024-09-13', 3);
insert into Evento (IDEvento, NombreLocalidad, IDDisciplina, DuracionMax, Precio, FechaEvento, Fase) values (88, 'Estadio Olímpico', 31, 8, 750, '2024-01-04', 3);
insert into Evento (IDEvento, NombreLocalidad, IDDisciplina, DuracionMax, Precio, FechaEvento, Fase) values (89, 'Campo de Gateball', 140, 6, 750, '2024-08-10', 1);
insert into Evento (IDEvento, NombreLocalidad, IDDisciplina, DuracionMax, Precio, FechaEvento, Fase) values (90, 'Campo de Softbol', 36, 12, 500, '2024-08-07', 2);
insert into Evento (IDEvento, NombreLocalidad, IDDisciplina, DuracionMax, Precio, FechaEvento, Fase) values (91, 'Pista de Patinaje de Descenso', 149, 9, 100, '2024-05-19', 1);
insert into Evento (IDEvento, NombreLocalidad, IDDisciplina, DuracionMax, Precio, FechaEvento, Fase) values (92, 'Centro de Pencak Silat', 20, 9, 50, '2024-09-17', 3);
insert into Evento (IDEvento, NombreLocalidad, IDDisciplina, DuracionMax, Precio, FechaEvento, Fase) values (93, 'Campo de Tiro con Arco', 109, 4, 650, '2024-10-03', 2);
insert into Evento (IDEvento, NombreLocalidad, IDDisciplina, DuracionMax, Precio, FechaEvento, Fase) values (94, 'Cancha de Tenis', 111, 9, 175, '2024-09-28', 2);
insert into Evento (IDEvento, NombreLocalidad, IDDisciplina, DuracionMax, Precio, FechaEvento, Fase) values (95, 'Centro de Krav Maga', 93, 24, 650, '2024-08-13', 3);
insert into Evento (IDEvento, NombreLocalidad, IDDisciplina, DuracionMax, Precio, FechaEvento, Fase) values (96, 'Pista de Patinaje de Velocidad en Pista Corta', 101, 12, 850, '2023-11-26', 1);
insert into Evento (IDEvento, NombreLocalidad, IDDisciplina, DuracionMax, Precio, FechaEvento, Fase) values (97, 'Centro de Hapkido', 21, 8, 1000, '2023-11-28', 3);
insert into Evento (IDEvento, NombreLocalidad, IDDisciplina, DuracionMax, Precio, FechaEvento, Fase) values (98, 'Pista de Patinaje en Línea', 7, 12, 450, '2023-12-11', 2);
insert into Evento (IDEvento, NombreLocalidad, IDDisciplina, DuracionMax, Precio, FechaEvento, Fase) values (99, 'Campo de Calcio Storico', 40, 24, 450, '2023-12-09', 3);
insert into Evento (IDEvento, NombreLocalidad, IDDisciplina, DuracionMax, Precio, FechaEvento, Fase) values (100, 'Cancha de Tchoukball', 93, 9, 250, '2023-11-16', 2);
insert into Evento (IDEvento, NombreLocalidad, IDDisciplina, DuracionMax, Precio, FechaEvento, Fase) values (101, 'Campo de Calcio Storico', 47, 24, 650, '2024-03-24', 1);
insert into Evento (IDEvento, NombreLocalidad, IDDisciplina, DuracionMax, Precio, FechaEvento, Fase) values (102, 'Pista de Aeróbic', 124, 4, 550, '2024-05-10', 1);
insert into Evento (IDEvento, NombreLocalidad, IDDisciplina, DuracionMax, Precio, FechaEvento, Fase) values (103, 'Centro de Wing Chun', 147, 16, 750, '2024-04-16', 2);
insert into Evento (IDEvento, NombreLocalidad, IDDisciplina, DuracionMax, Precio, FechaEvento, Fase) values (104, 'Pista de Patinaje en Línea', 18, 6, 200, '2024-06-30', 3);
insert into Evento (IDEvento, NombreLocalidad, IDDisciplina, DuracionMax, Precio, FechaEvento, Fase) values (105, 'Campo de Sepak Takraw', 117, 24, 78, '2023-11-24', 1);
insert into Evento (IDEvento, NombreLocalidad, IDDisciplina, DuracionMax, Precio, FechaEvento, Fase) values (106, 'Campo de Polo', 89, 3, 650, '2023-11-24', 2);
insert into Evento (IDEvento, NombreLocalidad, IDDisciplina, DuracionMax, Precio, FechaEvento, Fase) values (107, 'Centro de Pencak Silat', 120, 4, 800, '2024-06-19', 2);
insert into Evento (IDEvento, NombreLocalidad, IDDisciplina, DuracionMax, Precio, FechaEvento, Fase) values (108, 'Centro de Remo', 109, 8, 450, '2024-09-30', 1);
insert into Evento (IDEvento, NombreLocalidad, IDDisciplina, DuracionMax, Precio, FechaEvento, Fase) values (109, 'Cancha de Padbol', 60, 4, 175, '2024-10-15', 1);
insert into Evento (IDEvento, NombreLocalidad, IDDisciplina, DuracionMax, Precio, FechaEvento, Fase) values (110, 'Centro de Kendo', 138, 24, 500, '2024-05-12', 3);
insert into Evento (IDEvento, NombreLocalidad, IDDisciplina, DuracionMax, Precio, FechaEvento, Fase) values (111, 'Campo de Bandy', 18, 8, 150, '2024-08-10', 2);
insert into Evento (IDEvento, NombreLocalidad, IDDisciplina, DuracionMax, Precio, FechaEvento, Fase) values (112, 'Centro de Pencak Silat', 3, 16, 600, '2024-01-06', 1);
insert into Evento (IDEvento, NombreLocalidad, IDDisciplina, DuracionMax, Precio, FechaEvento, Fase) values (113, 'Campo de Tiro con Arco', 127, 6, 250, '2023-11-09', 2);
insert into Evento (IDEvento, NombreLocalidad, IDDisciplina, DuracionMax, Precio, FechaEvento, Fase) values (114, 'Centro de Muay Thai', 88, 3, 800, '2024-10-04', 3);
insert into Evento (IDEvento, NombreLocalidad, IDDisciplina, DuracionMax, Precio, FechaEvento, Fase) values (115, 'Campo de Volata', 50, 9, 78, '2024-08-27', 2);
insert into Evento (IDEvento, NombreLocalidad, IDDisciplina, DuracionMax, Precio, FechaEvento, Fase) values (116, 'Pista de Aeróbic', 76, 9, 800, '2024-06-21', 1);
insert into Evento (IDEvento, NombreLocalidad, IDDisciplina, DuracionMax, Precio, FechaEvento, Fase) values (117, 'Centro de Esgrima', 137, 4, 225, '2024-01-19', 2);
insert into Evento (IDEvento, NombreLocalidad, IDDisciplina, DuracionMax, Precio, FechaEvento, Fase) values (118, 'Cancha de Jorkyball', 93, 16, 175, '2023-11-13', 2);
insert into Evento (IDEvento, NombreLocalidad, IDDisciplina, DuracionMax, Precio, FechaEvento, Fase) values (119, 'Centro de Judo', 88, 8, 550, '2024-09-03', 3);
insert into Evento (IDEvento, NombreLocalidad, IDDisciplina, DuracionMax, Precio, FechaEvento, Fase) values (120, 'Pista de Esquí', 143, 24, 150, '2023-12-19', 3);
insert into Evento (IDEvento, NombreLocalidad, IDDisciplina, DuracionMax, Precio, FechaEvento, Fase) values (121, 'Cancha de Pelota Vasca', 146, 12, 650, '2023-11-21', 2);
insert into Evento (IDEvento, NombreLocalidad, IDDisciplina, DuracionMax, Precio, FechaEvento, Fase) values (122, 'Cancha de Tamburello', 75, 9, 75, '2024-02-11', 1);
insert into Evento (IDEvento, NombreLocalidad, IDDisciplina, DuracionMax, Precio, FechaEvento, Fase) values (123, 'Centro de Halterofilia', 112, 16, 75, '2024-08-21', 1);
insert into Evento (IDEvento, NombreLocalidad, IDDisciplina, DuracionMax, Precio, FechaEvento, Fase) values (124, 'Centro de Pentatlón Moderno', 115, 3, 100, '2024-01-03', 1);
insert into Evento (IDEvento, NombreLocalidad, IDDisciplina, DuracionMax, Precio, FechaEvento, Fase) values (125, 'Cancha de Tenis', 18, 8, 50, '2024-09-07', 2);
insert into Evento (IDEvento, NombreLocalidad, IDDisciplina, DuracionMax, Precio, FechaEvento, Fase) values (126, 'Campo de Buzkashi', 111, 6, 550, '2024-04-18', 1);
insert into Evento (IDEvento, NombreLocalidad, IDDisciplina, DuracionMax, Precio, FechaEvento, Fase) values (127, 'Pista de Esquí de Fondo Sprint', 91, 3, 800, '2023-12-01', 3);
insert into Evento (IDEvento, NombreLocalidad, IDDisciplina, DuracionMax, Precio, FechaEvento, Fase) values (128, 'Cancha de Balonmano', 32, 3, 700, '2024-05-20', 3);
insert into Evento (IDEvento, NombreLocalidad, IDDisciplina, DuracionMax, Precio, FechaEvento, Fase) values (129, 'Cancha de Tchoukball', 74, 6, 38, '2024-03-19', 2);
insert into Evento (IDEvento, NombreLocalidad, IDDisciplina, DuracionMax, Precio, FechaEvento, Fase) values (130, 'Centro de Halterofilia', 111, 12, 75, '2024-03-25', 3);
insert into Evento (IDEvento, NombreLocalidad, IDDisciplina, DuracionMax, Precio, FechaEvento, Fase) values (131, 'Campo de Pesäpallo', 19, 3, 650, '2024-04-26', 2);
insert into Evento (IDEvento, NombreLocalidad, IDDisciplina, DuracionMax, Precio, FechaEvento, Fase) values (132, 'Pista de Slalom', 119, 6, 100, '2024-08-29', 1);
insert into Evento (IDEvento, NombreLocalidad, IDDisciplina, DuracionMax, Precio, FechaEvento, Fase) values (133, 'Skatepark', 83, 6, 400, '2023-12-10', 3);
insert into Evento (IDEvento, NombreLocalidad, IDDisciplina, DuracionMax, Precio, FechaEvento, Fase) values (134, 'Cancha de Futsal', 146, 4, 850, '2024-06-02', 3);
insert into Evento (IDEvento, NombreLocalidad, IDDisciplina, DuracionMax, Precio, FechaEvento, Fase) values (135, 'Campo de Waterpolo', 40, 4, 50, '2024-06-23', 1);
insert into Evento (IDEvento, NombreLocalidad, IDDisciplina, DuracionMax, Precio, FechaEvento, Fase) values (136, 'Estadio Olímpico', 148, 4, 250, '2024-08-20', 1);
insert into Evento (IDEvento, NombreLocalidad, IDDisciplina, DuracionMax, Precio, FechaEvento, Fase) values (137, 'Pista de Esquí de Travesía', 2, 12, 350, '2024-07-20', 3);
insert into Evento (IDEvento, NombreLocalidad, IDDisciplina, DuracionMax, Precio, FechaEvento, Fase) values (138, 'Campo de Gateball', 77, 6, 38, '2023-12-14', 1);
insert into Evento (IDEvento, NombreLocalidad, IDDisciplina, DuracionMax, Precio, FechaEvento, Fase) values (139, 'Centro de Hapkido', 142, 4, 200, '2024-08-25', 3);
insert into Evento (IDEvento, NombreLocalidad, IDDisciplina, DuracionMax, Precio, FechaEvento, Fase) values (140, 'Cancha de Pelota Mixteca', 72, 8, 900, '2024-02-29', 3);
insert into Evento (IDEvento, NombreLocalidad, IDDisciplina, DuracionMax, Precio, FechaEvento, Fase) values (141, 'Centro de Sambo', 96, 12, 300, '2024-08-04', 2);
insert into Evento (IDEvento, NombreLocalidad, IDDisciplina, DuracionMax, Precio, FechaEvento, Fase) values (142, 'Pista de Esquí Nórdico Combinado', 67, 16, 375, '2024-08-29', 3);
insert into Evento (IDEvento, NombreLocalidad, IDDisciplina, DuracionMax, Precio, FechaEvento, Fase) values (143, 'Pista de Patinaje en Línea', 60, 16, 50, '2023-12-06', 1);
insert into Evento (IDEvento, NombreLocalidad, IDDisciplina, DuracionMax, Precio, FechaEvento, Fase) values (144, 'Pista de Patinaje de Velocidad en Pista Corta', 51, 6, 450, '2024-03-28', 3);
insert into Evento (IDEvento, NombreLocalidad, IDDisciplina, DuracionMax, Precio, FechaEvento, Fase) values (145, 'Cancha de Pelota Purépecha', 32, 4, 175, '2024-05-14', 1);
insert into Evento (IDEvento, NombreLocalidad, IDDisciplina, DuracionMax, Precio, FechaEvento, Fase) values (146, 'Campo de Pato', 110, 12, 1000, '2024-06-28', 1);
insert into Evento (IDEvento, NombreLocalidad, IDDisciplina, DuracionMax, Precio, FechaEvento, Fase) values (147, 'Centro de Judo', 121, 24, 38, '2024-02-01', 3);
insert into Evento (IDEvento, NombreLocalidad, IDDisciplina, DuracionMax, Precio, FechaEvento, Fase) values (148, 'Pista de Freestyle Skiing', 90, 24, 550, '2024-01-26', 3);
insert into Evento (IDEvento, NombreLocalidad, IDDisciplina, DuracionMax, Precio, FechaEvento, Fase) values (149, 'Pista de Karting', 51, 6, 50, '2024-04-30', 3);
insert into Evento (IDEvento, NombreLocalidad, IDDisciplina, DuracionMax, Precio, FechaEvento, Fase) values (150, 'Cancha de Goalball', 144, 12, 750, '2024-02-06', 3);

-- Tuplas para Entrenador 
insert into Entrenador (IDEntrenador, IDDisciplina, Nombre, PrimerApellido, SegundoApellido, FechaNacimiento, Nacionalidad, Genero) values (1, 17, 'Mordecai', 'Bodemeaid', 'Ratnage', '1979-11-05', 'Malasia', 'M');
insert into Entrenador (IDEntrenador, IDDisciplina, Nombre, PrimerApellido, SegundoApellido, FechaNacimiento, Nacionalidad, Genero) values (2, 48, 'Idalina', 'Bows', 'Killock', '1982-07-01', 'Kuwaití', 'F');
insert into Entrenador (IDEntrenador, IDDisciplina, Nombre, PrimerApellido, SegundoApellido, FechaNacimiento, Nacionalidad, Genero) values (3, 123, 'Dyann', 'Sauven', 'Eisold', '1994-03-10', 'Estadounidense', 'M');
insert into Entrenador (IDEntrenador, IDDisciplina, Nombre, PrimerApellido, SegundoApellido, FechaNacimiento, Nacionalidad, Genero) values (4, 114, 'Mureil', 'Cramp', 'Wadforth', '1994-08-14', 'Camerunesa', 'F');
insert into Entrenador (IDEntrenador, IDDisciplina, Nombre, PrimerApellido, SegundoApellido, FechaNacimiento, Nacionalidad, Genero) values (5, 97, 'Sergeant', 'Niccolls', 'Rysom', '1978-06-10', 'Canadiense', 'F');
insert into Entrenador (IDEntrenador, IDDisciplina, Nombre, PrimerApellido, SegundoApellido, FechaNacimiento, Nacionalidad, Genero) values (6, 41, 'Bank', 'Garrity', 'Lyokhin', '1982-08-29', 'Turca', 'F');
insert into Entrenador (IDEntrenador, IDDisciplina, Nombre, PrimerApellido, SegundoApellido, FechaNacimiento, Nacionalidad, Genero) values (7, 1, 'Stormy', 'Jowle', 'Farrer', '1970-10-27', 'Española', 'F');
insert into Entrenador (IDEntrenador, IDDisciplina, Nombre, PrimerApellido, SegundoApellido, FechaNacimiento, Nacionalidad, Genero) values (8, 149, 'Chick', 'Gabbotts', 'Capper', '1971-02-28', 'Noruega', 'F');
insert into Entrenador (IDEntrenador, IDDisciplina, Nombre, PrimerApellido, SegundoApellido, FechaNacimiento, Nacionalidad, Genero) values (9, 105, 'Mackenzie', 'Lessmare', 'Stapleford', '1971-01-08', 'Iraquí', 'F');
insert into Entrenador (IDEntrenador, IDDisciplina, Nombre, PrimerApellido, SegundoApellido, FechaNacimiento, Nacionalidad, Genero) values (10, 116, 'Francois', 'Harrop', 'Denisyev', '1977-06-09', 'Colombiana', 'M');
insert into Entrenador (IDEntrenador, IDDisciplina, Nombre, PrimerApellido, SegundoApellido, FechaNacimiento, Nacionalidad, Genero) values (11, 150, 'Silvan', 'Trendle', 'Alchin', '1989-07-03', 'Finlandesa', 'F');
insert into Entrenador (IDEntrenador, IDDisciplina, Nombre, PrimerApellido, SegundoApellido, FechaNacimiento, Nacionalidad, Genero) values (12, 4, 'Gianni', 'Wafer', 'Hartegan', '1976-07-20', 'Camerunesa', 'M');
insert into Entrenador (IDEntrenador, IDDisciplina, Nombre, PrimerApellido, SegundoApellido, FechaNacimiento, Nacionalidad, Genero) values (13, 146, 'Melvin', 'Housbey', 'Outibridge', '1970-08-17', 'Danesa', 'M');
insert into Entrenador (IDEntrenador, IDDisciplina, Nombre, PrimerApellido, SegundoApellido, FechaNacimiento, Nacionalidad, Genero) values (14, 131, 'Madonna', 'Dufton', 'Minghella', '1991-07-24', 'Checa', 'F');
insert into Entrenador (IDEntrenador, IDDisciplina, Nombre, PrimerApellido, SegundoApellido, FechaNacimiento, Nacionalidad, Genero) values (15, 87, 'Ardenia', 'Glanvill', 'Howgego', '1979-06-10', 'Azerbaiyana', 'F');
insert into Entrenador (IDEntrenador, IDDisciplina, Nombre, PrimerApellido, SegundoApellido, FechaNacimiento, Nacionalidad, Genero) values (16, 94, 'Elvina', 'Cowen', 'Rappaport', '1993-05-01', 'Rusa', 'F');
insert into Entrenador (IDEntrenador, IDDisciplina, Nombre, PrimerApellido, SegundoApellido, FechaNacimiento, Nacionalidad, Genero) values (17, 83, 'Bastian', 'Noonan', 'Elmore', '1989-07-14', 'Japonesa', 'M');
insert into Entrenador (IDEntrenador, IDDisciplina, Nombre, PrimerApellido, SegundoApellido, FechaNacimiento, Nacionalidad, Genero) values (18, 89, 'Burlie', 'Blonden', 'Michie', '1992-07-18', 'Danesa', 'M');
insert into Entrenador (IDEntrenador, IDDisciplina, Nombre, PrimerApellido, SegundoApellido, FechaNacimiento, Nacionalidad, Genero) values (19, 148, 'Tamiko', 'Reynalds', 'Dampney', '1972-04-25', 'Tailandesa', 'M');
insert into Entrenador (IDEntrenador, IDDisciplina, Nombre, PrimerApellido, SegundoApellido, FechaNacimiento, Nacionalidad, Genero) values (20, 12, 'Colene', 'Boone', 'Smail', '1980-11-20', 'Filipina', 'M');
insert into Entrenador (IDEntrenador, IDDisciplina, Nombre, PrimerApellido, SegundoApellido, FechaNacimiento, Nacionalidad, Genero) values (21, 144, 'Chevalier', 'Orring', 'Bossel', '1972-10-13', 'Ucraniana', 'M');
insert into Entrenador (IDEntrenador, IDDisciplina, Nombre, PrimerApellido, SegundoApellido, FechaNacimiento, Nacionalidad, Genero) values (22, 4, 'Nancey', 'Iannini', 'Chastagnier', '1979-09-30', 'Sudafricana', 'F');
insert into Entrenador (IDEntrenador, IDDisciplina, Nombre, PrimerApellido, SegundoApellido, FechaNacimiento, Nacionalidad, Genero) values (23, 13, 'Skylar', 'Clowney', 'Crusham', '1992-04-23', 'Checa', 'M');
insert into Entrenador (IDEntrenador, IDDisciplina, Nombre, PrimerApellido, SegundoApellido, FechaNacimiento, Nacionalidad, Genero) values (24, 80, 'Roda', 'Ashleigh', 'Laughlan', '1979-09-12', 'Alemana', 'M');
insert into Entrenador (IDEntrenador, IDDisciplina, Nombre, PrimerApellido, SegundoApellido, FechaNacimiento, Nacionalidad, Genero) values (25, 65, 'Lezlie', 'Hamflett', 'Wasselin', '1992-12-26', 'Rumana', 'M');
insert into Entrenador (IDEntrenador, IDDisciplina, Nombre, PrimerApellido, SegundoApellido, FechaNacimiento, Nacionalidad, Genero) values (26, 124, 'Rowan', 'Pionter', 'Ruegg', '1986-12-03', 'Austriaca', 'M');
insert into Entrenador (IDEntrenador, IDDisciplina, Nombre, PrimerApellido, SegundoApellido, FechaNacimiento, Nacionalidad, Genero) values (27, 85, 'Hayyim', 'Casemore', 'Vaud', '1971-07-20', 'Kuwaití', 'M');
insert into Entrenador (IDEntrenador, IDDisciplina, Nombre, PrimerApellido, SegundoApellido, FechaNacimiento, Nacionalidad, Genero) values (28, 47, 'Delila', 'McCart', 'Pettisall', '1973-08-15', 'Iraní', 'F');
insert into Entrenador (IDEntrenador, IDDisciplina, Nombre, PrimerApellido, SegundoApellido, FechaNacimiento, Nacionalidad, Genero) values (29, 24, 'Rickie', 'Wyman', 'Waleworke', '1991-12-31', 'Marroquí', 'M');
insert into Entrenador (IDEntrenador, IDDisciplina, Nombre, PrimerApellido, SegundoApellido, FechaNacimiento, Nacionalidad, Genero) values (30, 89, 'Batsheva', 'Yukhnin', 'Kynastone', '1994-11-29', 'Turca', 'F');
insert into Entrenador (IDEntrenador, IDDisciplina, Nombre, PrimerApellido, SegundoApellido, FechaNacimiento, Nacionalidad, Genero) values (31, 46, 'Russell', 'Boate', 'Bourgeois', '1976-09-20', 'Omaní', 'F');
insert into Entrenador (IDEntrenador, IDDisciplina, Nombre, PrimerApellido, SegundoApellido, FechaNacimiento, Nacionalidad, Genero) values (32, 17, 'Viv', 'Duggan', 'Drakard', '1986-01-21', 'Belga', 'F');
insert into Entrenador (IDEntrenador, IDDisciplina, Nombre, PrimerApellido, SegundoApellido, FechaNacimiento, Nacionalidad, Genero) values (33, 115, 'Lenette', 'Swinglehurst', 'Raithby', '1986-10-10', 'Saudí', 'F');
insert into Entrenador (IDEntrenador, IDDisciplina, Nombre, PrimerApellido, SegundoApellido, FechaNacimiento, Nacionalidad, Genero) values (34, 22, 'Conn', 'le Keux', 'Foyston', '1994-08-13', 'Marroquí', 'M');
insert into Entrenador (IDEntrenador, IDDisciplina, Nombre, PrimerApellido, SegundoApellido, FechaNacimiento, Nacionalidad, Genero) values (35, 88, 'Jelene', 'Daintry', 'Comerford', '1991-08-28', 'Vietnamita', 'F');
insert into Entrenador (IDEntrenador, IDDisciplina, Nombre, PrimerApellido, SegundoApellido, FechaNacimiento, Nacionalidad, Genero) values (36, 6, 'Chrisy', 'Heinz', 'Foucard', '1971-11-17', 'Malasia', 'M');
insert into Entrenador (IDEntrenador, IDDisciplina, Nombre, PrimerApellido, SegundoApellido, FechaNacimiento, Nacionalidad, Genero) values (37, 132, 'Eduard', 'Shaplin', 'Colloff', '1971-08-03', 'Italiana', 'F');
insert into Entrenador (IDEntrenador, IDDisciplina, Nombre, PrimerApellido, SegundoApellido, FechaNacimiento, Nacionalidad, Genero) values (38, 103, 'Husain', 'Spawforth', 'Presdie', '1993-06-21', 'Marroquí', 'M');
insert into Entrenador (IDEntrenador, IDDisciplina, Nombre, PrimerApellido, SegundoApellido, FechaNacimiento, Nacionalidad, Genero) values (39, 115, 'Vivyan', 'Pheasey', 'Augustus', '1991-03-29', 'Etíope', 'M');
insert into Entrenador (IDEntrenador, IDDisciplina, Nombre, PrimerApellido, SegundoApellido, FechaNacimiento, Nacionalidad, Genero) values (40, 23, 'Jacob', 'Oleszkiewicz', 'Naptin', '1980-01-06', 'Iraní', 'M');
insert into Entrenador (IDEntrenador, IDDisciplina, Nombre, PrimerApellido, SegundoApellido, FechaNacimiento, Nacionalidad, Genero) values (41, 31, 'Gilbert', 'Dener', 'Wildman', '1989-04-17', 'Peruana', 'F');
insert into Entrenador (IDEntrenador, IDDisciplina, Nombre, PrimerApellido, SegundoApellido, FechaNacimiento, Nacionalidad, Genero) values (42, 116, 'Susette', 'McQuorkell', 'Silvester', '1989-05-30', 'Etíope', 'M');
insert into Entrenador (IDEntrenador, IDDisciplina, Nombre, PrimerApellido, SegundoApellido, FechaNacimiento, Nacionalidad, Genero) values (43, 7, 'Arel', 'Duxfield', 'Tabb', '1974-05-24', 'Ucraniana', 'F');
insert into Entrenador (IDEntrenador, IDDisciplina, Nombre, PrimerApellido, SegundoApellido, FechaNacimiento, Nacionalidad, Genero) values (44, 143, 'Rosco', 'Bamforth', 'Cicero', '1982-04-27', 'Alemana', 'F');
insert into Entrenador (IDEntrenador, IDDisciplina, Nombre, PrimerApellido, SegundoApellido, FechaNacimiento, Nacionalidad, Genero) values (45, 31, 'Elicia', 'Iceton', 'Brauns', '1993-05-29', 'Emiratí', 'M');
insert into Entrenador (IDEntrenador, IDDisciplina, Nombre, PrimerApellido, SegundoApellido, FechaNacimiento, Nacionalidad, Genero) values (46, 104, 'Brandy', 'Holton', 'Welfare', '1970-10-07', 'Canadiense', 'F');
insert into Entrenador (IDEntrenador, IDDisciplina, Nombre, PrimerApellido, SegundoApellido, FechaNacimiento, Nacionalidad, Genero) values (47, 6, 'Alonso', 'Coltan', 'Thorn', '1989-06-02', 'Tunecina', 'M');
insert into Entrenador (IDEntrenador, IDDisciplina, Nombre, PrimerApellido, SegundoApellido, FechaNacimiento, Nacionalidad, Genero) values (48, 99, 'Dom', 'Rawsthorne', 'O'' Quirk', '1991-05-15', 'Portuguesa', 'M');
insert into Entrenador (IDEntrenador, IDDisciplina, Nombre, PrimerApellido, SegundoApellido, FechaNacimiento, Nacionalidad, Genero) values (49, 38, 'Arleyne', 'Cottom', 'Zeale', '1977-12-14', 'China', 'F');
insert into Entrenador (IDEntrenador, IDDisciplina, Nombre, PrimerApellido, SegundoApellido, FechaNacimiento, Nacionalidad, Genero) values (50, 6, 'Letta', 'Fallis', 'Cruddace', '1992-03-17', 'Coreana', 'F');
insert into Entrenador (IDEntrenador, IDDisciplina, Nombre, PrimerApellido, SegundoApellido, FechaNacimiento, Nacionalidad, Genero) values (51, 24, 'Ardelle', 'Renad', 'Semper', '1985-08-03', 'Austriaca', 'F');
insert into Entrenador (IDEntrenador, IDDisciplina, Nombre, PrimerApellido, SegundoApellido, FechaNacimiento, Nacionalidad, Genero) values (52, 76, 'Matthaeus', 'Harrow', 'Trebilcock', '1992-10-02', 'Keniata', 'F');
insert into Entrenador (IDEntrenador, IDDisciplina, Nombre, PrimerApellido, SegundoApellido, FechaNacimiento, Nacionalidad, Genero) values (53, 95, 'Lacey', 'Yanin', 'Fautley', '1972-10-22', 'Holandesa', 'F');
insert into Entrenador (IDEntrenador, IDDisciplina, Nombre, PrimerApellido, SegundoApellido, FechaNacimiento, Nacionalidad, Genero) values (54, 55, 'Janean', 'Megarrell', 'Minot', '1976-10-19', 'Nigeriana', 'F');
insert into Entrenador (IDEntrenador, IDDisciplina, Nombre, PrimerApellido, SegundoApellido, FechaNacimiento, Nacionalidad, Genero) values (55, 95, 'Fin', 'Nashe', 'Deviney', '1975-12-21', 'Finlandesa', 'M');
insert into Entrenador (IDEntrenador, IDDisciplina, Nombre, PrimerApellido, SegundoApellido, FechaNacimiento, Nacionalidad, Genero) values (56, 28, 'Morton', 'Boldra', 'Richarz', '1985-08-04', 'Libanesa', 'M');
insert into Entrenador (IDEntrenador, IDDisciplina, Nombre, PrimerApellido, SegundoApellido, FechaNacimiento, Nacionalidad, Genero) values (57, 129, 'Rancell', 'Galea', 'Pettus', '1987-01-30', 'Austriaca', 'F');
insert into Entrenador (IDEntrenador, IDDisciplina, Nombre, PrimerApellido, SegundoApellido, FechaNacimiento, Nacionalidad, Genero) values (58, 83, 'Thom', 'Dimitrie', 'Fleming', '1985-08-09', 'Kuwaití', 'F');
insert into Entrenador (IDEntrenador, IDDisciplina, Nombre, PrimerApellido, SegundoApellido, FechaNacimiento, Nacionalidad, Genero) values (59, 25, 'Dorian', 'Baldin', 'Duddy', '1973-12-28', 'Marroquí', 'M');
insert into Entrenador (IDEntrenador, IDDisciplina, Nombre, PrimerApellido, SegundoApellido, FechaNacimiento, Nacionalidad, Genero) values (60, 137, 'Savina', 'Brunsden', 'Lemonby', '1990-07-01', 'Mexicana', 'F');
insert into Entrenador (IDEntrenador, IDDisciplina, Nombre, PrimerApellido, SegundoApellido, FechaNacimiento, Nacionalidad, Genero) values (61, 81, 'Mickie', 'Dany', 'Kinnett', '1989-08-24', 'Iraquí', 'F');
insert into Entrenador (IDEntrenador, IDDisciplina, Nombre, PrimerApellido, SegundoApellido, FechaNacimiento, Nacionalidad, Genero) values (62, 47, 'Tracie', 'Fiveash', 'Philipsohn', '1992-09-15', 'China', 'F');
insert into Entrenador (IDEntrenador, IDDisciplina, Nombre, PrimerApellido, SegundoApellido, FechaNacimiento, Nacionalidad, Genero) values (63, 9, 'Mack', 'Nalder', 'Brunskill', '1990-09-04', 'Qatarí', 'F');
insert into Entrenador (IDEntrenador, IDDisciplina, Nombre, PrimerApellido, SegundoApellido, FechaNacimiento, Nacionalidad, Genero) values (64, 3, 'Freddy', 'Gillmor', 'Melburg', '1982-08-25', 'Uzbeka', 'M');
insert into Entrenador (IDEntrenador, IDDisciplina, Nombre, PrimerApellido, SegundoApellido, FechaNacimiento, Nacionalidad, Genero) values (65, 83, 'Leonelle', 'Wozencraft', 'Farrer', '1994-05-04', 'Alemana', 'F');
insert into Entrenador (IDEntrenador, IDDisciplina, Nombre, PrimerApellido, SegundoApellido, FechaNacimiento, Nacionalidad, Genero) values (66, 99, 'Genovera', 'Apthorpe', 'Goldis', '1990-10-25', 'Alemana', 'M');
insert into Entrenador (IDEntrenador, IDDisciplina, Nombre, PrimerApellido, SegundoApellido, FechaNacimiento, Nacionalidad, Genero) values (67, 61, 'Val', 'Folonin', 'Mynett', '1974-04-27', 'Ucraniana', 'F');
insert into Entrenador (IDEntrenador, IDDisciplina, Nombre, PrimerApellido, SegundoApellido, FechaNacimiento, Nacionalidad, Genero) values (68, 150, 'Pepillo', 'Raulston', 'Fawcitt', '1994-07-01', 'Rusa', 'M');
insert into Entrenador (IDEntrenador, IDDisciplina, Nombre, PrimerApellido, SegundoApellido, FechaNacimiento, Nacionalidad, Genero) values (69, 95, 'Sarina', 'Thackray', 'Antoinet', '1974-12-16', 'Egipcia', 'M');
insert into Entrenador (IDEntrenador, IDDisciplina, Nombre, PrimerApellido, SegundoApellido, FechaNacimiento, Nacionalidad, Genero) values (70, 147, 'Merralee', 'Smitheman', 'McKern', '1988-02-28', 'Iraquí', 'M');
insert into Entrenador (IDEntrenador, IDDisciplina, Nombre, PrimerApellido, SegundoApellido, FechaNacimiento, Nacionalidad, Genero) values (71, 55, 'Robbin', 'Paulazzi', 'Kimmerling', '1979-06-07', 'India', 'F');
insert into Entrenador (IDEntrenador, IDDisciplina, Nombre, PrimerApellido, SegundoApellido, FechaNacimiento, Nacionalidad, Genero) values (72, 109, 'Brynna', 'Crapper', 'Shillito', '1981-03-24', 'Rusa', 'F');
insert into Entrenador (IDEntrenador, IDDisciplina, Nombre, PrimerApellido, SegundoApellido, FechaNacimiento, Nacionalidad, Genero) values (73, 110, 'Cammi', 'Maidstone', 'Plaster', '1980-07-17', 'Nigeriana', 'F');
insert into Entrenador (IDEntrenador, IDDisciplina, Nombre, PrimerApellido, SegundoApellido, FechaNacimiento, Nacionalidad, Genero) values (74, 116, 'Barbaraanne', 'Chittey', 'Bechley', '1982-02-12', 'Alemana', 'F');
insert into Entrenador (IDEntrenador, IDDisciplina, Nombre, PrimerApellido, SegundoApellido, FechaNacimiento, Nacionalidad, Genero) values (75, 91, 'Kimmy', 'Buse', 'Gathercoal', '1981-12-14', 'Brasileña', 'M');
insert into Entrenador (IDEntrenador, IDDisciplina, Nombre, PrimerApellido, SegundoApellido, FechaNacimiento, Nacionalidad, Genero) values (76, 82, 'Tait', 'Ximenez', 'Frostdyke', '1971-01-03', 'Danesa', 'M');
insert into Entrenador (IDEntrenador, IDDisciplina, Nombre, PrimerApellido, SegundoApellido, FechaNacimiento, Nacionalidad, Genero) values (77, 23, 'Kaela', 'Siviter', 'Dowbiggin', '1994-11-27', 'Etíope', 'F');
insert into Entrenador (IDEntrenador, IDDisciplina, Nombre, PrimerApellido, SegundoApellido, FechaNacimiento, Nacionalidad, Genero) values (78, 57, 'Sharline', 'Vasyukhin', 'Wethers', '1993-11-22', 'Portuguesa', 'F');
insert into Entrenador (IDEntrenador, IDDisciplina, Nombre, PrimerApellido, SegundoApellido, FechaNacimiento, Nacionalidad, Genero) values (79, 8, 'Rupert', 'Reis', 'Georgiev', '1985-01-11', 'Noruega', 'F');
insert into Entrenador (IDEntrenador, IDDisciplina, Nombre, PrimerApellido, SegundoApellido, FechaNacimiento, Nacionalidad, Genero) values (80, 46, 'Onofredo', 'Liddy', 'Di Pietro', '1975-09-21', 'Omaní', 'M');
insert into Entrenador (IDEntrenador, IDDisciplina, Nombre, PrimerApellido, SegundoApellido, FechaNacimiento, Nacionalidad, Genero) values (81, 39, 'Genevieve', 'Bartholin', 'Gyorffy', '1993-05-06', 'Ghanesa', 'M');
insert into Entrenador (IDEntrenador, IDDisciplina, Nombre, PrimerApellido, SegundoApellido, FechaNacimiento, Nacionalidad, Genero) values (82, 21, 'Carlie', 'Sumsion', 'Mickan', '1976-01-06', 'Mexicana', 'F');
insert into Entrenador (IDEntrenador, IDDisciplina, Nombre, PrimerApellido, SegundoApellido, FechaNacimiento, Nacionalidad, Genero) values (83, 8, 'Marjory', 'Melross', 'Wyness', '1990-08-07', 'Colombiana', 'F');
insert into Entrenador (IDEntrenador, IDDisciplina, Nombre, PrimerApellido, SegundoApellido, FechaNacimiento, Nacionalidad, Genero) values (84, 26, 'Norry', 'Penas', 'Tilt', '1984-05-24', 'Británica', 'F');
insert into Entrenador (IDEntrenador, IDDisciplina, Nombre, PrimerApellido, SegundoApellido, FechaNacimiento, Nacionalidad, Genero) values (85, 45, 'Ninetta', 'Siburn', 'Nock', '1988-06-05', 'Omaní', 'M');
insert into Entrenador (IDEntrenador, IDDisciplina, Nombre, PrimerApellido, SegundoApellido, FechaNacimiento, Nacionalidad, Genero) values (86, 43, 'Adolpho', 'Wrathmell', 'Laugharne', '1975-06-21', 'Turca', 'F');
insert into Entrenador (IDEntrenador, IDDisciplina, Nombre, PrimerApellido, SegundoApellido, FechaNacimiento, Nacionalidad, Genero) values (87, 84, 'Neall', 'Petrolli', 'Armsden', '1994-10-02', 'Georgiana', 'M');
insert into Entrenador (IDEntrenador, IDDisciplina, Nombre, PrimerApellido, SegundoApellido, FechaNacimiento, Nacionalidad, Genero) values (88, 2, 'Jojo', 'Oleksinski', 'Mateu', '1975-02-20', 'China', 'F');
insert into Entrenador (IDEntrenador, IDDisciplina, Nombre, PrimerApellido, SegundoApellido, FechaNacimiento, Nacionalidad, Genero) values (89, 3, 'Livvy', 'de Leon', 'Lechelle', '1976-08-15', 'Japonesa', 'M');
insert into Entrenador (IDEntrenador, IDDisciplina, Nombre, PrimerApellido, SegundoApellido, FechaNacimiento, Nacionalidad, Genero) values (90, 150, 'Belinda', 'Keep', 'Sayward', '1981-10-30', 'India', 'F');
insert into Entrenador (IDEntrenador, IDDisciplina, Nombre, PrimerApellido, SegundoApellido, FechaNacimiento, Nacionalidad, Genero) values (91, 29, 'Ulrich', 'Lindbergh', 'Latehouse', '1982-07-25', 'Rumana', 'F');
insert into Entrenador (IDEntrenador, IDDisciplina, Nombre, PrimerApellido, SegundoApellido, FechaNacimiento, Nacionalidad, Genero) values (92, 103, 'Chrotoem', 'Southall', 'Iskower', '1977-07-17', 'Austriaca', 'F');
insert into Entrenador (IDEntrenador, IDDisciplina, Nombre, PrimerApellido, SegundoApellido, FechaNacimiento, Nacionalidad, Genero) values (93, 49, 'Liam', 'Blankenship', 'Earie', '1987-06-15', 'Azerbaiyana', 'F');
insert into Entrenador (IDEntrenador, IDDisciplina, Nombre, PrimerApellido, SegundoApellido, FechaNacimiento, Nacionalidad, Genero) values (94, 66, 'Frasquito', 'Pammenter', 'MacGillreich', '1988-09-27', 'Británica', 'M');
insert into Entrenador (IDEntrenador, IDDisciplina, Nombre, PrimerApellido, SegundoApellido, FechaNacimiento, Nacionalidad, Genero) values (95, 90, 'Rex', 'Sherbrook', 'Bortoletti', '1982-05-21', 'Keniata', 'M');
insert into Entrenador (IDEntrenador, IDDisciplina, Nombre, PrimerApellido, SegundoApellido, FechaNacimiento, Nacionalidad, Genero) values (96, 108, 'Cobb', 'Kellar', 'Smittoune', '1987-08-23', 'Keniata', 'F');
insert into Entrenador (IDEntrenador, IDDisciplina, Nombre, PrimerApellido, SegundoApellido, FechaNacimiento, Nacionalidad, Genero) values (97, 83, 'Ruggiero', 'Gartan', 'Corney', '1970-06-02', 'Libanesa', 'F');
insert into Entrenador (IDEntrenador, IDDisciplina, Nombre, PrimerApellido, SegundoApellido, FechaNacimiento, Nacionalidad, Genero) values (98, 150, 'Em', 'Gherarducci', 'Drage', '1995-12-03', 'Belga', 'M');
insert into Entrenador (IDEntrenador, IDDisciplina, Nombre, PrimerApellido, SegundoApellido, FechaNacimiento, Nacionalidad, Genero) values (99, 150, 'Tabby', 'Ivett', 'Haizelden', '1987-05-18', 'Iraní', 'M');
insert into Entrenador (IDEntrenador, IDDisciplina, Nombre, PrimerApellido, SegundoApellido, FechaNacimiento, Nacionalidad, Genero) values (100, 55, 'Aurelia', 'Tottem', 'Spaunton', '1978-06-12', 'Checa', 'M');
insert into Entrenador (IDEntrenador, IDDisciplina, Nombre, PrimerApellido, SegundoApellido, FechaNacimiento, Nacionalidad, Genero) values (101, 118, 'Lorne', 'Trood', 'Norcock', '1990-08-11', 'Noruega', 'F');
insert into Entrenador (IDEntrenador, IDDisciplina, Nombre, PrimerApellido, SegundoApellido, FechaNacimiento, Nacionalidad, Genero) values (102, 77, 'Bekki', 'Brandolini', 'O''Loughane', '1972-05-30', 'Saudí', 'F');
insert into Entrenador (IDEntrenador, IDDisciplina, Nombre, PrimerApellido, SegundoApellido, FechaNacimiento, Nacionalidad, Genero) values (103, 70, 'Perry', 'Aikman', 'Teggart', '1987-03-23', 'Danesa', 'M');
insert into Entrenador (IDEntrenador, IDDisciplina, Nombre, PrimerApellido, SegundoApellido, FechaNacimiento, Nacionalidad, Genero) values (104, 32, 'Sasha', 'Lamperti', 'Chilvers', '1995-01-29', 'Etíope', 'M');
insert into Entrenador (IDEntrenador, IDDisciplina, Nombre, PrimerApellido, SegundoApellido, FechaNacimiento, Nacionalidad, Genero) values (105, 14, 'Reeva', 'Forsdyke', 'Nyssen', '1974-03-14', 'Danesa', 'M');
insert into Entrenador (IDEntrenador, IDDisciplina, Nombre, PrimerApellido, SegundoApellido, FechaNacimiento, Nacionalidad, Genero) values (106, 32, 'Rhett', 'Weaben', 'Faldo', '1982-04-16', 'Polaca', 'F');
insert into Entrenador (IDEntrenador, IDDisciplina, Nombre, PrimerApellido, SegundoApellido, FechaNacimiento, Nacionalidad, Genero) values (107, 12, 'Devinne', 'Heinz', 'Teape', '1970-07-24', 'Libanesa', 'M');
insert into Entrenador (IDEntrenador, IDDisciplina, Nombre, PrimerApellido, SegundoApellido, FechaNacimiento, Nacionalidad, Genero) values (108, 123, 'Lanette', 'Pember', 'Ferrillo', '1974-09-11', 'Venezolana', 'M');
insert into Entrenador (IDEntrenador, IDDisciplina, Nombre, PrimerApellido, SegundoApellido, FechaNacimiento, Nacionalidad, Genero) values (109, 64, 'Ivett', 'Forsyth', 'Daughtery', '1971-03-05', 'Rusa', 'F');
insert into Entrenador (IDEntrenador, IDDisciplina, Nombre, PrimerApellido, SegundoApellido, FechaNacimiento, Nacionalidad, Genero) values (110, 3, 'Angele', 'Holsall', 'Mullan', '1989-09-06', 'Colombiana', 'F');
insert into Entrenador (IDEntrenador, IDDisciplina, Nombre, PrimerApellido, SegundoApellido, FechaNacimiento, Nacionalidad, Genero) values (111, 18, 'Clarey', 'Cromwell', 'Debrick', '1992-08-27', 'Brasileña', 'M');
insert into Entrenador (IDEntrenador, IDDisciplina, Nombre, PrimerApellido, SegundoApellido, FechaNacimiento, Nacionalidad, Genero) values (112, 45, 'Paulita', 'Casiero', 'Matuszyk', '1992-08-26', 'Chilena', 'M');
insert into Entrenador (IDEntrenador, IDDisciplina, Nombre, PrimerApellido, SegundoApellido, FechaNacimiento, Nacionalidad, Genero) values (113, 144, 'Kirbie', 'Tew', 'Knight', '1978-09-26', 'Armenia', 'M');
insert into Entrenador (IDEntrenador, IDDisciplina, Nombre, PrimerApellido, SegundoApellido, FechaNacimiento, Nacionalidad, Genero) values (114, 120, 'Sumner', 'Tackell', 'Dearden', '1988-09-12', 'Belga', 'F');
insert into Entrenador (IDEntrenador, IDDisciplina, Nombre, PrimerApellido, SegundoApellido, FechaNacimiento, Nacionalidad, Genero) values (115, 124, 'Ximenez', 'Ashfold', 'Bassil', '1975-11-27', 'Rumana', 'F');
insert into Entrenador (IDEntrenador, IDDisciplina, Nombre, PrimerApellido, SegundoApellido, FechaNacimiento, Nacionalidad, Genero) values (116, 76, 'Davita', 'Forrester', 'Mahady', '1994-10-03', 'Suiza', 'M');
insert into Entrenador (IDEntrenador, IDDisciplina, Nombre, PrimerApellido, SegundoApellido, FechaNacimiento, Nacionalidad, Genero) values (117, 120, 'Hestia', 'Hasson', 'Buyers', '1981-08-09', 'Kazaja', 'M');
insert into Entrenador (IDEntrenador, IDDisciplina, Nombre, PrimerApellido, SegundoApellido, FechaNacimiento, Nacionalidad, Genero) values (118, 56, 'Deane', 'Gussin', 'Schirak', '1988-08-26', 'Coreana', 'F');
insert into Entrenador (IDEntrenador, IDDisciplina, Nombre, PrimerApellido, SegundoApellido, FechaNacimiento, Nacionalidad, Genero) values (119, 87, 'Rois', 'Hathaway', 'Lippo', '1980-07-24', 'Ucraniana', 'F');
insert into Entrenador (IDEntrenador, IDDisciplina, Nombre, PrimerApellido, SegundoApellido, FechaNacimiento, Nacionalidad, Genero) values (120, 150, 'Caty', 'Blabie', 'Foucher', '1981-10-25', 'Indonesia', 'M');
insert into Entrenador (IDEntrenador, IDDisciplina, Nombre, PrimerApellido, SegundoApellido, FechaNacimiento, Nacionalidad, Genero) values (121, 132, 'Gillian', 'Brattell', 'Treamayne', '1983-09-07', 'Española', 'M');
insert into Entrenador (IDEntrenador, IDDisciplina, Nombre, PrimerApellido, SegundoApellido, FechaNacimiento, Nacionalidad, Genero) values (122, 137, 'Larisa', 'Weinmann', 'O''Spellissey', '1983-10-26', 'Finlandesa', 'F');
insert into Entrenador (IDEntrenador, IDDisciplina, Nombre, PrimerApellido, SegundoApellido, FechaNacimiento, Nacionalidad, Genero) values (123, 56, 'Antonin', 'Law', 'Bartoli', '1994-08-20', 'Marroquí', 'M');
insert into Entrenador (IDEntrenador, IDDisciplina, Nombre, PrimerApellido, SegundoApellido, FechaNacimiento, Nacionalidad, Genero) values (124, 131, 'Abbey', 'Winear', 'Georgius', '1971-06-01', 'Nigeriana', 'M');
insert into Entrenador (IDEntrenador, IDDisciplina, Nombre, PrimerApellido, SegundoApellido, FechaNacimiento, Nacionalidad, Genero) values (125, 55, 'Zorina', 'Ibbitt', 'Overell', '1983-07-09', 'Nigeriana', 'F');
insert into Entrenador (IDEntrenador, IDDisciplina, Nombre, PrimerApellido, SegundoApellido, FechaNacimiento, Nacionalidad, Genero) values (126, 120, 'Ruthie', 'Solway', 'Reed', '1985-12-15', 'Camerunesa', 'M');
insert into Entrenador (IDEntrenador, IDDisciplina, Nombre, PrimerApellido, SegundoApellido, FechaNacimiento, Nacionalidad, Genero) values (127, 1, 'Tabor', 'Gauchier', 'Wiltshaw', '1989-03-18', 'Rumana', 'M');
insert into Entrenador (IDEntrenador, IDDisciplina, Nombre, PrimerApellido, SegundoApellido, FechaNacimiento, Nacionalidad, Genero) values (128, 46, 'Rhianon', 'McComb', 'Le Breton De La Vieuville', '1971-11-15', 'Portuguesa', 'F');
insert into Entrenador (IDEntrenador, IDDisciplina, Nombre, PrimerApellido, SegundoApellido, FechaNacimiento, Nacionalidad, Genero) values (129, 114, 'Abbye', 'Cail', 'Wildbore', '1982-08-22', 'Kazaja', 'M');
insert into Entrenador (IDEntrenador, IDDisciplina, Nombre, PrimerApellido, SegundoApellido, FechaNacimiento, Nacionalidad, Genero) values (130, 129, 'Ursuline', 'Mc Ilory', 'Pellamont', '1989-07-13', 'Keniata', 'M');
insert into Entrenador (IDEntrenador, IDDisciplina, Nombre, PrimerApellido, SegundoApellido, FechaNacimiento, Nacionalidad, Genero) values (131, 66, 'Cash', 'Goodlatt', 'Coghlin', '1991-11-30', 'Iraquí', 'M');
insert into Entrenador (IDEntrenador, IDDisciplina, Nombre, PrimerApellido, SegundoApellido, FechaNacimiento, Nacionalidad, Genero) values (132, 133, 'Hugibert', 'Meus', 'Stanion', '1975-10-29', 'Vietnamita', 'F');
insert into Entrenador (IDEntrenador, IDDisciplina, Nombre, PrimerApellido, SegundoApellido, FechaNacimiento, Nacionalidad, Genero) values (133, 49, 'Wenona', 'Iskow', 'Ambrogioli', '1991-10-07', 'Portuguesa', 'F');
insert into Entrenador (IDEntrenador, IDDisciplina, Nombre, PrimerApellido, SegundoApellido, FechaNacimiento, Nacionalidad, Genero) values (134, 115, 'Harley', 'Malyan', 'Aspole', '1976-04-03', 'Brasileña', 'F');
insert into Entrenador (IDEntrenador, IDDisciplina, Nombre, PrimerApellido, SegundoApellido, FechaNacimiento, Nacionalidad, Genero) values (135, 61, 'Ronald', 'Grimble', 'Mewha', '1989-08-05', 'Colombiana', 'M');
insert into Entrenador (IDEntrenador, IDDisciplina, Nombre, PrimerApellido, SegundoApellido, FechaNacimiento, Nacionalidad, Genero) values (136, 147, 'Vanna', 'Bassindale', 'Jendas', '1990-11-02', 'Griega', 'F');
insert into Entrenador (IDEntrenador, IDDisciplina, Nombre, PrimerApellido, SegundoApellido, FechaNacimiento, Nacionalidad, Genero) values (137, 78, 'Perry', 'Gabbett', 'Tuohy', '1978-06-23', 'Griega', 'M');
insert into Entrenador (IDEntrenador, IDDisciplina, Nombre, PrimerApellido, SegundoApellido, FechaNacimiento, Nacionalidad, Genero) values (138, 45, 'Josie', 'Clifford', 'Reen', '1980-02-04', 'Mexicana', 'F');
insert into Entrenador (IDEntrenador, IDDisciplina, Nombre, PrimerApellido, SegundoApellido, FechaNacimiento, Nacionalidad, Genero) values (139, 95, 'Lelia', 'Albasini', 'Congrave', '1986-12-16', 'Australiana', 'M');
insert into Entrenador (IDEntrenador, IDDisciplina, Nombre, PrimerApellido, SegundoApellido, FechaNacimiento, Nacionalidad, Genero) values (140, 135, 'Shae', 'Mateo', 'Lewens', '1984-06-17', 'Marroquí', 'F');
insert into Entrenador (IDEntrenador, IDDisciplina, Nombre, PrimerApellido, SegundoApellido, FechaNacimiento, Nacionalidad, Genero) values (141, 43, 'Field', 'Gaber', 'Bonelle', '1975-08-13', 'Georgiana', 'M');
insert into Entrenador (IDEntrenador, IDDisciplina, Nombre, PrimerApellido, SegundoApellido, FechaNacimiento, Nacionalidad, Genero) values (142, 26, 'Vivienne', 'Verzey', 'Attwoul', '1979-06-29', 'Bangladesí', 'M');
insert into Entrenador (IDEntrenador, IDDisciplina, Nombre, PrimerApellido, SegundoApellido, FechaNacimiento, Nacionalidad, Genero) values (143, 3, 'Lusa', 'Delea', 'Camble', '1988-03-03', 'Canadiense', 'M');
insert into Entrenador (IDEntrenador, IDDisciplina, Nombre, PrimerApellido, SegundoApellido, FechaNacimiento, Nacionalidad, Genero) values (144, 28, 'Verge', 'Regglar', 'Barnfield', '1986-03-14', 'Turca', 'F');
insert into Entrenador (IDEntrenador, IDDisciplina, Nombre, PrimerApellido, SegundoApellido, FechaNacimiento, Nacionalidad, Genero) values (145, 149, 'Roma', 'Burleton', 'Dikles', '1978-12-31', 'Japonesa', 'M');
insert into Entrenador (IDEntrenador, IDDisciplina, Nombre, PrimerApellido, SegundoApellido, FechaNacimiento, Nacionalidad, Genero) values (146, 95, 'Adi', 'Burleton', 'Clapson', '1975-10-18', 'Noruega', 'M');
insert into Entrenador (IDEntrenador, IDDisciplina, Nombre, PrimerApellido, SegundoApellido, FechaNacimiento, Nacionalidad, Genero) values (147, 77, 'Amberly', 'Knoller', 'Eckly', '1973-06-30', 'Emiratí', 'M');
insert into Entrenador (IDEntrenador, IDDisciplina, Nombre, PrimerApellido, SegundoApellido, FechaNacimiento, Nacionalidad, Genero) values (148, 122, 'Archambault', 'Spaldin', 'Maciak', '1985-11-30', 'Alemana', 'F');
insert into Entrenador (IDEntrenador, IDDisciplina, Nombre, PrimerApellido, SegundoApellido, FechaNacimiento, Nacionalidad, Genero) values (149, 130, 'Angelique', 'Hallock', 'Strickler', '1991-08-01', 'Polaca', 'M');
insert into Entrenador (IDEntrenador, IDDisciplina, Nombre, PrimerApellido, SegundoApellido, FechaNacimiento, Nacionalidad, Genero) values (150, 27, 'Kelby', 'Kennler', 'Andrey', '1981-12-12', 'Austriaca', 'F');

-- Tuplas para la tabla Atleta
insert into Atleta (IDAtleta, NombrePais, IDEntrenador, Temporada, Nombre, PrimerApellido, SegundoApellido, FechaNacimiento, Nacionalidad, Genero) values (1, 'República Dominicana', 13, 2021, 'Justina', 'Halpeine', 'Lothlorien', '2001-05-05', 'Kazaja', 'M');
insert into Atleta (IDAtleta, NombrePais, IDEntrenador, Temporada, Nombre, PrimerApellido, SegundoApellido, FechaNacimiento, Nacionalidad, Genero) values (2, 'Barbados', 36, 2021, 'Hannis', 'Claasen', 'Pennells', '2016-10-13', 'Alemana', 'F');
insert into Atleta (IDAtleta, NombrePais, IDEntrenador, Temporada, Nombre, PrimerApellido, SegundoApellido, FechaNacimiento, Nacionalidad, Genero) values (3, 'Timor Oriental', 147, 2022, 'Westbrook', 'Brotherheed', 'Wix', '2016-09-21', 'Armenia', 'M');
insert into Atleta (IDAtleta, NombrePais, IDEntrenador, Temporada, Nombre, PrimerApellido, SegundoApellido, FechaNacimiento, Nacionalidad, Genero) values (4, 'Estados Unidos', 73, 2024, 'York', 'Chafer', 'Hartle', '1999-11-20', 'Australiana', 'F');
insert into Atleta (IDAtleta, NombrePais, IDEntrenador, Temporada, Nombre, PrimerApellido, SegundoApellido, FechaNacimiento, Nacionalidad, Genero) values (5, 'Líbano', 45, 2023, 'Xylina', 'Muzzollo', 'Flower', '1998-07-29', 'India', 'F');
insert into Atleta (IDAtleta, NombrePais, IDEntrenador, Temporada, Nombre, PrimerApellido, SegundoApellido, FechaNacimiento, Nacionalidad, Genero) values (6, 'Zambia', 56, 2024, 'Dyanna', 'Catcheside', 'Heiner', '2015-08-21', 'Rumana', 'F');
insert into Atleta (IDAtleta, NombrePais, IDEntrenador, Temporada, Nombre, PrimerApellido, SegundoApellido, FechaNacimiento, Nacionalidad, Genero) values (7, 'Finlandia', 26, 2022, 'Hyman', 'Bourgaize', 'Cecchi', '2002-11-14', 'Libanesa', 'F');
insert into Atleta (IDAtleta, NombrePais, IDEntrenador, Temporada, Nombre, PrimerApellido, SegundoApellido, FechaNacimiento, Nacionalidad, Genero) values (8, 'Botsuana', 56, 2024, 'Linc', 'Reichardt', 'Matterdace', '2000-01-23', 'Kazaja', 'M');
insert into Atleta (IDAtleta, NombrePais, IDEntrenador, Temporada, Nombre, PrimerApellido, SegundoApellido, FechaNacimiento, Nacionalidad, Genero) values (9, 'Maldivas', 48, 2023, 'Llywellyn', 'Nice', 'Cavet', '2005-08-31', 'Saudí', 'F');
insert into Atleta (IDAtleta, NombrePais, IDEntrenador, Temporada, Nombre, PrimerApellido, SegundoApellido, FechaNacimiento, Nacionalidad, Genero) values (10, 'Panamá', 130, 2021, 'Rana', 'Abad', 'Caseri', '2002-12-18', 'Venezolana', 'M');
insert into Atleta (IDAtleta, NombrePais, IDEntrenador, Temporada, Nombre, PrimerApellido, SegundoApellido, FechaNacimiento, Nacionalidad, Genero) values (11, 'Macedonia del Norte', 64, 2024, 'Francoise', 'Titchener', 'Greatrex', '2009-09-17', 'Saudí', 'F');
insert into Atleta (IDAtleta, NombrePais, IDEntrenador, Temporada, Nombre, PrimerApellido, SegundoApellido, FechaNacimiento, Nacionalidad, Genero) values (12, 'Ghana', 58, 2024, 'Margaux', 'Benninck', 'Pinnijar', '2008-07-12', 'Húngara', 'M');
insert into Atleta (IDAtleta, NombrePais, IDEntrenador, Temporada, Nombre, PrimerApellido, SegundoApellido, FechaNacimiento, Nacionalidad, Genero) values (13, 'Montenegro', 99, 2020, 'Lesly', 'Rea', 'Moyse', '2006-07-08', 'Keniata', 'F');
insert into Atleta (IDAtleta, NombrePais, IDEntrenador, Temporada, Nombre, PrimerApellido, SegundoApellido, FechaNacimiento, Nacionalidad, Genero) values (14, 'Barbados', 71, 2024, 'Katie', 'McCullouch', 'Flooks', '2016-09-08', 'Bangladesí', 'F');
insert into Atleta (IDAtleta, NombrePais, IDEntrenador, Temporada, Nombre, PrimerApellido, SegundoApellido, FechaNacimiento, Nacionalidad, Genero) values (15, 'Bután', 139, 2023, 'Maribel', 'Esby', 'Ladbury', '2015-12-28', 'Etíope', 'F');
insert into Atleta (IDAtleta, NombrePais, IDEntrenador, Temporada, Nombre, PrimerApellido, SegundoApellido, FechaNacimiento, Nacionalidad, Genero) values (16, 'Seychelles', 75, 2024, 'Cleveland', 'Mathie', 'Calver', '2011-03-19', 'Etíope', 'M');
insert into Atleta (IDAtleta, NombrePais, IDEntrenador, Temporada, Nombre, PrimerApellido, SegundoApellido, FechaNacimiento, Nacionalidad, Genero) values (17, 'Portugal', 109, 2020, 'Brendin', 'Sleany', 'Stampfer', '2008-06-23', 'Noruega', 'M');
insert into Atleta (IDAtleta, NombrePais, IDEntrenador, Temporada, Nombre, PrimerApellido, SegundoApellido, FechaNacimiento, Nacionalidad, Genero) values (18, 'China', 56, 2024, 'Ignatius', 'Sherston', 'Boom', '2013-12-27', 'Española', 'M');
insert into Atleta (IDAtleta, NombrePais, IDEntrenador, Temporada, Nombre, PrimerApellido, SegundoApellido, FechaNacimiento, Nacionalidad, Genero) values (19, 'Myanmar', 60, 2022, 'Lizette', 'Glaysher', 'Fetherston', '2008-07-06', 'Británica', 'F');
insert into Atleta (IDAtleta, NombrePais, IDEntrenador, Temporada, Nombre, PrimerApellido, SegundoApellido, FechaNacimiento, Nacionalidad, Genero) values (20, 'Guinea', 139, 2023, 'Ginny', 'Robroe', 'Barry', '2008-03-01', 'Belga', 'F');
insert into Atleta (IDAtleta, NombrePais, IDEntrenador, Temporada, Nombre, PrimerApellido, SegundoApellido, FechaNacimiento, Nacionalidad, Genero) values (21, 'Honduras', 23, 2021, 'Jeromy', 'Butterfill', 'Otterwell', '2014-11-12', 'Checa', 'M');
insert into Atleta (IDAtleta, NombrePais, IDEntrenador, Temporada, Nombre, PrimerApellido, SegundoApellido, FechaNacimiento, Nacionalidad, Genero) values (22, 'República Democrática del Congo', 80, 2022, 'Earl', 'Ivashnikov', 'Wallis', '2010-07-20', 'Española', 'F');
insert into Atleta (IDAtleta, NombrePais, IDEntrenador, Temporada, Nombre, PrimerApellido, SegundoApellido, FechaNacimiento, Nacionalidad, Genero) values (23, 'Luxemburgo', 27, 2023, 'Chiquita', 'Feldstern', 'Stothert', '1997-04-07', 'Iraquí', 'M');
insert into Atleta (IDAtleta, NombrePais, IDEntrenador, Temporada, Nombre, PrimerApellido, SegundoApellido, FechaNacimiento, Nacionalidad, Genero) values (24, 'Somalia', 53, 2024, 'Hinze', 'Dolphin', 'Marquese', '1998-06-14', 'Noruega', 'F');
insert into Atleta (IDAtleta, NombrePais, IDEntrenador, Temporada, Nombre, PrimerApellido, SegundoApellido, FechaNacimiento, Nacionalidad, Genero) values (25, 'Honduras', 26, 2023, 'Brigida', 'Parvin', 'Prujean', '2008-10-11', 'Japonesa', 'M');
insert into Atleta (IDAtleta, NombrePais, IDEntrenador, Temporada, Nombre, PrimerApellido, SegundoApellido, FechaNacimiento, Nacionalidad, Genero) values (26, 'Dinamarca', 59, 2023, 'Hailey', 'Yeulet', 'Rainy', '2001-06-07', 'Finlandesa', 'M');
insert into Atleta (IDAtleta, NombrePais, IDEntrenador, Temporada, Nombre, PrimerApellido, SegundoApellido, FechaNacimiento, Nacionalidad, Genero) values (27, 'Paraguay', 128, 2022, 'Corbie', 'Noice', 'Gaitung', '1999-11-12', 'Argelina', 'F');
insert into Atleta (IDAtleta, NombrePais, IDEntrenador, Temporada, Nombre, PrimerApellido, SegundoApellido, FechaNacimiento, Nacionalidad, Genero) values (28, 'China', 11, 2022, 'Stacee', 'Longhurst', 'Boothroyd', '2016-07-21', 'Azerbaiyana', 'M');
insert into Atleta (IDAtleta, NombrePais, IDEntrenador, Temporada, Nombre, PrimerApellido, SegundoApellido, FechaNacimiento, Nacionalidad, Genero) values (29, 'Argentina', 73, 2023, 'Feodor', 'Schops', 'Stilliard', '2007-09-21', 'Jordana', 'M');
insert into Atleta (IDAtleta, NombrePais, IDEntrenador, Temporada, Nombre, PrimerApellido, SegundoApellido, FechaNacimiento, Nacionalidad, Genero) values (30, 'Filipinas', 59, 2020, 'Truda', 'Wenham', 'Tomsett', '1995-12-12', 'Sueca', 'F');
insert into Atleta (IDAtleta, NombrePais, IDEntrenador, Temporada, Nombre, PrimerApellido, SegundoApellido, FechaNacimiento, Nacionalidad, Genero) values (31, 'Namibia', 9, 2020, 'Roby', 'Chesworth', 'Kingett', '2013-03-12', 'Chilena', 'F');
insert into Atleta (IDAtleta, NombrePais, IDEntrenador, Temporada, Nombre, PrimerApellido, SegundoApellido, FechaNacimiento, Nacionalidad, Genero) values (32, 'Rusia', 99, 2022, 'Sibbie', 'Trudgeon', 'Whyley', '1998-02-18', 'Iraquí', 'M');
insert into Atleta (IDAtleta, NombrePais, IDEntrenador, Temporada, Nombre, PrimerApellido, SegundoApellido, FechaNacimiento, Nacionalidad, Genero) values (33, 'Bolivia', 12, 2024, 'Thornie', 'Scorah', 'Hearse', '2010-05-01', 'Británica', 'F');
insert into Atleta (IDAtleta, NombrePais, IDEntrenador, Temporada, Nombre, PrimerApellido, SegundoApellido, FechaNacimiento, Nacionalidad, Genero) values (34, 'Honduras', 11, 2024, 'Darline', 'Triggs', 'Moss', '2016-09-07', 'Kazaja', 'F');
insert into Atleta (IDAtleta, NombrePais, IDEntrenador, Temporada, Nombre, PrimerApellido, SegundoApellido, FechaNacimiento, Nacionalidad, Genero) values (35, 'Egipto', 118, 2020, 'Lula', 'Swatton', 'Darwen', '1998-10-17', 'Saudí', 'F');
insert into Atleta (IDAtleta, NombrePais, IDEntrenador, Temporada, Nombre, PrimerApellido, SegundoApellido, FechaNacimiento, Nacionalidad, Genero) values (36, 'Gabón', 41, 2022, 'Lavinia', 'Dimeloe', 'Hannah', '2003-05-12', 'Turca', 'F');
insert into Atleta (IDAtleta, NombrePais, IDEntrenador, Temporada, Nombre, PrimerApellido, SegundoApellido, FechaNacimiento, Nacionalidad, Genero) values (37, 'Tailandia', 57, 2020, 'Garret', 'Coundley', 'Burgise', '2012-11-29', 'Chilena', 'F');
insert into Atleta (IDAtleta, NombrePais, IDEntrenador, Temporada, Nombre, PrimerApellido, SegundoApellido, FechaNacimiento, Nacionalidad, Genero) values (38, 'Chad', 27, 2021, 'Pammy', 'McCorley', 'Dunlea', '2013-06-09', 'India', 'F');
insert into Atleta (IDAtleta, NombrePais, IDEntrenador, Temporada, Nombre, PrimerApellido, SegundoApellido, FechaNacimiento, Nacionalidad, Genero) values (39, 'Trinidad y Tobago', 3, 2024, 'Marlowe', 'Burril', 'Cluckie', '1996-11-29', 'Ucraniana', 'M');
insert into Atleta (IDAtleta, NombrePais, IDEntrenador, Temporada, Nombre, PrimerApellido, SegundoApellido, FechaNacimiento, Nacionalidad, Genero) values (40, 'Argelia', 72, 2023, 'Gun', 'Greschik', 'Menchenton', '2015-01-18', 'Japonesa', 'F');
insert into Atleta (IDAtleta, NombrePais, IDEntrenador, Temporada, Nombre, PrimerApellido, SegundoApellido, FechaNacimiento, Nacionalidad, Genero) values (41, 'Guatemala', 31, 2023, 'Cally', 'Skace', 'Basant', '2007-12-07', 'Sudafricana', 'F');
insert into Atleta (IDAtleta, NombrePais, IDEntrenador, Temporada, Nombre, PrimerApellido, SegundoApellido, FechaNacimiento, Nacionalidad, Genero) values (42, 'Samoa', 96, 2022, 'Karrah', 'Woofenden', 'Dodman', '2010-10-14', 'Polaca', 'M');
insert into Atleta (IDAtleta, NombrePais, IDEntrenador, Temporada, Nombre, PrimerApellido, SegundoApellido, FechaNacimiento, Nacionalidad, Genero) values (43, 'Ucrania', 107, 2024, 'Sibeal', 'Normanville', 'Luna', '2006-05-24', 'Española', 'M');
insert into Atleta (IDAtleta, NombrePais, IDEntrenador, Temporada, Nombre, PrimerApellido, SegundoApellido, FechaNacimiento, Nacionalidad, Genero) values (44, 'Serbia', 47, 2020, 'Kerrill', 'Gabitis', 'Botly', '2005-12-20', 'Bangladesí', 'M');
insert into Atleta (IDAtleta, NombrePais, IDEntrenador, Temporada, Nombre, PrimerApellido, SegundoApellido, FechaNacimiento, Nacionalidad, Genero) values (45, 'Bahamas', 129, 2023, 'Marjory', 'Avis', 'Basini-Gazzi', '2011-03-27', 'Keniata', 'F');
insert into Atleta (IDAtleta, NombrePais, IDEntrenador, Temporada, Nombre, PrimerApellido, SegundoApellido, FechaNacimiento, Nacionalidad, Genero) values (46, 'Fiyi', 12, 2022, 'Kaine', 'Murrey', 'Gerhold', '1998-04-06', 'Suiza', 'F');
insert into Atleta (IDAtleta, NombrePais, IDEntrenador, Temporada, Nombre, PrimerApellido, SegundoApellido, FechaNacimiento, Nacionalidad, Genero) values (47, 'Grecia', 94, 2021, 'Rhona', 'Iacovino', 'Flucks', '1997-02-16', 'Brasileña', 'M');
insert into Atleta (IDAtleta, NombrePais, IDEntrenador, Temporada, Nombre, PrimerApellido, SegundoApellido, FechaNacimiento, Nacionalidad, Genero) values (48, 'Sierra Leona', 104, 2024, 'Blanche', 'Falconbridge', 'Paternoster', '2002-08-03', 'Bangladesí', 'M');
insert into Atleta (IDAtleta, NombrePais, IDEntrenador, Temporada, Nombre, PrimerApellido, SegundoApellido, FechaNacimiento, Nacionalidad, Genero) values (49, 'Surinam', 108, 2021, 'Finn', 'McClymont', 'Gudgion', '2015-03-11', 'Libanesa', 'F');
insert into Atleta (IDAtleta, NombrePais, IDEntrenador, Temporada, Nombre, PrimerApellido, SegundoApellido, FechaNacimiento, Nacionalidad, Genero) values (50, 'Túnez', 148, 2021, 'Bennie', 'Matis', 'Dayton', '1997-12-01', 'Brasileña', 'M');
insert into Atleta (IDAtleta, NombrePais, IDEntrenador, Temporada, Nombre, PrimerApellido, SegundoApellido, FechaNacimiento, Nacionalidad, Genero) values (51, 'Líbano', 127, 2024, 'Sylvester', 'De Gregoli', 'Hearnshaw', '1999-10-09', 'Saudí', 'M');
insert into Atleta (IDAtleta, NombrePais, IDEntrenador, Temporada, Nombre, PrimerApellido, SegundoApellido, FechaNacimiento, Nacionalidad, Genero) values (52, 'Túnez', 116, 2022, 'Risa', 'Glyne', 'Leirmonth', '2003-11-25', 'Indonesia', 'M');
insert into Atleta (IDAtleta, NombrePais, IDEntrenador, Temporada, Nombre, PrimerApellido, SegundoApellido, FechaNacimiento, Nacionalidad, Genero) values (53, 'Irlanda', 40, 2022, 'Barret', 'Arnolds', 'Mapplebeck', '1995-03-30', 'Etíope', 'M');
insert into Atleta (IDAtleta, NombrePais, IDEntrenador, Temporada, Nombre, PrimerApellido, SegundoApellido, FechaNacimiento, Nacionalidad, Genero) values (54, 'Bélgica', 138, 2024, 'Leif', 'Bydaway', 'Iacomini', '2005-03-13', 'Vietnamita', 'F');
insert into Atleta (IDAtleta, NombrePais, IDEntrenador, Temporada, Nombre, PrimerApellido, SegundoApellido, FechaNacimiento, Nacionalidad, Genero) values (55, 'Camboya', 37, 2020, 'Allyn', 'Sidsaff', 'Nickell', '2011-08-11', 'Emiratí', 'F');
insert into Atleta (IDAtleta, NombrePais, IDEntrenador, Temporada, Nombre, PrimerApellido, SegundoApellido, FechaNacimiento, Nacionalidad, Genero) values (56, 'Turkmenistán', 106, 2022, 'Adel', 'Yokley', 'Vasishchev', '2008-01-17', 'Sueca', 'F');
insert into Atleta (IDAtleta, NombrePais, IDEntrenador, Temporada, Nombre, PrimerApellido, SegundoApellido, FechaNacimiento, Nacionalidad, Genero) values (57, 'Lesoto', 33, 2024, 'Haleigh', 'Shobbrook', 'Kienle', '2013-04-06', 'Rusa', 'M');
insert into Atleta (IDAtleta, NombrePais, IDEntrenador, Temporada, Nombre, PrimerApellido, SegundoApellido, FechaNacimiento, Nacionalidad, Genero) values (58, 'Rumanía', 15, 2024, 'Jackelyn', 'Paradise', 'Lambole', '2002-02-08', 'Británica', 'F');
insert into Atleta (IDAtleta, NombrePais, IDEntrenador, Temporada, Nombre, PrimerApellido, SegundoApellido, FechaNacimiento, Nacionalidad, Genero) values (59, 'Cabo Verde', 58, 2023, 'Alwyn', 'Ugoni', 'Houndson', '2006-01-15', 'Italiana', 'M');
insert into Atleta (IDAtleta, NombrePais, IDEntrenador, Temporada, Nombre, PrimerApellido, SegundoApellido, FechaNacimiento, Nacionalidad, Genero) values (60, 'Papúa Nueva Guinea', 88, 2020, 'Gweneth', 'Kruger', 'Yellep', '2000-06-19', 'Ucraniana', 'M');
insert into Atleta (IDAtleta, NombrePais, IDEntrenador, Temporada, Nombre, PrimerApellido, SegundoApellido, FechaNacimiento, Nacionalidad, Genero) values (61, 'Irán', 100, 2020, 'Amalie', 'Beeton', 'Pedden', '2012-12-08', 'Rumana', 'M');
insert into Atleta (IDAtleta, NombrePais, IDEntrenador, Temporada, Nombre, PrimerApellido, SegundoApellido, FechaNacimiento, Nacionalidad, Genero) values (62, 'Canadá', 139, 2024, 'Ingeborg', 'Orneblow', 'Francombe', '2013-03-14', 'India', 'F');
insert into Atleta (IDAtleta, NombrePais, IDEntrenador, Temporada, Nombre, PrimerApellido, SegundoApellido, FechaNacimiento, Nacionalidad, Genero) values (63, 'Paraguay', 26, 2020, 'Annelise', 'Beldam', 'Domingues', '2006-06-01', 'Camerunesa', 'F');
insert into Atleta (IDAtleta, NombrePais, IDEntrenador, Temporada, Nombre, PrimerApellido, SegundoApellido, FechaNacimiento, Nacionalidad, Genero) values (64, 'Filipinas', 47, 2020, 'Bertram', 'Cranefield', 'Ferry', '2011-09-15', 'Indonesia', 'F');
insert into Atleta (IDAtleta, NombrePais, IDEntrenador, Temporada, Nombre, PrimerApellido, SegundoApellido, FechaNacimiento, Nacionalidad, Genero) values (65, 'Canadá', 49, 2022, 'Joane', 'Fairhall', 'Jarnell', '2009-10-28', 'Holandesa', 'M');
insert into Atleta (IDAtleta, NombrePais, IDEntrenador, Temporada, Nombre, PrimerApellido, SegundoApellido, FechaNacimiento, Nacionalidad, Genero) values (66, 'Madagascar', 95, 2023, 'Krystyna', 'Martini', 'Havvock', '2004-02-11', 'Etíope', 'M');
insert into Atleta (IDAtleta, NombrePais, IDEntrenador, Temporada, Nombre, PrimerApellido, SegundoApellido, FechaNacimiento, Nacionalidad, Genero) values (67, 'Austria', 72, 2020, 'Carlynne', 'Olsen', 'Crossgrove', '1999-07-05', 'Malasia', 'F');
insert into Atleta (IDAtleta, NombrePais, IDEntrenador, Temporada, Nombre, PrimerApellido, SegundoApellido, FechaNacimiento, Nacionalidad, Genero) values (68, 'Pakistán', 35, 2023, 'Urbanus', 'Lasselle', 'Wesgate', '2002-12-21', 'Japonesa', 'M');
insert into Atleta (IDAtleta, NombrePais, IDEntrenador, Temporada, Nombre, PrimerApellido, SegundoApellido, FechaNacimiento, Nacionalidad, Genero) values (69, 'Arabia Saudita', 128, 2023, 'Judon', 'Wehnerr', 'Labusquiere', '1998-04-12', 'Uzbeka', 'F');
insert into Atleta (IDAtleta, NombrePais, IDEntrenador, Temporada, Nombre, PrimerApellido, SegundoApellido, FechaNacimiento, Nacionalidad, Genero) values (70, 'Fiyi', 132, 2024, 'Rosaleen', 'Veillard', 'Applegarth', '2006-12-10', 'Israelí', 'M');
insert into Atleta (IDAtleta, NombrePais, IDEntrenador, Temporada, Nombre, PrimerApellido, SegundoApellido, FechaNacimiento, Nacionalidad, Genero) values (71, 'Ecuador', 75, 2024, 'Nat', 'Elsley', 'Rabl', '2001-03-04', 'Italiana', 'M');
insert into Atleta (IDAtleta, NombrePais, IDEntrenador, Temporada, Nombre, PrimerApellido, SegundoApellido, FechaNacimiento, Nacionalidad, Genero) values (72, 'Suecia', 44, 2023, 'Tally', 'Tierney', 'Arnaldo', '1999-12-27', 'Egipcia', 'F');
insert into Atleta (IDAtleta, NombrePais, IDEntrenador, Temporada, Nombre, PrimerApellido, SegundoApellido, FechaNacimiento, Nacionalidad, Genero) values (73, 'Mongolia', 69, 2020, 'Lock', 'Cosins', 'McFaul', '2003-10-24', 'Checa', 'F');
insert into Atleta (IDAtleta, NombrePais, IDEntrenador, Temporada, Nombre, PrimerApellido, SegundoApellido, FechaNacimiento, Nacionalidad, Genero) values (74, 'Corea del Norte', 125, 2023, 'Sim', 'Spellacy', 'Darlasson', '2005-08-23', 'Sueca', 'M');
insert into Atleta (IDAtleta, NombrePais, IDEntrenador, Temporada, Nombre, PrimerApellido, SegundoApellido, FechaNacimiento, Nacionalidad, Genero) values (75, 'Egipto', 46, 2021, 'Ruthe', 'Anthona', 'Ledrane', '1996-09-21', 'Australiana', 'M');
insert into Atleta (IDAtleta, NombrePais, IDEntrenador, Temporada, Nombre, PrimerApellido, SegundoApellido, FechaNacimiento, Nacionalidad, Genero) values (76, 'Colombia', 43, 2023, 'Mariya', 'Forsaith', 'Busain', '1996-06-10', 'Jordana', 'F');
insert into Atleta (IDAtleta, NombrePais, IDEntrenador, Temporada, Nombre, PrimerApellido, SegundoApellido, FechaNacimiento, Nacionalidad, Genero) values (77, 'Luxemburgo', 113, 2023, 'Jdavie', 'Baise', 'Rosborough', '1999-10-31', 'Pakistaní', 'F');
insert into Atleta (IDAtleta, NombrePais, IDEntrenador, Temporada, Nombre, PrimerApellido, SegundoApellido, FechaNacimiento, Nacionalidad, Genero) values (78, 'Qatar', 23, 2021, 'Seth', 'Draye', 'Shreeve', '2008-11-05', 'Danesa', 'F');
insert into Atleta (IDAtleta, NombrePais, IDEntrenador, Temporada, Nombre, PrimerApellido, SegundoApellido, FechaNacimiento, Nacionalidad, Genero) values (79, 'Hungría', 29, 2023, 'Newton', 'Suttling', 'Cathie', '2004-08-25', 'Argentina', 'F');
insert into Atleta (IDAtleta, NombrePais, IDEntrenador, Temporada, Nombre, PrimerApellido, SegundoApellido, FechaNacimiento, Nacionalidad, Genero) values (80, 'Mongolia', 40, 2020, 'Sindee', 'Domleo', 'Wattins', '2001-07-07', 'Turca', 'F');
insert into Atleta (IDAtleta, NombrePais, IDEntrenador, Temporada, Nombre, PrimerApellido, SegundoApellido, FechaNacimiento, Nacionalidad, Genero) values (81, 'India', 70, 2020, 'Bess', 'Cardenosa', 'Dilley', '1997-04-16', 'Qatarí', 'M');
insert into Atleta (IDAtleta, NombrePais, IDEntrenador, Temporada, Nombre, PrimerApellido, SegundoApellido, FechaNacimiento, Nacionalidad, Genero) values (82, 'Yemen', 104, 2020, 'Doti', 'Glencrosche', 'Lynam', '2000-08-14', 'Danesa', 'F');
insert into Atleta (IDAtleta, NombrePais, IDEntrenador, Temporada, Nombre, PrimerApellido, SegundoApellido, FechaNacimiento, Nacionalidad, Genero) values (83, 'Malaui', 94, 2024, 'Hort', 'Vercruysse', 'Penreth', '2016-04-13', 'Rumana', 'M');
insert into Atleta (IDAtleta, NombrePais, IDEntrenador, Temporada, Nombre, PrimerApellido, SegundoApellido, FechaNacimiento, Nacionalidad, Genero) values (84, 'Benín', 45, 2021, 'Humfrid', 'Piletic', 'Kield', '2006-10-15', 'Rumana', 'F');
insert into Atleta (IDAtleta, NombrePais, IDEntrenador, Temporada, Nombre, PrimerApellido, SegundoApellido, FechaNacimiento, Nacionalidad, Genero) values (85, 'Eslovaquia', 42, 2020, 'Trevor', 'Jirieck', 'Bendix', '1996-11-25', 'Turca', 'F');
insert into Atleta (IDAtleta, NombrePais, IDEntrenador, Temporada, Nombre, PrimerApellido, SegundoApellido, FechaNacimiento, Nacionalidad, Genero) values (86, 'Kenia', 25, 2021, 'Sauncho', 'O''Growgane', 'Milmore', '2006-06-13', 'Portuguesa', 'F');
insert into Atleta (IDAtleta, NombrePais, IDEntrenador, Temporada, Nombre, PrimerApellido, SegundoApellido, FechaNacimiento, Nacionalidad, Genero) values (87, 'Guinea', 56, 2023, 'Deanne', 'Knyvett', 'Dietzler', '2004-09-25', 'Marroquí', 'M');
insert into Atleta (IDAtleta, NombrePais, IDEntrenador, Temporada, Nombre, PrimerApellido, SegundoApellido, FechaNacimiento, Nacionalidad, Genero) values (88, 'Israel', 100, 2020, 'Baird', 'Fetherstone', 'Milmore', '2009-03-26', 'Kuwaití', 'F');
insert into Atleta (IDAtleta, NombrePais, IDEntrenador, Temporada, Nombre, PrimerApellido, SegundoApellido, FechaNacimiento, Nacionalidad, Genero) values (89, 'Baréin', 23, 2020, 'Miles', 'Gascoyne', 'Hucknall', '1997-04-05', 'Keniata', 'F');
insert into Atleta (IDAtleta, NombrePais, IDEntrenador, Temporada, Nombre, PrimerApellido, SegundoApellido, FechaNacimiento, Nacionalidad, Genero) values (90, 'Costa Rica', 113, 2023, 'Odelia', 'Blackbourn', 'McNevin', '1997-05-02', 'Canadiense', 'F');
insert into Atleta (IDAtleta, NombrePais, IDEntrenador, Temporada, Nombre, PrimerApellido, SegundoApellido, FechaNacimiento, Nacionalidad, Genero) values (91, 'Rusia', 78, 2024, 'Karlis', 'Cracker', 'Surtees', '1995-10-15', 'Jordana', 'M');
insert into Atleta (IDAtleta, NombrePais, IDEntrenador, Temporada, Nombre, PrimerApellido, SegundoApellido, FechaNacimiento, Nacionalidad, Genero) values (92, 'Canadá', 33, 2021, 'Rhys', 'Muzzi', 'Rainon', '1999-11-06', 'Holandesa', 'F');
insert into Atleta (IDAtleta, NombrePais, IDEntrenador, Temporada, Nombre, PrimerApellido, SegundoApellido, FechaNacimiento, Nacionalidad, Genero) values (93, 'Mauricio', 80, 2023, 'Beltran', 'Bozworth', 'Johantges', '1995-07-04', 'Jordana', 'M');
insert into Atleta (IDAtleta, NombrePais, IDEntrenador, Temporada, Nombre, PrimerApellido, SegundoApellido, FechaNacimiento, Nacionalidad, Genero) values (94, 'Polonia', 13, 2024, 'Gerianne', 'Trowel', 'Ronci', '1998-08-19', 'Malasia', 'F');
insert into Atleta (IDAtleta, NombrePais, IDEntrenador, Temporada, Nombre, PrimerApellido, SegundoApellido, FechaNacimiento, Nacionalidad, Genero) values (95, 'Irak', 46, 2020, 'Celestia', 'Breissan', 'Luttgert', '2007-06-20', 'Alemana', 'F');
insert into Atleta (IDAtleta, NombrePais, IDEntrenador, Temporada, Nombre, PrimerApellido, SegundoApellido, FechaNacimiento, Nacionalidad, Genero) values (96, 'Cabo Verde', 68, 2022, 'Nalani', 'Roullier', 'Favill', '1999-08-10', 'Rusa', 'F');
insert into Atleta (IDAtleta, NombrePais, IDEntrenador, Temporada, Nombre, PrimerApellido, SegundoApellido, FechaNacimiento, Nacionalidad, Genero) values (97, 'Dinamarca', 98, 2024, 'Arabela', 'Gallaccio', 'Jinkinson', '2008-04-12', 'Japonesa', 'F');
insert into Atleta (IDAtleta, NombrePais, IDEntrenador, Temporada, Nombre, PrimerApellido, SegundoApellido, FechaNacimiento, Nacionalidad, Genero) values (98, 'Eslovaquia', 92, 2022, 'Idell', 'Crowhurst', 'Swanson', '2003-11-13', 'Polaca', 'M');
insert into Atleta (IDAtleta, NombrePais, IDEntrenador, Temporada, Nombre, PrimerApellido, SegundoApellido, FechaNacimiento, Nacionalidad, Genero) values (99, 'Comoras', 97, 2021, 'Kaia', 'Marval', 'Podbury', '2016-12-23', 'Tunecina', 'M');
insert into Atleta (IDAtleta, NombrePais, IDEntrenador, Temporada, Nombre, PrimerApellido, SegundoApellido, FechaNacimiento, Nacionalidad, Genero) values (100, 'Eslovaquia', 19, 2024, 'Raine', 'Bromidge', 'Lennarde', '2007-10-11', 'Venezolana', 'F');
insert into Atleta (IDAtleta, NombrePais, IDEntrenador, Temporada, Nombre, PrimerApellido, SegundoApellido, FechaNacimiento, Nacionalidad, Genero) values (101, 'Zambia', 107, 2020, 'Jephthah', 'Licas', 'Kelf', '2009-10-22', 'Egipcia', 'M');
insert into Atleta (IDAtleta, NombrePais, IDEntrenador, Temporada, Nombre, PrimerApellido, SegundoApellido, FechaNacimiento, Nacionalidad, Genero) values (102, 'Kazajistán', 29, 2022, 'Saundra', 'Upcott', 'Heaphy', '2006-08-04', 'Portuguesa', 'F');
insert into Atleta (IDAtleta, NombrePais, IDEntrenador, Temporada, Nombre, PrimerApellido, SegundoApellido, FechaNacimiento, Nacionalidad, Genero) values (103, 'Omán', 115, 2023, 'Town', 'Bowell', 'Bullivant', '1995-01-21', 'Japonesa', 'M');
insert into Atleta (IDAtleta, NombrePais, IDEntrenador, Temporada, Nombre, PrimerApellido, SegundoApellido, FechaNacimiento, Nacionalidad, Genero) values (104, 'Ruanda', 114, 2022, 'Ashla', 'Kissell', 'Breit', '2004-04-21', 'Chilena', 'M');
insert into Atleta (IDAtleta, NombrePais, IDEntrenador, Temporada, Nombre, PrimerApellido, SegundoApellido, FechaNacimiento, Nacionalidad, Genero) values (105, 'Maldivas', 145, 2021, 'Valene', 'Rodinger', 'Grayshan', '2002-03-27', 'Armenia', 'M');
insert into Atleta (IDAtleta, NombrePais, IDEntrenador, Temporada, Nombre, PrimerApellido, SegundoApellido, FechaNacimiento, Nacionalidad, Genero) values (106, 'Baréin', 10, 2022, 'Alfonse', 'Hayhoe', 'Adacot', '2012-12-18', 'Suiza', 'F');
insert into Atleta (IDAtleta, NombrePais, IDEntrenador, Temporada, Nombre, PrimerApellido, SegundoApellido, FechaNacimiento, Nacionalidad, Genero) values (107, 'Kenia', 109, 2021, 'James', 'Clemenzo', 'McCorkell', '2012-07-08', 'Saudí', 'F');
insert into Atleta (IDAtleta, NombrePais, IDEntrenador, Temporada, Nombre, PrimerApellido, SegundoApellido, FechaNacimiento, Nacionalidad, Genero) values (108, 'Italia', 58, 2021, 'Marsha', 'Twist', 'Forten', '2010-05-01', 'Omaní', 'M');
insert into Atleta (IDAtleta, NombrePais, IDEntrenador, Temporada, Nombre, PrimerApellido, SegundoApellido, FechaNacimiento, Nacionalidad, Genero) values (109, 'Serbia', 5, 2022, 'Reade', 'Whight', 'Scorah', '2000-04-04', 'Keniata', 'M');
insert into Atleta (IDAtleta, NombrePais, IDEntrenador, Temporada, Nombre, PrimerApellido, SegundoApellido, FechaNacimiento, Nacionalidad, Genero) values (110, 'Malta', 40, 2020, 'Johannah', 'Yedall', 'Caldeyroux', '2011-11-06', 'Coreana', 'M');
insert into Atleta (IDAtleta, NombrePais, IDEntrenador, Temporada, Nombre, PrimerApellido, SegundoApellido, FechaNacimiento, Nacionalidad, Genero) values (111, 'Guatemala', 131, 2020, 'Bryn', 'Getty', 'Topes', '1996-12-02', 'Española', 'F');
insert into Atleta (IDAtleta, NombrePais, IDEntrenador, Temporada, Nombre, PrimerApellido, SegundoApellido, FechaNacimiento, Nacionalidad, Genero) values (112, 'Israel', 112, 2024, 'Henka', 'Minger', 'Kirkby', '2009-07-09', 'China', 'M');
insert into Atleta (IDAtleta, NombrePais, IDEntrenador, Temporada, Nombre, PrimerApellido, SegundoApellido, FechaNacimiento, Nacionalidad, Genero) values (113, 'Países Bajos', 11, 2022, 'Susi', 'Glasman', 'Bradtke', '1997-12-06', 'Checa', 'F');
insert into Atleta (IDAtleta, NombrePais, IDEntrenador, Temporada, Nombre, PrimerApellido, SegundoApellido, FechaNacimiento, Nacionalidad, Genero) values (114, 'Bután', 15, 2023, 'Florinda', 'Cubitt', 'Lecount', '1995-05-02', 'Armenia', 'F');
insert into Atleta (IDAtleta, NombrePais, IDEntrenador, Temporada, Nombre, PrimerApellido, SegundoApellido, FechaNacimiento, Nacionalidad, Genero) values (115, 'Botsuana', 56, 2022, 'Darci', 'Aitchison', 'Natalie', '1999-06-27', 'Rumana', 'M');
insert into Atleta (IDAtleta, NombrePais, IDEntrenador, Temporada, Nombre, PrimerApellido, SegundoApellido, FechaNacimiento, Nacionalidad, Genero) values (116, 'Ecuador', 34, 2023, 'Jasmina', 'Risson', 'Harling', '2002-03-19', 'Libanesa', 'F');
insert into Atleta (IDAtleta, NombrePais, IDEntrenador, Temporada, Nombre, PrimerApellido, SegundoApellido, FechaNacimiento, Nacionalidad, Genero) values (117, 'Rusia', 49, 2024, 'Angelico', 'Overshott', 'Lackner', '2009-06-09', 'Qatarí', 'F');
insert into Atleta (IDAtleta, NombrePais, IDEntrenador, Temporada, Nombre, PrimerApellido, SegundoApellido, FechaNacimiento, Nacionalidad, Genero) values (118, 'Eslovaquia', 81, 2023, 'Hans', 'Bilson', 'Mersey', '1995-10-11', 'Italiana', 'M');
insert into Atleta (IDAtleta, NombrePais, IDEntrenador, Temporada, Nombre, PrimerApellido, SegundoApellido, FechaNacimiento, Nacionalidad, Genero) values (119, 'Singapur', 114, 2023, 'Brianne', 'Magwood', 'Archibold', '2006-04-20', 'Estadounidense', 'M');
insert into Atleta (IDAtleta, NombrePais, IDEntrenador, Temporada, Nombre, PrimerApellido, SegundoApellido, FechaNacimiento, Nacionalidad, Genero) values (120, 'España', 38, 2023, 'Leonanie', 'Eaken', 'Hosby', '2011-02-20', 'Emiratí', 'F');
insert into Atleta (IDAtleta, NombrePais, IDEntrenador, Temporada, Nombre, PrimerApellido, SegundoApellido, FechaNacimiento, Nacionalidad, Genero) values (121, 'Haití', 120, 2024, 'Peterus', 'Hucklesby', 'Adshed', '2001-06-06', 'Finlandesa', 'M');
insert into Atleta (IDAtleta, NombrePais, IDEntrenador, Temporada, Nombre, PrimerApellido, SegundoApellido, FechaNacimiento, Nacionalidad, Genero) values (122, 'Suecia', 51, 2021, 'Merle', 'Corse', 'Stonelake', '2015-05-27', 'Egipcia', 'F');
insert into Atleta (IDAtleta, NombrePais, IDEntrenador, Temporada, Nombre, PrimerApellido, SegundoApellido, FechaNacimiento, Nacionalidad, Genero) values (123, 'Guinea', 13, 2021, 'Normand', 'Scardafield', 'Lamyman', '2002-08-16', 'Finlandesa', 'F');
insert into Atleta (IDAtleta, NombrePais, IDEntrenador, Temporada, Nombre, PrimerApellido, SegundoApellido, FechaNacimiento, Nacionalidad, Genero) values (124, 'Eslovenia', 51, 2022, 'Cheslie', 'Huton', 'Presley', '2003-07-26', 'Peruana', 'F');
insert into Atleta (IDAtleta, NombrePais, IDEntrenador, Temporada, Nombre, PrimerApellido, SegundoApellido, FechaNacimiento, Nacionalidad, Genero) values (125, 'Jordania', 104, 2024, 'Harold', 'Sanham', 'Nassy', '1995-04-17', 'Danesa', 'M');
insert into Atleta (IDAtleta, NombrePais, IDEntrenador, Temporada, Nombre, PrimerApellido, SegundoApellido, FechaNacimiento, Nacionalidad, Genero) values (126, 'Jamaica', 107, 2024, 'Dorella', 'Jocic', 'Cooke', '1999-04-16', 'Tunecina', 'M');
insert into Atleta (IDAtleta, NombrePais, IDEntrenador, Temporada, Nombre, PrimerApellido, SegundoApellido, FechaNacimiento, Nacionalidad, Genero) values (127, 'Estados Unidos', 80, 2023, 'Kinsley', 'Plaskitt', 'Cumming', '1995-06-10', 'Argelina', 'F');
insert into Atleta (IDAtleta, NombrePais, IDEntrenador, Temporada, Nombre, PrimerApellido, SegundoApellido, FechaNacimiento, Nacionalidad, Genero) values (128, 'Chile', 55, 2021, 'Esra', 'Doonican', 'Wadeling', '2013-12-11', 'Francesa', 'F');
insert into Atleta (IDAtleta, NombrePais, IDEntrenador, Temporada, Nombre, PrimerApellido, SegundoApellido, FechaNacimiento, Nacionalidad, Genero) values (129, 'Brunéi', 12, 2020, 'Florry', 'Nund', 'Giacomucci', '1996-03-11', 'Peruana', 'M');
insert into Atleta (IDAtleta, NombrePais, IDEntrenador, Temporada, Nombre, PrimerApellido, SegundoApellido, FechaNacimiento, Nacionalidad, Genero) values (130, 'Kirguistán', 24, 2024, 'Shaylah', 'Windibank', 'Jennaroy', '2008-06-05', 'Sudafricana', 'F');
insert into Atleta (IDAtleta, NombrePais, IDEntrenador, Temporada, Nombre, PrimerApellido, SegundoApellido, FechaNacimiento, Nacionalidad, Genero) values (131, 'Cuba', 9, 2024, 'Honoria', 'Henrionot', 'Siviour', '1998-09-17', 'Argelina', 'F');
insert into Atleta (IDAtleta, NombrePais, IDEntrenador, Temporada, Nombre, PrimerApellido, SegundoApellido, FechaNacimiento, Nacionalidad, Genero) values (132, 'Arabia Saudita', 138, 2022, 'Heinrik', 'Caverhill', 'Clemmitt', '2012-05-12', 'Alemana', 'M');
insert into Atleta (IDAtleta, NombrePais, IDEntrenador, Temporada, Nombre, PrimerApellido, SegundoApellido, FechaNacimiento, Nacionalidad, Genero) values (133, 'Camboya', 2, 2023, 'Pat', 'Runcieman', 'Ohlsen', '2001-07-15', 'Griega', 'M');
insert into Atleta (IDAtleta, NombrePais, IDEntrenador, Temporada, Nombre, PrimerApellido, SegundoApellido, FechaNacimiento, Nacionalidad, Genero) values (134, 'Yibuti', 94, 2023, 'Kriste', 'Oldknowe', 'Siaskowski', '2005-03-12', 'Canadiense', 'F');
insert into Atleta (IDAtleta, NombrePais, IDEntrenador, Temporada, Nombre, PrimerApellido, SegundoApellido, FechaNacimiento, Nacionalidad, Genero) values (135, 'Laos', 53, 2022, 'Annie', 'Merveille', 'Seebright', '2001-05-21', 'China', 'F');
insert into Atleta (IDAtleta, NombrePais, IDEntrenador, Temporada, Nombre, PrimerApellido, SegundoApellido, FechaNacimiento, Nacionalidad, Genero) values (136, 'Panamá', 40, 2024, 'Garald', 'Lenthall', 'Levey', '2002-10-07', 'Rusa', 'F');
insert into Atleta (IDAtleta, NombrePais, IDEntrenador, Temporada, Nombre, PrimerApellido, SegundoApellido, FechaNacimiento, Nacionalidad, Genero) values (137, 'Gambia', 96, 2023, 'Erwin', 'Rutter', 'Sibley', '1999-07-24', 'Colombiana', 'M');
insert into Atleta (IDAtleta, NombrePais, IDEntrenador, Temporada, Nombre, PrimerApellido, SegundoApellido, FechaNacimiento, Nacionalidad, Genero) values (138, 'Nepal', 62, 2020, 'Florian', 'Quinn', 'Raspison', '2007-05-16', 'Holandesa', 'M');
insert into Atleta (IDAtleta, NombrePais, IDEntrenador, Temporada, Nombre, PrimerApellido, SegundoApellido, FechaNacimiento, Nacionalidad, Genero) values (139, 'Túnez', 128, 2023, 'Gwenora', 'Mettetal', 'McMeyler', '2004-09-30', 'Estadounidense', 'F');
insert into Atleta (IDAtleta, NombrePais, IDEntrenador, Temporada, Nombre, PrimerApellido, SegundoApellido, FechaNacimiento, Nacionalidad, Genero) values (140, 'Hungría', 125, 2023, 'Cross', 'Dennison', 'Pighills', '2012-10-03', 'Canadiense', 'F');
insert into Atleta (IDAtleta, NombrePais, IDEntrenador, Temporada, Nombre, PrimerApellido, SegundoApellido, FechaNacimiento, Nacionalidad, Genero) values (141, 'Israel', 2, 2024, 'Julissa', 'Enterlein', 'Colby', '2013-01-21', 'Polaca', 'M');
insert into Atleta (IDAtleta, NombrePais, IDEntrenador, Temporada, Nombre, PrimerApellido, SegundoApellido, FechaNacimiento, Nacionalidad, Genero) values (142, 'Tayikistán', 18, 2023, 'Elena', 'Harlow', 'Oswald', '2005-04-15', 'Camerunesa', 'F');
insert into Atleta (IDAtleta, NombrePais, IDEntrenador, Temporada, Nombre, PrimerApellido, SegundoApellido, FechaNacimiento, Nacionalidad, Genero) values (143, 'Azerbaiyán', 21, 2021, 'Dotty', 'Owens', 'Pitcaithly', '2014-01-29', 'Emiratí', 'M');
insert into Atleta (IDAtleta, NombrePais, IDEntrenador, Temporada, Nombre, PrimerApellido, SegundoApellido, FechaNacimiento, Nacionalidad, Genero) values (144, 'República Centroafricana', 129, 2021, 'Cleveland', 'Willcocks', 'Watkins', '2000-12-10', 'Tunecina', 'F');
insert into Atleta (IDAtleta, NombrePais, IDEntrenador, Temporada, Nombre, PrimerApellido, SegundoApellido, FechaNacimiento, Nacionalidad, Genero) values (145, 'Belice', 44, 2020, 'Sherrie', 'Bigly', 'Pitfield', '2016-02-10', 'Camerunesa', 'F');
insert into Atleta (IDAtleta, NombrePais, IDEntrenador, Temporada, Nombre, PrimerApellido, SegundoApellido, FechaNacimiento, Nacionalidad, Genero) values (146, 'Irán', 91, 2020, 'Juana', 'Dudderidge', 'Haith', '2015-10-29', 'Qatarí', 'F');
insert into Atleta (IDAtleta, NombrePais, IDEntrenador, Temporada, Nombre, PrimerApellido, SegundoApellido, FechaNacimiento, Nacionalidad, Genero) values (147, 'Rumanía', 102, 2022, 'Denny', 'Balfe', 'Drover', '1995-08-18', 'Egipcia', 'M');
insert into Atleta (IDAtleta, NombrePais, IDEntrenador, Temporada, Nombre, PrimerApellido, SegundoApellido, FechaNacimiento, Nacionalidad, Genero) values (148, 'Papúa Nueva Guinea', 98, 2021, 'Audre', 'Wilmut', 'Empleton', '2004-01-21', 'Omaní', 'M');
insert into Atleta (IDAtleta, NombrePais, IDEntrenador, Temporada, Nombre, PrimerApellido, SegundoApellido, FechaNacimiento, Nacionalidad, Genero) values (149, 'Kirguistán', 10, 2020, 'Hilly', 'Burnyeat', 'Heugh', '1999-07-10', 'Holandesa', 'M');
insert into Atleta (IDAtleta, NombrePais, IDEntrenador, Temporada, Nombre, PrimerApellido, SegundoApellido, FechaNacimiento, Nacionalidad, Genero) values (150, 'Liberia', 116, 2021, 'James', 'Belton', 'Kull', '1996-03-16', 'Alemana', 'F');

-- Tuplas para CorreoAtleta
insert into CorreoAtleta (IDCorreo, IDAtleta) values ('john.doe@gmail.com', 79);
insert into CorreoAtleta (IDCorreo, IDAtleta) values ('jane.smith@yahoo.com', 16);
insert into CorreoAtleta (IDCorreo, IDAtleta) values ('michael.brown@outlook.com', 95);
insert into CorreoAtleta (IDCorreo, IDAtleta) values ('emily.jones@hotmail.com', 92);
insert into CorreoAtleta (IDCorreo, IDAtleta) values ('david.wilson@live.com', 14);
insert into CorreoAtleta (IDCorreo, IDAtleta) values ('sarah.davis@aol.com', 127);
insert into CorreoAtleta (IDCorreo, IDAtleta) values ('james.miller@gmail.com', 110);
insert into CorreoAtleta (IDCorreo, IDAtleta) values ('linda.moore@yahoo.com', 3);
insert into CorreoAtleta (IDCorreo, IDAtleta) values ('robert.taylor@outlook.com', 44);
insert into CorreoAtleta (IDCorreo, IDAtleta) values ('mary.anderson@hotmail.com', 99);
insert into CorreoAtleta (IDCorreo, IDAtleta) values ('william.thomas@live.com', 122);
insert into CorreoAtleta (IDCorreo, IDAtleta) values ('patricia.jackson@aol.com', 83);
insert into CorreoAtleta (IDCorreo, IDAtleta) values ('charles.white@gmail.com', 38);
insert into CorreoAtleta (IDCorreo, IDAtleta) values ('barbara.harris@yahoo.com', 74);
insert into CorreoAtleta (IDCorreo, IDAtleta) values ('joseph.martin@outlook.com', 122);
insert into CorreoAtleta (IDCorreo, IDAtleta) values ('jennifer.thompson@hotmail.com', 65);
insert into CorreoAtleta (IDCorreo, IDAtleta) values ('thomas.garcia@live.com', 59);
insert into CorreoAtleta (IDCorreo, IDAtleta) values ('elizabeth.martinez@aol.com', 44);
insert into CorreoAtleta (IDCorreo, IDAtleta) values ('christopher.robinson@gmail.com', 120);
insert into CorreoAtleta (IDCorreo, IDAtleta) values ('jessica.clark@yahoo.com', 66);
insert into CorreoAtleta (IDCorreo, IDAtleta) values ('daniel.rodriguez@outlook.com', 102);
insert into CorreoAtleta (IDCorreo, IDAtleta) values ('karen.lewis@hotmail.com', 112);
insert into CorreoAtleta (IDCorreo, IDAtleta) values ('matthew.lee@live.com', 69);
insert into CorreoAtleta (IDCorreo, IDAtleta) values ('nancy.walker@aol.com', 92);
insert into CorreoAtleta (IDCorreo, IDAtleta) values ('anthony.hall@gmail.com', 52);
insert into CorreoAtleta (IDCorreo, IDAtleta) values ('lisa.allen@yahoo.com', 38);
insert into CorreoAtleta (IDCorreo, IDAtleta) values ('mark.young@outlook.com', 92);
insert into CorreoAtleta (IDCorreo, IDAtleta) values ('betty.king@hotmail.com', 20);
insert into CorreoAtleta (IDCorreo, IDAtleta) values ('paul.wright@live.com', 30);
insert into CorreoAtleta (IDCorreo, IDAtleta) values ('sandra.scott@aol.com', 111);
insert into CorreoAtleta (IDCorreo, IDAtleta) values ('steven.green@gmail.com', 6);
insert into CorreoAtleta (IDCorreo, IDAtleta) values ('donna.adams@yahoo.com', 134);
insert into CorreoAtleta (IDCorreo, IDAtleta) values ('andrew.baker@outlook.com', 25);
insert into CorreoAtleta (IDCorreo, IDAtleta) values ('carol.gonzalez@hotmail.com', 90);
insert into CorreoAtleta (IDCorreo, IDAtleta) values ('kenneth.nelson@live.com', 137);
insert into CorreoAtleta (IDCorreo, IDAtleta) values ('michelle.carter@aol.com', 62);
insert into CorreoAtleta (IDCorreo, IDAtleta) values ('joshua.mitchell@gmail.com', 96);
insert into CorreoAtleta (IDCorreo, IDAtleta) values ('dorothy.perez@yahoo.com', 49);
insert into CorreoAtleta (IDCorreo, IDAtleta) values ('kevin.roberts@outlook.com', 144);
insert into CorreoAtleta (IDCorreo, IDAtleta) values ('emily.turner@hotmail.com', 63);
insert into CorreoAtleta (IDCorreo, IDAtleta) values ('brian.phillips@live.com', 85);
insert into CorreoAtleta (IDCorreo, IDAtleta) values ('laura.campbell@aol.com', 151);
insert into CorreoAtleta (IDCorreo, IDAtleta) values ('george.parker@gmail.com', 50);
insert into CorreoAtleta (IDCorreo, IDAtleta) values ('amy.evans@yahoo.com', 127);
insert into CorreoAtleta (IDCorreo, IDAtleta) values ('edward.collins@outlook.com', 61);
insert into CorreoAtleta (IDCorreo, IDAtleta) values ('angela.stewart@hotmail.com', 6);
insert into CorreoAtleta (IDCorreo, IDAtleta) values ('ronald.sanchez@live.com', 72);
insert into CorreoAtleta (IDCorreo, IDAtleta) values ('deborah.morris@aol.com', 140);
insert into CorreoAtleta (IDCorreo, IDAtleta) values ('timothy.rogers@gmail.com', 132);
insert into CorreoAtleta (IDCorreo, IDAtleta) values ('rebecca.reed@yahoo.com', 106);
insert into CorreoAtleta (IDCorreo, IDAtleta) values ('john.doe@gmail.com', 134);
insert into CorreoAtleta (IDCorreo, IDAtleta) values ('jane.smith@yahoo.com', 18);
insert into CorreoAtleta (IDCorreo, IDAtleta) values ('michael.brown@outlook.com', 95);
insert into CorreoAtleta (IDCorreo, IDAtleta) values ('emily.jones@hotmail.com', 88);
insert into CorreoAtleta (IDCorreo, IDAtleta) values ('david.wilson@live.com', 47);
insert into CorreoAtleta (IDCorreo, IDAtleta) values ('sarah.davis@aol.com', 140);
insert into CorreoAtleta (IDCorreo, IDAtleta) values ('james.miller@gmail.com', 1);
insert into CorreoAtleta (IDCorreo, IDAtleta) values ('linda.moore@yahoo.com', 109);
insert into CorreoAtleta (IDCorreo, IDAtleta) values ('robert.taylor@outlook.com', 4);
insert into CorreoAtleta (IDCorreo, IDAtleta) values ('mary.anderson@hotmail.com', 125);
insert into CorreoAtleta (IDCorreo, IDAtleta) values ('william.thomas@live.com', 29);
insert into CorreoAtleta (IDCorreo, IDAtleta) values ('patricia.jackson@aol.com', 83);
insert into CorreoAtleta (IDCorreo, IDAtleta) values ('charles.white@gmail.com', 138);
insert into CorreoAtleta (IDCorreo, IDAtleta) values ('barbara.harris@yahoo.com', 106);
insert into CorreoAtleta (IDCorreo, IDAtleta) values ('joseph.martin@outlook.com', 50);
insert into CorreoAtleta (IDCorreo, IDAtleta) values ('jennifer.thompson@hotmail.com', 23);
insert into CorreoAtleta (IDCorreo, IDAtleta) values ('thomas.garcia@live.com', 20);
insert into CorreoAtleta (IDCorreo, IDAtleta) values ('elizabeth.martinez@aol.com', 76);
insert into CorreoAtleta (IDCorreo, IDAtleta) values ('christopher.robinson@gmail.com', 141);
insert into CorreoAtleta (IDCorreo, IDAtleta) values ('jessica.clark@yahoo.com', 28);
insert into CorreoAtleta (IDCorreo, IDAtleta) values ('daniel.rodriguez@outlook.com', 146);
insert into CorreoAtleta (IDCorreo, IDAtleta) values ('karen.lewis@hotmail.com', 45);
insert into CorreoAtleta (IDCorreo, IDAtleta) values ('matthew.lee@live.com', 106);
insert into CorreoAtleta (IDCorreo, IDAtleta) values ('nancy.walker@aol.com', 71);
insert into CorreoAtleta (IDCorreo, IDAtleta) values ('anthony.hall@gmail.com', 140);
insert into CorreoAtleta (IDCorreo, IDAtleta) values ('lisa.allen@yahoo.com', 63);
insert into CorreoAtleta (IDCorreo, IDAtleta) values ('mark.young@outlook.com', 49);
insert into CorreoAtleta (IDCorreo, IDAtleta) values ('betty.king@hotmail.com', 141);
insert into CorreoAtleta (IDCorreo, IDAtleta) values ('paul.wright@live.com', 131);
insert into CorreoAtleta (IDCorreo, IDAtleta) values ('sandra.scott@aol.com', 62);
insert into CorreoAtleta (IDCorreo, IDAtleta) values ('steven.green@gmail.com', 152);
insert into CorreoAtleta (IDCorreo, IDAtleta) values ('donna.adams@yahoo.com', 31);
insert into CorreoAtleta (IDCorreo, IDAtleta) values ('andrew.baker@outlook.com', 117);
insert into CorreoAtleta (IDCorreo, IDAtleta) values ('carol.gonzalez@hotmail.com', 80);
insert into CorreoAtleta (IDCorreo, IDAtleta) values ('kenneth.nelson@live.com', 96);
insert into CorreoAtleta (IDCorreo, IDAtleta) values ('michelle.carter@aol.com', 126);
insert into CorreoAtleta (IDCorreo, IDAtleta) values ('joshua.mitchell@gmail.com', 109);
insert into CorreoAtleta (IDCorreo, IDAtleta) values ('dorothy.perez@yahoo.com', 125);
insert into CorreoAtleta (IDCorreo, IDAtleta) values ('kevin.roberts@outlook.com', 103);
insert into CorreoAtleta (IDCorreo, IDAtleta) values ('emily.turner@hotmail.com', 71);
insert into CorreoAtleta (IDCorreo, IDAtleta) values ('brian.phillips@live.com', 52);
insert into CorreoAtleta (IDCorreo, IDAtleta) values ('laura.campbell@aol.com', 117);
insert into CorreoAtleta (IDCorreo, IDAtleta) values ('george.parker@gmail.com', 67);
insert into CorreoAtleta (IDCorreo, IDAtleta) values ('amy.evans@yahoo.com', 79);
insert into CorreoAtleta (IDCorreo, IDAtleta) values ('edward.collins@outlook.com', 40);
insert into CorreoAtleta (IDCorreo, IDAtleta) values ('angela.stewart@hotmail.com', 53);
insert into CorreoAtleta (IDCorreo, IDAtleta) values ('ronald.sanchez@live.com', 21);
insert into CorreoAtleta (IDCorreo, IDAtleta) values ('deborah.morris@aol.com', 2);
insert into CorreoAtleta (IDCorreo, IDAtleta) values ('timothy.rogers@gmail.com', 5);
insert into CorreoAtleta (IDCorreo, IDAtleta) values ('rebecca.reed@yahoo.com', 143);
insert into CorreoAtleta (IDCorreo, IDAtleta) values ('john.doe@gmail.com', 120);
insert into CorreoAtleta (IDCorreo, IDAtleta) values ('jane.smith@yahoo.com', 143);
insert into CorreoAtleta (IDCorreo, IDAtleta) values ('michael.brown@outlook.com', 56);
insert into CorreoAtleta (IDCorreo, IDAtleta) values ('emily.jones@hotmail.com', 22);
insert into CorreoAtleta (IDCorreo, IDAtleta) values ('david.wilson@live.com', 79);
insert into CorreoAtleta (IDCorreo, IDAtleta) values ('sarah.davis@aol.com', 140);
insert into CorreoAtleta (IDCorreo, IDAtleta) values ('james.miller@gmail.com', 59);
insert into CorreoAtleta (IDCorreo, IDAtleta) values ('linda.moore@yahoo.com', 103);
insert into CorreoAtleta (IDCorreo, IDAtleta) values ('robert.taylor@outlook.com', 42);
insert into CorreoAtleta (IDCorreo, IDAtleta) values ('mary.anderson@hotmail.com', 5);
insert into CorreoAtleta (IDCorreo, IDAtleta) values ('william.thomas@live.com', 50);
insert into CorreoAtleta (IDCorreo, IDAtleta) values ('patricia.jackson@aol.com', 46);
insert into CorreoAtleta (IDCorreo, IDAtleta) values ('charles.white@gmail.com', 135);
insert into CorreoAtleta (IDCorreo, IDAtleta) values ('barbara.harris@yahoo.com', 1);
insert into CorreoAtleta (IDCorreo, IDAtleta) values ('joseph.martin@outlook.com', 115);
insert into CorreoAtleta (IDCorreo, IDAtleta) values ('jennifer.thompson@hotmail.com', 62);
insert into CorreoAtleta (IDCorreo, IDAtleta) values ('thomas.garcia@live.com', 30);
insert into CorreoAtleta (IDCorreo, IDAtleta) values ('elizabeth.martinez@aol.com', 55);
insert into CorreoAtleta (IDCorreo, IDAtleta) values ('christopher.robinson@gmail.com', 40);
insert into CorreoAtleta (IDCorreo, IDAtleta) values ('jessica.clark@yahoo.com', 79);
insert into CorreoAtleta (IDCorreo, IDAtleta) values ('daniel.rodriguez@outlook.com', 44);
insert into CorreoAtleta (IDCorreo, IDAtleta) values ('karen.lewis@hotmail.com', 35);
insert into CorreoAtleta (IDCorreo, IDAtleta) values ('matthew.lee@live.com', 27);
insert into CorreoAtleta (IDCorreo, IDAtleta) values ('nancy.walker@aol.com', 110);
insert into CorreoAtleta (IDCorreo, IDAtleta) values ('anthony.hall@gmail.com', 78);
insert into CorreoAtleta (IDCorreo, IDAtleta) values ('lisa.allen@yahoo.com', 17);
insert into CorreoAtleta (IDCorreo, IDAtleta) values ('mark.young@outlook.com', 45);
insert into CorreoAtleta (IDCorreo, IDAtleta) values ('betty.king@hotmail.com', 35);
insert into CorreoAtleta (IDCorreo, IDAtleta) values ('paul.wright@live.com', 151);
insert into CorreoAtleta (IDCorreo, IDAtleta) values ('sandra.scott@aol.com', 64);
insert into CorreoAtleta (IDCorreo, IDAtleta) values ('steven.green@gmail.com', 138);
insert into CorreoAtleta (IDCorreo, IDAtleta) values ('donna.adams@yahoo.com', 126);
insert into CorreoAtleta (IDCorreo, IDAtleta) values ('andrew.baker@outlook.com', 129);
insert into CorreoAtleta (IDCorreo, IDAtleta) values ('carol.gonzalez@hotmail.com', 146);
insert into CorreoAtleta (IDCorreo, IDAtleta) values ('kenneth.nelson@live.com', 134);
insert into CorreoAtleta (IDCorreo, IDAtleta) values ('michelle.carter@aol.com', 68);
insert into CorreoAtleta (IDCorreo, IDAtleta) values ('joshua.mitchell@gmail.com', 82);
insert into CorreoAtleta (IDCorreo, IDAtleta) values ('dorothy.perez@yahoo.com', 123);
insert into CorreoAtleta (IDCorreo, IDAtleta) values ('kevin.roberts@outlook.com', 37);
insert into CorreoAtleta (IDCorreo, IDAtleta) values ('emily.turner@hotmail.com', 104);
insert into CorreoAtleta (IDCorreo, IDAtleta) values ('brian.phillips@live.com', 50);
insert into CorreoAtleta (IDCorreo, IDAtleta) values ('laura.campbell@aol.com', 4);
insert into CorreoAtleta (IDCorreo, IDAtleta) values ('george.parker@gmail.com', 137);
insert into CorreoAtleta (IDCorreo, IDAtleta) values ('amy.evans@yahoo.com', 101);
insert into CorreoAtleta (IDCorreo, IDAtleta) values ('edward.collins@outlook.com', 97);
insert into CorreoAtleta (IDCorreo, IDAtleta) values ('angela.stewart@hotmail.com', 112);
insert into CorreoAtleta (IDCorreo, IDAtleta) values ('ronald.sanchez@live.com', 11);
insert into CorreoAtleta (IDCorreo, IDAtleta) values ('deborah.morris@aol.com', 120);
insert into CorreoAtleta (IDCorreo, IDAtleta) values ('timothy.rogers@gmail.com', 130);
insert into CorreoAtleta (IDCorreo, IDAtleta) values ('rebecca.reed@yahoo.com', 124);

-- Tuplas para Patrocinador 
insert into Patrocinador (NombrePatrocinador) values ('Coca-Cola');
insert into Patrocinador (NombrePatrocinador) values ('Pepsi');
insert into Patrocinador (NombrePatrocinador) values ('Nike');
insert into Patrocinador (NombrePatrocinador) values ('Adidas');
insert into Patrocinador (NombrePatrocinador) values ('Puma');
insert into Patrocinador (NombrePatrocinador) values ('Red Bull');
insert into Patrocinador (NombrePatrocinador) values ('Monster Energy');
insert into Patrocinador (NombrePatrocinador) values ('Samsung');
insert into Patrocinador (NombrePatrocinador) values ('Apple');
insert into Patrocinador (NombrePatrocinador) values ('Microsoft');
insert into Patrocinador (NombrePatrocinador) values ('Google');
insert into Patrocinador (NombrePatrocinador) values ('Amazon');
insert into Patrocinador (NombrePatrocinador) values ('Facebook');
insert into Patrocinador (NombrePatrocinador) values ('Twitter');
insert into Patrocinador (NombrePatrocinador) values ('Instagram');
insert into Patrocinador (NombrePatrocinador) values ('Visa');
insert into Patrocinador (NombrePatrocinador) values ('Mastercard');
insert into Patrocinador (NombrePatrocinador) values ('American Express');
insert into Patrocinador (NombrePatrocinador) values ('McDonalds');
insert into Patrocinador (NombrePatrocinador) values ('Burger King');
insert into Patrocinador (NombrePatrocinador) values ('KFC');
insert into Patrocinador (NombrePatrocinador) values ('Starbucks');
insert into Patrocinador (NombrePatrocinador) values ('Dunkin Donuts');
insert into Patrocinador (NombrePatrocinador) values ('Subway');
insert into Patrocinador (NombrePatrocinador) values ('Pizza Hut');
insert into Patrocinador (NombrePatrocinador) values ('Dominos');
insert into Patrocinador (NombrePatrocinador) values ('Heineken');
insert into Patrocinador (NombrePatrocinador) values ('Budweiser');
insert into Patrocinador (NombrePatrocinador) values ('Corona');
insert into Patrocinador (NombrePatrocinador) values ('Carlsberg');
insert into Patrocinador (NombrePatrocinador) values ('Absolut Vodka');
insert into Patrocinador (NombrePatrocinador) values ('Jack Daniels');
insert into Patrocinador (NombrePatrocinador) values ('Johnnie Walker');
insert into Patrocinador (NombrePatrocinador) values ('Rolex');
insert into Patrocinador (NombrePatrocinador) values ('Omega');
insert into Patrocinador (NombrePatrocinador) values ('Tag Heuer');
insert into Patrocinador (NombrePatrocinador) values ('BMW');
insert into Patrocinador (NombrePatrocinador) values ('Mercedes-Benz');
insert into Patrocinador (NombrePatrocinador) values ('Audi');
insert into Patrocinador (NombrePatrocinador) values ('Volkswagen');
insert into Patrocinador (NombrePatrocinador) values ('Toyota');
insert into Patrocinador (NombrePatrocinador) values ('Honda');
insert into Patrocinador (NombrePatrocinador) values ('Ford');
insert into Patrocinador (NombrePatrocinador) values ('Chevrolet');
insert into Patrocinador (NombrePatrocinador) values ('Nissan');
insert into Patrocinador (NombrePatrocinador) values ('Hyundai');
insert into Patrocinador (NombrePatrocinador) values ('Shell');
insert into Patrocinador (NombrePatrocinador) values ('BP');
insert into Patrocinador (NombrePatrocinador) values ('ExxonMobil');
insert into Patrocinador (NombrePatrocinador) values ('Total');
insert into Patrocinador (NombrePatrocinador) values ('Emirates');
insert into Patrocinador (NombrePatrocinador) values ('Qatar Airways');
insert into Patrocinador (NombrePatrocinador) values ('Lufthansa');
insert into Patrocinador (NombrePatrocinador) values ('British Airways');
insert into Patrocinador (NombrePatrocinador) values ('Airbus');
insert into Patrocinador (NombrePatrocinador) values ('Boeing');
insert into Patrocinador (NombrePatrocinador) values ('FedEx');
insert into Patrocinador (NombrePatrocinador) values ('DHL');
insert into Patrocinador (NombrePatrocinador) values ('UPS');
insert into Patrocinador (NombrePatrocinador) values ('Huawei');
insert into Patrocinador (NombrePatrocinador) values ('Xiaomi');
insert into Patrocinador (NombrePatrocinador) values ('OnePlus');
insert into Patrocinador (NombrePatrocinador) values ('Sony');
insert into Patrocinador (NombrePatrocinador) values ('LG');
insert into Patrocinador (NombrePatrocinador) values ('Panasonic');
insert into Patrocinador (NombrePatrocinador) values ('Canon');
insert into Patrocinador (NombrePatrocinador) values ('Nikon');
insert into Patrocinador (NombrePatrocinador) values ('GoPro');
insert into Patrocinador (NombrePatrocinador) values ('Spotify');
insert into Patrocinador (NombrePatrocinador) values ('Netflix');
insert into Patrocinador (NombrePatrocinador) values ('Disney+');
insert into Patrocinador (NombrePatrocinador) values ('HBO');
insert into Patrocinador (NombrePatrocinador) values ('Hulu');
insert into Patrocinador (NombrePatrocinador) values ('PlayStation');
insert into Patrocinador (NombrePatrocinador) values ('Xbox');
insert into Patrocinador (NombrePatrocinador) values ('Nintendo');
insert into Patrocinador (NombrePatrocinador) values ('LEGO');
insert into Patrocinador (NombrePatrocinador) values ('Mattel');
insert into Patrocinador (NombrePatrocinador) values ('Hasbro');
insert into Patrocinador (NombrePatrocinador) values ('LOréal');
insert into Patrocinador (NombrePatrocinador) values ('Estée Lauder');
insert into Patrocinador (NombrePatrocinador) values ('Maybelline');
insert into Patrocinador (NombrePatrocinador) values ('Nivea');
insert into Patrocinador (NombrePatrocinador) values ('Dove');
insert into Patrocinador (NombrePatrocinador) values ('Gillette');
insert into Patrocinador (NombrePatrocinador) values ('Oral-B');
insert into Patrocinador (NombrePatrocinador) values ('Colgate');
insert into Patrocinador (NombrePatrocinador) values ('Head & Shoulders');
insert into Patrocinador (NombrePatrocinador) values ('Pantene');
insert into Patrocinador (NombrePatrocinador) values ('Garnier');
insert into Patrocinador (NombrePatrocinador) values ('Nestlé');
insert into Patrocinador (NombrePatrocinador) values ('Unilever');
insert into Patrocinador (NombrePatrocinador) values ('Procter & Gamble');
insert into Patrocinador (NombrePatrocinador) values ('Johnson & Johnson');
insert into Patrocinador (NombrePatrocinador) values ('Kelloggs');
insert into Patrocinador (NombrePatrocinador) values ('General Mills');
insert into Patrocinador (NombrePatrocinador) values ('Danone');
insert into Patrocinador (NombrePatrocinador) values ('Kraft Heinz');
insert into Patrocinador (NombrePatrocinador) values ('Mars');
insert into Patrocinador (NombrePatrocinador) values ('Ferrero Rocher');
insert into Patrocinador (NombrePatrocinador) values ('Lindt');
insert into Patrocinador (NombrePatrocinador) values ('Hersheys');
insert into Patrocinador (NombrePatrocinador) values ('Cadbury');
insert into Patrocinador (NombrePatrocinador) values ('Oreo');
insert into Patrocinador (NombrePatrocinador) values ('Pringles');
insert into Patrocinador (NombrePatrocinador) values ('Doritos');
insert into Patrocinador (NombrePatrocinador) values ('Lays');
insert into Patrocinador (NombrePatrocinador) values ('Gatorade');
insert into Patrocinador (NombrePatrocinador) values ('Powerade');
insert into Patrocinador (NombrePatrocinador) values ('Evian');
insert into Patrocinador (NombrePatrocinador) values ('Perrier');
insert into Patrocinador (NombrePatrocinador) values ('San Pellegrino');
insert into Patrocinador (NombrePatrocinador) values ('Lipton');
insert into Patrocinador (NombrePatrocinador) values ('Nescafé');
insert into Patrocinador (NombrePatrocinador) values ('Lavazza');
insert into Patrocinador (NombrePatrocinador) values ('Illy');
insert into Patrocinador (NombrePatrocinador) values ('Intel');
insert into Patrocinador (NombrePatrocinador) values ('AMD');
insert into Patrocinador (NombrePatrocinador) values ('NVIDIA');
insert into Patrocinador (NombrePatrocinador) values ('Lenovo');
insert into Patrocinador (NombrePatrocinador) values ('Dell');
insert into Patrocinador (NombrePatrocinador) values ('HP');
insert into Patrocinador (NombrePatrocinador) values ('Asus');
insert into Patrocinador (NombrePatrocinador) values ('Acer');
insert into Patrocinador (NombrePatrocinador) values ('Logitech');
insert into Patrocinador (NombrePatrocinador) values ('Razer');
insert into Patrocinador (NombrePatrocinador) values ('Corsair');
insert into Patrocinador (NombrePatrocinador) values ('Bose');
insert into Patrocinador (NombrePatrocinador) values ('Sennheiser');
insert into Patrocinador (NombrePatrocinador) values ('JBL');
insert into Patrocinador (NombrePatrocinador) values ('Beats by Dre');
insert into Patrocinador (NombrePatrocinador) values ('Skullcandy');
insert into Patrocinador (NombrePatrocinador) values ('Under Armour');
insert into Patrocinador (NombrePatrocinador) values ('Reebok');
insert into Patrocinador (NombrePatrocinador) values ('New Balance');
insert into Patrocinador (NombrePatrocinador) values ('Asics');
insert into Patrocinador (NombrePatrocinador) values ('Converse');
insert into Patrocinador (NombrePatrocinador) values ('Vans');
insert into Patrocinador (NombrePatrocinador) values ('The North Face');
insert into Patrocinador (NombrePatrocinador) values ('Columbia');
insert into Patrocinador (NombrePatrocinador) values ('Patagonia');
insert into Patrocinador (NombrePatrocinador) values ('Timberland');
insert into Patrocinador (NombrePatrocinador) values ('Ray-Ban');
insert into Patrocinador (NombrePatrocinador) values ('Oakley');
insert into Patrocinador (NombrePatrocinador) values ('Swatch');
insert into Patrocinador (NombrePatrocinador) values ('Fossil');
insert into Patrocinador (NombrePatrocinador) values ('Michael Kors');
insert into Patrocinador (NombrePatrocinador) values ('Coach');
insert into Patrocinador (NombrePatrocinador) values ('Louis Vuitton');
insert into Patrocinador (NombrePatrocinador) values ('Gucci');
insert into Patrocinador (NombrePatrocinador) values ('Prada');
insert into Patrocinador (NombrePatrocinador) values ('Chanel');
insert into Patrocinador (NombrePatrocinador) values ('Hermès');
insert into Patrocinador (NombrePatrocinador) values ('Cartier');
insert into Patrocinador (NombrePatrocinador) values ('Tiffany & Co.');
insert into Patrocinador (NombrePatrocinador) values ('Swarovski');
insert into Patrocinador (NombrePatrocinador) values ('Pandora');
insert into Patrocinador (NombrePatrocinador) values ('H&M');
insert into Patrocinador (NombrePatrocinador) values ('Zara');
insert into Patrocinador (NombrePatrocinador) values ('Uniqlo');