-- Tuplas para la tabla Pais

insert into Pais (NombrePais) values ('Afganistán');
insert into Pais (NombrePais) values ('Albania');
insert into Pais (NombrePais) values ('Alemania');
insert into Pais (NombrePais) values ('Andorra');
insert into Pais (NombrePais) values ('Angola');
insert into Pais (NombrePais) values ('Antigua y Barbuda');
insert into Pais (NombrePais) values ('Arabia Saudita');
insert into Pais (NombrePais) values ('Argelia');
insert into Pais (NombrePais) values ('Argentina');
insert into Pais (NombrePais) values ('Armenia');
insert into Pais (NombrePais) values ('Australia');
insert into Pais (NombrePais) values ('Austria');
insert into Pais (NombrePais) values ('Azerbaiyán');
insert into Pais (NombrePais) values ('Bahamas');
insert into Pais (NombrePais) values ('Bangladés');
insert into Pais (NombrePais) values ('Barbados');
insert into Pais (NombrePais) values ('Baréin');
insert into Pais (NombrePais) values ('Bélgica');
insert into Pais (NombrePais) values ('Belice');
insert into Pais (NombrePais) values ('Benín');
insert into Pais (NombrePais) values ('Bielorrusia');
insert into Pais (NombrePais) values ('Birmania');
insert into Pais (NombrePais) values ('Bolivia');
insert into Pais (NombrePais) values ('Bosnia y Herzegovina');
insert into Pais (NombrePais) values ('Botsuana');
insert into Pais (NombrePais) values ('Brasil');
insert into Pais (NombrePais) values ('Brunéi');
insert into Pais (NombrePais) values ('Bulgaria');
insert into Pais (NombrePais) values ('Burkina Faso');
insert into Pais (NombrePais) values ('Burundi');
insert into Pais (NombrePais) values ('Bután');
insert into Pais (NombrePais) values ('Cabo Verde');
insert into Pais (NombrePais) values ('Camboya');
insert into Pais (NombrePais) values ('Camerún');
insert into Pais (NombrePais) values ('Canadá');
insert into Pais (NombrePais) values ('Catar');
insert into Pais (NombrePais) values ('Chad');
insert into Pais (NombrePais) values ('Chile');
insert into Pais (NombrePais) values ('China');
insert into Pais (NombrePais) values ('Chipre');
insert into Pais (NombrePais) values ('Colombia');
insert into Pais (NombrePais) values ('Comoras');
insert into Pais (NombrePais) values ('Corea del Norte');
insert into Pais (NombrePais) values ('Corea del Sur');
insert into Pais (NombrePais) values ('Costa de Marfil');
insert into Pais (NombrePais) values ('Costa Rica');
insert into Pais (NombrePais) values ('Croacia');
insert into Pais (NombrePais) values ('Cuba');
insert into Pais (NombrePais) values ('Dinamarca');
insert into Pais (NombrePais) values ('Dominica');
insert into Pais (NombrePais) values ('Ecuador');
insert into Pais (NombrePais) values ('Egipto');
insert into Pais (NombrePais) values ('El Salvador');
insert into Pais (NombrePais) values ('Emiratos Árabes Unidos');
insert into Pais (NombrePais) values ('Eslovaquia');
insert into Pais (NombrePais) values ('Eslovenia');
insert into Pais (NombrePais) values ('España');
insert into Pais (NombrePais) values ('Estados Unidos');
insert into Pais (NombrePais) values ('Estonia');
insert into Pais (NombrePais) values ('Esuatini');
insert into Pais (NombrePais) values ('Etiopía');
insert into Pais (NombrePais) values ('Filipinas');
insert into Pais (NombrePais) values ('Finlandia');
insert into Pais (NombrePais) values ('Fiyi');
insert into Pais (NombrePais) values ('Francia');
insert into Pais (NombrePais) values ('Gabón');
insert into Pais (NombrePais) values ('Gambia');
insert into Pais (NombrePais) values ('Georgia');
insert into Pais (NombrePais) values ('Ghana');
insert into Pais (NombrePais) values ('Granada');
insert into Pais (NombrePais) values ('Grecia');
insert into Pais (NombrePais) values ('Guatemala');
insert into Pais (NombrePais) values ('Guinea');
insert into Pais (NombrePais) values ('Guinea-Bisáu');
insert into Pais (NombrePais) values ('Guinea Ecuatorial');
insert into Pais (NombrePais) values ('Haití');
insert into Pais (NombrePais) values ('Honduras');
insert into Pais (NombrePais) values ('Hungría');
insert into Pais (NombrePais) values ('India');
insert into Pais (NombrePais) values ('Indonesia');
insert into Pais (NombrePais) values ('Irak');
insert into Pais (NombrePais) values ('Irán');
insert into Pais (NombrePais) values ('Irlanda');
insert into Pais (NombrePais) values ('Islandia');
insert into Pais (NombrePais) values ('Islas Marshall');
insert into Pais (NombrePais) values ('Islas Salomón');
insert into Pais (NombrePais) values ('Israel');
insert into Pais (NombrePais) values ('Italia');
insert into Pais (NombrePais) values ('Jamaica');
insert into Pais (NombrePais) values ('Japón');
insert into Pais (NombrePais) values ('Jordania');
insert into Pais (NombrePais) values ('Kazajistán');
insert into Pais (NombrePais) values ('Kenia');
insert into Pais (NombrePais) values ('Kirguistán');
insert into Pais (NombrePais) values ('Kiribati');
insert into Pais (NombrePais) values ('Kuwait');
insert into Pais (NombrePais) values ('Laos');
insert into Pais (NombrePais) values ('Lesoto');
insert into Pais (NombrePais) values ('Letonia');
insert into Pais (NombrePais) values ('Líbano');
insert into Pais (NombrePais) values ('Liberia');
insert into Pais (NombrePais) values ('Libia');
insert into Pais (NombrePais) values ('Liechtenstein');
insert into Pais (NombrePais) values ('Lituania');
insert into Pais (NombrePais) values ('Luxemburgo');
insert into Pais (NombrePais) values ('Madagascar');
insert into Pais (NombrePais) values ('Malasia');
insert into Pais (NombrePais) values ('Malaui');
insert into Pais (NombrePais) values ('Maldivas');
insert into Pais (NombrePais) values ('Malí');
insert into Pais (NombrePais) values ('Malta');
insert into Pais (NombrePais) values ('Marruecos');
insert into Pais (NombrePais) values ('Mauricio');
insert into Pais (NombrePais) values ('Mauritania');
insert into Pais (NombrePais) values ('México');
insert into Pais (NombrePais) values ('Micronesia');
insert into Pais (NombrePais) values ('Moldavia');
insert into Pais (NombrePais) values ('Mónaco');
insert into Pais (NombrePais) values ('Mongolia');
insert into Pais (NombrePais) values ('Montenegro');
insert into Pais (NombrePais) values ('Mozambique');
insert into Pais (NombrePais) values ('Namibia');
insert into Pais (NombrePais) values ('Nauru');
insert into Pais (NombrePais) values ('Nepal');
insert into Pais (NombrePais) values ('Nicaragua');
insert into Pais (NombrePais) values ('Níger');
insert into Pais (NombrePais) values ('Nigeria');
insert into Pais (NombrePais) values ('Noruega');
insert into Pais (NombrePais) values ('Nueva Zelanda');
insert into Pais (NombrePais) values ('Omán');
insert into Pais (NombrePais) values ('Países Bajos');
insert into Pais (NombrePais) values ('Pakistán');
insert into Pais (NombrePais) values ('Palaos');
insert into Pais (NombrePais) values ('Panamá');
insert into Pais (NombrePais) values ('Papúa Nueva Guinea');
insert into Pais (NombrePais) values ('Paraguay');
insert into Pais (NombrePais) values ('Perú');
insert into Pais (NombrePais) values ('Polonia');
insert into Pais (NombrePais) values ('Portugal');
insert into Pais (NombrePais) values ('Reino Unido');
insert into Pais (NombrePais) values ('República Centroafricana');
insert into Pais (NombrePais) values ('República Checa');
insert into Pais (NombrePais) values ('República del Congo');
insert into Pais (NombrePais) values ('República Democrática del Congo');
insert into Pais (NombrePais) values ('República Dominicana');
insert into Pais (NombrePais) values ('Ruanda');
insert into Pais (NombrePais) values ('Rumania');
insert into Pais (NombrePais) values ('Rusia');
insert into Pais (NombrePais) values ('Samoa');
insert into Pais (NombrePais) values ('San Marino');
insert into Pais (NombrePais) values ('San Vicente y las Granadinas');
insert into Pais (NombrePais) values ('Santa Lucía');
insert into Pais (NombrePais) values ('Santo Tomé y Príncipe');
insert into Pais (NombrePais) values ('Senegal');
insert into Pais (NombrePais) values ('Serbia');
insert into Pais (NombrePais) values ('Seychelles');
insert into Pais (NombrePais) values ('Sierra Leona');
insert into Pais (NombrePais) values ('Singapur');
insert into Pais (NombrePais) values ('Siria');
insert into Pais (NombrePais) values ('Somalia');
insert into Pais (NombrePais) values ('Sri Lanka');
insert into Pais (NombrePais) values ('Sudáfrica');
insert into Pais (NombrePais) values ('Sudán');
insert into Pais (NombrePais) values ('Sudán del Sur');
insert into Pais (NombrePais) values ('Suecia');
insert into Pais (NombrePais) values ('Suiza');
insert into Pais (NombrePais) values ('Surinam');
insert into Pais (NombrePais) values ('Tanzania');
insert into Pais (NombrePais) values ('Tayikistán');
insert into Pais (NombrePais) values ('Timor Oriental');
insert into Pais (NombrePais) values ('Tonga');
insert into Pais (NombrePais) values ('Túnez');
insert into Pais (NombrePais) values ('Turkmenistán');
insert into Pais (NombrePais) values ('Turquía');
insert into Pais (NombrePais) values ('Tuvalu');
insert into Pais (NombrePais) values ('Ucrania');
insert into Pais (NombrePais) values ('Uganda');
insert into Pais (NombrePais) values ('Uruguay');
insert into Pais (NombrePais) values ('Uzbekistán');
insert into Pais (NombrePais) values ('Vanuatu');
insert into Pais (NombrePais) values ('Venezuela');
insert into Pais (NombrePais) values ('Vietnam');
insert into Pais (NombrePais) values ('Yemen');
insert into Pais (NombrePais) values ('Yibuti');
insert into Pais (NombrePais) values ('Zambia');
insert into Pais (NombrePais) values ('Zimbabue');


-- Tuplas para Entrenador 
insert into Entrenador (IDEntrenador, IDDisciplina, Nombre, PrimerApellido, SegundoApellido, FechaNacimiento, Nacionalidad, Genero) values (1, 24, 'Riobard', 'Muldowney', 'Hunnywell', '15/01/2012', 'RU', 'Male');
insert into Entrenador (IDEntrenador, IDDisciplina, Nombre, PrimerApellido, SegundoApellido, FechaNacimiento, Nacionalidad, Genero) values (2, 36, 'Ossie', 'Hostan', 'Pottes', '03/11/2002', 'CN', 'Male');
insert into Entrenador (IDEntrenador, IDDisciplina, Nombre, PrimerApellido, SegundoApellido, FechaNacimiento, Nacionalidad, Genero) values (3, 18, 'Si', 'MacGee', 'Merrywether', '10/02/2007', 'CZ', 'Male');
insert into Entrenador (IDEntrenador, IDDisciplina, Nombre, PrimerApellido, SegundoApellido, FechaNacimiento, Nacionalidad, Genero) values (4, 23, 'Jo-ann', 'MacColm', 'Nijs', '21/02/2013', 'CN', 'Female');
insert into Entrenador (IDEntrenador, IDDisciplina, Nombre, PrimerApellido, SegundoApellido, FechaNacimiento, Nacionalidad, Genero) values (5, 15, 'Sile', 'Morlon', 'Reynolds', '13/04/2004', 'PL', 'Female');
insert into Entrenador (IDEntrenador, IDDisciplina, Nombre, PrimerApellido, SegundoApellido, FechaNacimiento, Nacionalidad, Genero) values (6, 1, 'Onofredo', 'Deboo', 'Rilings', '21/03/2000', 'AM', 'Non-binary');
insert into Entrenador (IDEntrenador, IDDisciplina, Nombre, PrimerApellido, SegundoApellido, FechaNacimiento, Nacionalidad, Genero) values (7, 42, 'Merilyn', 'Isaksen', 'Beeching', '25/08/2016', 'CZ', 'Female');
insert into Entrenador (IDEntrenador, IDDisciplina, Nombre, PrimerApellido, SegundoApellido, FechaNacimiento, Nacionalidad, Genero) values (8, 31, 'Mercie', 'Mustoo', 'Hainsworth', '16/05/2016', 'HN', 'Female');
insert into Entrenador (IDEntrenador, IDDisciplina, Nombre, PrimerApellido, SegundoApellido, FechaNacimiento, Nacionalidad, Genero) values (9, 32, 'Cathrin', 'Whillock', 'Hunnywell', '20/03/2009', 'PL', 'Female');
insert into Entrenador (IDEntrenador, IDDisciplina, Nombre, PrimerApellido, SegundoApellido, FechaNacimiento, Nacionalidad, Genero) values (10, 10, 'Lacey', 'McFadzean', 'Haseley', '19/05/2002', 'CN', 'Female');
insert into Entrenador (IDEntrenador, IDDisciplina, Nombre, PrimerApellido, SegundoApellido, FechaNacimiento, Nacionalidad, Genero) values (11, 50, 'Trix', 'Dickings', 'Babbage', '29/08/2002', 'GB', 'Female');
insert into Entrenador (IDEntrenador, IDDisciplina, Nombre, PrimerApellido, SegundoApellido, FechaNacimiento, Nacionalidad, Genero) values (12, 43, 'Towny', 'Barnwall', 'Maynard', '01/03/2011', 'LK', 'Male');
insert into Entrenador (IDEntrenador, IDDisciplina, Nombre, PrimerApellido, SegundoApellido, FechaNacimiento, Nacionalidad, Genero) values (13, 39, 'Jesse', 'Hares', 'Tinkler', '03/04/2001', 'US', 'Male');
insert into Entrenador (IDEntrenador, IDDisciplina, Nombre, PrimerApellido, SegundoApellido, FechaNacimiento, Nacionalidad, Genero) values (14, 41, 'Luise', 'Durban', 'Aleevy', '23/12/2011', 'CN', 'Female');
insert into Entrenador (IDEntrenador, IDDisciplina, Nombre, PrimerApellido, SegundoApellido, FechaNacimiento, Nacionalidad, Genero) values (15, 24, 'Roger', 'Leatham', 'Cowdroy', '17/03/2011', 'AM', 'Male');
insert into Entrenador (IDEntrenador, IDDisciplina, Nombre, PrimerApellido, SegundoApellido, FechaNacimiento, Nacionalidad, Genero) values (16, 45, 'Grayce', 'Tixier', 'Ivan', '26/02/2012', 'NG', 'Female');
insert into Entrenador (IDEntrenador, IDDisciplina, Nombre, PrimerApellido, SegundoApellido, FechaNacimiento, Nacionalidad, Genero) values (17, 32, 'Jack', 'Kivlin', 'Castagnaro', '13/10/2002', 'BR', 'Non-binary');
insert into Entrenador (IDEntrenador, IDDisciplina, Nombre, PrimerApellido, SegundoApellido, FechaNacimiento, Nacionalidad, Genero) values (18, 47, 'Binny', 'Whitehurst', 'Gladdin', '16/08/2015', 'RU', 'Female');
insert into Entrenador (IDEntrenador, IDDisciplina, Nombre, PrimerApellido, SegundoApellido, FechaNacimiento, Nacionalidad, Genero) values (19, 20, 'Ofella', 'Capener', 'Bernardotti', '29/07/2011', 'CN', 'Female');
insert into Entrenador (IDEntrenador, IDDisciplina, Nombre, PrimerApellido, SegundoApellido, FechaNacimiento, Nacionalidad, Genero) values (20, 30, 'Jock', 'Gopsill', 'Dobbson', '06/04/2011', 'RU', 'Male');
insert into Entrenador (IDEntrenador, IDDisciplina, Nombre, PrimerApellido, SegundoApellido, FechaNacimiento, Nacionalidad, Genero) values (21, 28, 'Lemmie', 'Elacoate', 'Merdew', '07/01/2014', 'DE', 'Male');
insert into Entrenador (IDEntrenador, IDDisciplina, Nombre, PrimerApellido, SegundoApellido, FechaNacimiento, Nacionalidad, Genero) values (22, 24, 'Emmerich', 'Naismith', 'Sims', '28/08/1999', 'CA', 'Male');
insert into Entrenador (IDEntrenador, IDDisciplina, Nombre, PrimerApellido, SegundoApellido, FechaNacimiento, Nacionalidad, Genero) values (23, 6, 'Boonie', 'Knagges', 'Filson', '15/03/2004', 'RU', 'Male');
insert into Entrenador (IDEntrenador, IDDisciplina, Nombre, PrimerApellido, SegundoApellido, FechaNacimiento, Nacionalidad, Genero) values (24, 11, 'Inger', 'Trout', 'Berthome', '15/10/1998', 'CL', 'Male');
insert into Entrenador (IDEntrenador, IDDisciplina, Nombre, PrimerApellido, SegundoApellido, FechaNacimiento, Nacionalidad, Genero) values (25, 7, 'Serene', 'Puckinghorne', 'Bene', '01/01/2013', 'GR', 'Female');
insert into Entrenador (IDEntrenador, IDDisciplina, Nombre, PrimerApellido, SegundoApellido, FechaNacimiento, Nacionalidad, Genero) values (26, 23, 'Delores', 'Trubshaw', 'Whitrod', '27/04/2009', 'CN', 'Female');
insert into Entrenador (IDEntrenador, IDDisciplina, Nombre, PrimerApellido, SegundoApellido, FechaNacimiento, Nacionalidad, Genero) values (27, 7, 'Isaac', 'Lydiate', 'Mayze', '06/11/2000', 'VN', 'Male');
insert into Entrenador (IDEntrenador, IDDisciplina, Nombre, PrimerApellido, SegundoApellido, FechaNacimiento, Nacionalidad, Genero) values (28, 26, 'Wilden', 'Springle', 'Shannahan', '26/01/2001', 'CN', 'Bigender');
insert into Entrenador (IDEntrenador, IDDisciplina, Nombre, PrimerApellido, SegundoApellido, FechaNacimiento, Nacionalidad, Genero) values (29, 42, 'Riobard', 'Bishop', 'Jozsef', '13/04/1999', 'PE', 'Male');
insert into Entrenador (IDEntrenador, IDDisciplina, Nombre, PrimerApellido, SegundoApellido, FechaNacimiento, Nacionalidad, Genero) values (30, 21, 'Torin', 'Driutti', 'Bamling', '02/11/2015', 'RU', 'Polygender');
insert into Entrenador (IDEntrenador, IDDisciplina, Nombre, PrimerApellido, SegundoApellido, FechaNacimiento, Nacionalidad, Genero) values (31, 43, 'Teddy', 'Barca', 'Tomes', '05/06/2005', 'JP', 'Female');
insert into Entrenador (IDEntrenador, IDDisciplina, Nombre, PrimerApellido, SegundoApellido, FechaNacimiento, Nacionalidad, Genero) values (32, 11, 'Prent', 'Aizik', 'Cicchetto', '08/01/1999', 'ES', 'Male');
insert into Entrenador (IDEntrenador, IDDisciplina, Nombre, PrimerApellido, SegundoApellido, FechaNacimiento, Nacionalidad, Genero) values (33, 35, 'Amaleta', 'Zanni', 'Craghead', '23/03/1999', 'YE', 'Female');
insert into Entrenador (IDEntrenador, IDDisciplina, Nombre, PrimerApellido, SegundoApellido, FechaNacimiento, Nacionalidad, Genero) values (34, 26, 'Rosalia', 'Jacquemet', 'Ellerker', '19/05/2016', 'PT', 'Female');
insert into Entrenador (IDEntrenador, IDDisciplina, Nombre, PrimerApellido, SegundoApellido, FechaNacimiento, Nacionalidad, Genero) values (35, 44, 'Cornelia', 'Farnin', 'Nendick', '16/07/2006', 'MY', 'Female');
insert into Entrenador (IDEntrenador, IDDisciplina, Nombre, PrimerApellido, SegundoApellido, FechaNacimiento, Nacionalidad, Genero) values (36, 44, 'Pasquale', 'Jessop', 'Oldacre', '08/07/2007', 'AR', 'Male');
insert into Entrenador (IDEntrenador, IDDisciplina, Nombre, PrimerApellido, SegundoApellido, FechaNacimiento, Nacionalidad, Genero) values (37, 16, 'Colver', 'Dickon', 'Renyard', '12/08/2006', 'MY', 'Male');
insert into Entrenador (IDEntrenador, IDDisciplina, Nombre, PrimerApellido, SegundoApellido, FechaNacimiento, Nacionalidad, Genero) values (38, 26, 'Daron', 'Lovatt', 'Hennemann', '19/05/2008', 'ID', 'Female');
insert into Entrenador (IDEntrenador, IDDisciplina, Nombre, PrimerApellido, SegundoApellido, FechaNacimiento, Nacionalidad, Genero) values (39, 29, 'Pierson', 'Beames', 'Gaylard', '05/02/1999', 'CO', 'Agender');
insert into Entrenador (IDEntrenador, IDDisciplina, Nombre, PrimerApellido, SegundoApellido, FechaNacimiento, Nacionalidad, Genero) values (40, 48, 'Alley', 'Mardall', 'Maillard', '25/07/2016', 'US', 'Male');
insert into Entrenador (IDEntrenador, IDDisciplina, Nombre, PrimerApellido, SegundoApellido, FechaNacimiento, Nacionalidad, Genero) values (41, 28, 'Robin', 'Colbron', 'Ahlf', '14/11/2001', 'BO', 'Female');
insert into Entrenador (IDEntrenador, IDDisciplina, Nombre, PrimerApellido, SegundoApellido, FechaNacimiento, Nacionalidad, Genero) values (42, 23, 'Inge', 'Ferre', 'Fullman', '10/06/2011', 'CN', 'Female');
insert into Entrenador (IDEntrenador, IDDisciplina, Nombre, PrimerApellido, SegundoApellido, FechaNacimiento, Nacionalidad, Genero) values (43, 31, 'Midge', 'Banfield', 'Batterton', '23/01/2013', 'EG', 'Female');
insert into Entrenador (IDEntrenador, IDDisciplina, Nombre, PrimerApellido, SegundoApellido, FechaNacimiento, Nacionalidad, Genero) values (44, 31, 'Mendie', 'Roseman', 'Gillings', '25/02/2007', 'PH', 'Male');
insert into Entrenador (IDEntrenador, IDDisciplina, Nombre, PrimerApellido, SegundoApellido, FechaNacimiento, Nacionalidad, Genero) values (45, 41, 'Kirby', 'Lardge', 'Shivell', '22/10/2007', 'PL', 'Female');
insert into Entrenador (IDEntrenador, IDDisciplina, Nombre, PrimerApellido, SegundoApellido, FechaNacimiento, Nacionalidad, Genero) values (46, 31, 'Mechelle', 'Kinman', 'Verriour', '17/05/2013', 'ID', 'Female');
insert into Entrenador (IDEntrenador, IDDisciplina, Nombre, PrimerApellido, SegundoApellido, FechaNacimiento, Nacionalidad, Genero) values (47, 42, 'Celinka', 'Lambden', 'Barnwell', '03/04/2014', 'CN', 'Female');
insert into Entrenador (IDEntrenador, IDDisciplina, Nombre, PrimerApellido, SegundoApellido, FechaNacimiento, Nacionalidad, Genero) values (48, 48, 'Nicolle', 'Drust', 'Semarke', '01/10/2014', 'GT', 'Female');
insert into Entrenador (IDEntrenador, IDDisciplina, Nombre, PrimerApellido, SegundoApellido, FechaNacimiento, Nacionalidad, Genero) values (49, 11, 'Davin', 'Culshew', 'Deelay', '02/06/1998', 'CN', 'Male');
insert into Entrenador (IDEntrenador, IDDisciplina, Nombre, PrimerApellido, SegundoApellido, FechaNacimiento, Nacionalidad, Genero) values (50, 19, 'Quinn', 'Tilt', 'Donnellan', '02/04/2012', 'CN', 'Male');
insert into Entrenador (IDEntrenador, IDDisciplina, Nombre, PrimerApellido, SegundoApellido, FechaNacimiento, Nacionalidad, Genero) values (51, 42, 'Miran', 'Toulson', 'Bonanno', '24/09/2005', 'ZA', 'Female');
insert into Entrenador (IDEntrenador, IDDisciplina, Nombre, PrimerApellido, SegundoApellido, FechaNacimiento, Nacionalidad, Genero) values (52, 24, 'Reg', 'Bertouloume', 'Allabarton', '25/08/2006', 'SN', 'Male');
insert into Entrenador (IDEntrenador, IDDisciplina, Nombre, PrimerApellido, SegundoApellido, FechaNacimiento, Nacionalidad, Genero) values (53, 24, 'Raimund', 'Watting', 'Bayless', '26/06/2014', 'ID', 'Male');
insert into Entrenador (IDEntrenador, IDDisciplina, Nombre, PrimerApellido, SegundoApellido, FechaNacimiento, Nacionalidad, Genero) values (54, 19, 'Alberta', 'Brychan', 'Rodder', '18/10/2000', 'MU', 'Female');
insert into Entrenador (IDEntrenador, IDDisciplina, Nombre, PrimerApellido, SegundoApellido, FechaNacimiento, Nacionalidad, Genero) values (55, 17, 'Tomasina', 'Duligal', 'Winfindale', '22/04/2013', 'US', 'Female');
insert into Entrenador (IDEntrenador, IDDisciplina, Nombre, PrimerApellido, SegundoApellido, FechaNacimiento, Nacionalidad, Genero) values (56, 7, 'Vachel', 'Puckinghorne', 'Ricci', '08/06/2013', 'PA', 'Male');
insert into Entrenador (IDEntrenador, IDDisciplina, Nombre, PrimerApellido, SegundoApellido, FechaNacimiento, Nacionalidad, Genero) values (57, 49, 'Tully', 'Veregan', 'Dollin', '12/10/2010', 'PA', 'Male');
insert into Entrenador (IDEntrenador, IDDisciplina, Nombre, PrimerApellido, SegundoApellido, FechaNacimiento, Nacionalidad, Genero) values (58, 43, 'Alanson', 'Josupeit', 'Bierton', '21/11/1999', 'CN', 'Male');
insert into Entrenador (IDEntrenador, IDDisciplina, Nombre, PrimerApellido, SegundoApellido, FechaNacimiento, Nacionalidad, Genero) values (59, 3, 'Wilton', 'Stratiff', 'O''Leagham', '22/04/1999', 'SE', 'Male');
insert into Entrenador (IDEntrenador, IDDisciplina, Nombre, PrimerApellido, SegundoApellido, FechaNacimiento, Nacionalidad, Genero) values (60, 14, 'Max', 'McMurdo', 'Priel', '28/12/2010', 'CU', 'Female');
insert into Entrenador (IDEntrenador, IDDisciplina, Nombre, PrimerApellido, SegundoApellido, FechaNacimiento, Nacionalidad, Genero) values (61, 47, 'Emory', 'Stovold', 'Hardi', '23/09/2012', 'BR', 'Male');
insert into Entrenador (IDEntrenador, IDDisciplina, Nombre, PrimerApellido, SegundoApellido, FechaNacimiento, Nacionalidad, Genero) values (62, 46, 'Marj', 'Caplin', 'Nieass', '23/09/2012', 'ID', 'Female');
insert into Entrenador (IDEntrenador, IDDisciplina, Nombre, PrimerApellido, SegundoApellido, FechaNacimiento, Nacionalidad, Genero) values (63, 32, 'Cleve', 'Gwillim', 'Trent', '29/07/2015', 'CN', 'Male');
insert into Entrenador (IDEntrenador, IDDisciplina, Nombre, PrimerApellido, SegundoApellido, FechaNacimiento, Nacionalidad, Genero) values (64, 31, 'Harrie', 'McCreadie', 'Budget', '12/12/2007', 'US', 'Female');
insert into Entrenador (IDEntrenador, IDDisciplina, Nombre, PrimerApellido, SegundoApellido, FechaNacimiento, Nacionalidad, Genero) values (65, 18, 'Sherwin', 'Vasilyonok', 'Gundry', '30/05/1998', 'RU', 'Male');
insert into Entrenador (IDEntrenador, IDDisciplina, Nombre, PrimerApellido, SegundoApellido, FechaNacimiento, Nacionalidad, Genero) values (66, 11, 'Lucho', 'Ambler', 'Compston', '24/07/2008', 'SE', 'Male');
insert into Entrenador (IDEntrenador, IDDisciplina, Nombre, PrimerApellido, SegundoApellido, FechaNacimiento, Nacionalidad, Genero) values (67, 45, 'Darn', 'Yakebovitch', 'Collingwood', '19/03/2000', 'UZ', 'Male');
insert into Entrenador (IDEntrenador, IDDisciplina, Nombre, PrimerApellido, SegundoApellido, FechaNacimiento, Nacionalidad, Genero) values (68, 44, 'Tami', 'Coltan', 'Lidstone', '22/02/2009', 'PT', 'Female');
insert into Entrenador (IDEntrenador, IDDisciplina, Nombre, PrimerApellido, SegundoApellido, FechaNacimiento, Nacionalidad, Genero) values (69, 32, 'Ernestus', 'Eskrick', 'Navarijo', '30/12/2001', 'ID', 'Male');
insert into Entrenador (IDEntrenador, IDDisciplina, Nombre, PrimerApellido, SegundoApellido, FechaNacimiento, Nacionalidad, Genero) values (70, 43, 'Jeth', 'Lerway', 'Brownrigg', '16/08/2015', 'FR', 'Male');
insert into Entrenador (IDEntrenador, IDDisciplina, Nombre, PrimerApellido, SegundoApellido, FechaNacimiento, Nacionalidad, Genero) values (71, 4, 'Benita', 'Tunsley', 'MacAvddy', '15/06/2003', 'CN', 'Female');
insert into Entrenador (IDEntrenador, IDDisciplina, Nombre, PrimerApellido, SegundoApellido, FechaNacimiento, Nacionalidad, Genero) values (72, 50, 'Veronique', 'Osan', 'Bullion', '18/01/2004', 'BR', 'Female');
insert into Entrenador (IDEntrenador, IDDisciplina, Nombre, PrimerApellido, SegundoApellido, FechaNacimiento, Nacionalidad, Genero) values (73, 28, 'Merissa', 'Domney', 'Pleace', '08/07/2008', 'CN', 'Female');
insert into Entrenador (IDEntrenador, IDDisciplina, Nombre, PrimerApellido, SegundoApellido, FechaNacimiento, Nacionalidad, Genero) values (74, 39, 'Nertie', 'Oseland', 'Hazle', '26/09/2002', 'PT', 'Female');
insert into Entrenador (IDEntrenador, IDDisciplina, Nombre, PrimerApellido, SegundoApellido, FechaNacimiento, Nacionalidad, Genero) values (75, 30, 'Jacklin', 'Goodsal', 'Conochie', '10/06/2004', 'CN', 'Agender');
insert into Entrenador (IDEntrenador, IDDisciplina, Nombre, PrimerApellido, SegundoApellido, FechaNacimiento, Nacionalidad, Genero) values (76, 43, 'Mellisa', 'Whittuck', 'Bullan', '04/03/2005', 'PH', 'Female');
insert into Entrenador (IDEntrenador, IDDisciplina, Nombre, PrimerApellido, SegundoApellido, FechaNacimiento, Nacionalidad, Genero) values (77, 24, 'Isaac', 'Bice', 'Litherland', '25/04/2011', 'RU', 'Male');
insert into Entrenador (IDEntrenador, IDDisciplina, Nombre, PrimerApellido, SegundoApellido, FechaNacimiento, Nacionalidad, Genero) values (78, 9, 'Matthew', 'Prigg', 'Surplice', '30/04/2005', 'MN', 'Male');
insert into Entrenador (IDEntrenador, IDDisciplina, Nombre, PrimerApellido, SegundoApellido, FechaNacimiento, Nacionalidad, Genero) values (79, 20, 'Barbe', 'Henningham', 'Grey', '03/04/2010', 'RU', 'Female');
insert into Entrenador (IDEntrenador, IDDisciplina, Nombre, PrimerApellido, SegundoApellido, FechaNacimiento, Nacionalidad, Genero) values (80, 26, 'Willie', 'Mattinson', 'Blaszczyk', '28/10/2013', 'BR', 'Male');
insert into Entrenador (IDEntrenador, IDDisciplina, Nombre, PrimerApellido, SegundoApellido, FechaNacimiento, Nacionalidad, Genero) values (81, 30, 'Kerk', 'Djurkovic', 'Annakin', '11/04/2010', 'SE', 'Male');
insert into Entrenador (IDEntrenador, IDDisciplina, Nombre, PrimerApellido, SegundoApellido, FechaNacimiento, Nacionalidad, Genero) values (82, 43, 'Max', 'Hinckley', 'McMurthy', '06/10/2002', 'KP', 'Female');
insert into Entrenador (IDEntrenador, IDDisciplina, Nombre, PrimerApellido, SegundoApellido, FechaNacimiento, Nacionalidad, Genero) values (83, 43, 'Dmitri', 'Brittan', 'Kinnear', '28/11/2012', 'FR', 'Bigender');
insert into Entrenador (IDEntrenador, IDDisciplina, Nombre, PrimerApellido, SegundoApellido, FechaNacimiento, Nacionalidad, Genero) values (84, 5, 'Ardra', 'Manon', 'Seary', '04/11/2001', 'BR', 'Female');
insert into Entrenador (IDEntrenador, IDDisciplina, Nombre, PrimerApellido, SegundoApellido, FechaNacimiento, Nacionalidad, Genero) values (85, 32, 'Ileana', 'Southworth', 'Measom', '12/01/2010', 'RU', 'Female');
insert into Entrenador (IDEntrenador, IDDisciplina, Nombre, PrimerApellido, SegundoApellido, FechaNacimiento, Nacionalidad, Genero) values (86, 23, 'Lorin', 'Littell', 'Tregust', '13/11/2004', 'IR', 'Agender');
insert into Entrenador (IDEntrenador, IDDisciplina, Nombre, PrimerApellido, SegundoApellido, FechaNacimiento, Nacionalidad, Genero) values (87, 22, 'Helyn', 'Kesten', 'Simmings', '04/12/2012', 'RU', 'Female');
insert into Entrenador (IDEntrenador, IDDisciplina, Nombre, PrimerApellido, SegundoApellido, FechaNacimiento, Nacionalidad, Genero) values (88, 15, 'Feliza', 'Rugge', 'Emig', '04/01/2000', 'FR', 'Female');
insert into Entrenador (IDEntrenador, IDDisciplina, Nombre, PrimerApellido, SegundoApellido, FechaNacimiento, Nacionalidad, Genero) values (89, 37, 'Dion', 'Lilliman', 'Seymour', '24/04/2005', 'MN', 'Male');
insert into Entrenador (IDEntrenador, IDDisciplina, Nombre, PrimerApellido, SegundoApellido, FechaNacimiento, Nacionalidad, Genero) values (90, 11, 'Ileane', 'Teeney', 'Rizzini', '02/10/2016', 'PL', 'Female');
insert into Entrenador (IDEntrenador, IDDisciplina, Nombre, PrimerApellido, SegundoApellido, FechaNacimiento, Nacionalidad, Genero) values (91, 14, 'Kimmie', 'Tomala', 'Von Gladbach', '21/07/2013', 'UA', 'Female');
insert into Entrenador (IDEntrenador, IDDisciplina, Nombre, PrimerApellido, SegundoApellido, FechaNacimiento, Nacionalidad, Genero) values (92, 42, 'Colan', 'Giral', 'L''Episcopio', '22/11/2015', 'SA', 'Genderfluid');
insert into Entrenador (IDEntrenador, IDDisciplina, Nombre, PrimerApellido, SegundoApellido, FechaNacimiento, Nacionalidad, Genero) values (93, 11, 'Howey', 'Halbeard', 'Gauson', '19/12/2004', 'RU', 'Male');
insert into Entrenador (IDEntrenador, IDDisciplina, Nombre, PrimerApellido, SegundoApellido, FechaNacimiento, Nacionalidad, Genero) values (94, 49, 'Steven', 'Marking', 'Lawty', '20/03/2002', 'CN', 'Male');
insert into Entrenador (IDEntrenador, IDDisciplina, Nombre, PrimerApellido, SegundoApellido, FechaNacimiento, Nacionalidad, Genero) values (95, 45, 'Lianne', 'Wick', 'Rawcliffe', '07/07/2016', 'CN', 'Female');
insert into Entrenador (IDEntrenador, IDDisciplina, Nombre, PrimerApellido, SegundoApellido, FechaNacimiento, Nacionalidad, Genero) values (96, 43, 'Luz', 'Humblestone', 'Junkinson', '01/11/2004', 'ID', 'Female');
insert into Entrenador (IDEntrenador, IDDisciplina, Nombre, PrimerApellido, SegundoApellido, FechaNacimiento, Nacionalidad, Genero) values (97, 11, 'Gnni', 'Benner', 'Perrot', '28/08/2001', 'JP', 'Female');
insert into Entrenador (IDEntrenador, IDDisciplina, Nombre, PrimerApellido, SegundoApellido, FechaNacimiento, Nacionalidad, Genero) values (98, 9, 'Rosemaria', 'Waggett', 'Moylan', '25/01/2000', 'RU', 'Female');
insert into Entrenador (IDEntrenador, IDDisciplina, Nombre, PrimerApellido, SegundoApellido, FechaNacimiento, Nacionalidad, Genero) values (99, 1, 'Atalanta', 'Josephson', 'Eborall', '28/11/2006', 'AM', 'Female');
insert into Entrenador (IDEntrenador, IDDisciplina, Nombre, PrimerApellido, SegundoApellido, FechaNacimiento, Nacionalidad, Genero) values (100, 32, 'Carri', 'Gartan', 'Reucastle', '03/11/2010', 'SE', 'Female');
insert into Entrenador (IDEntrenador, IDDisciplina, Nombre, PrimerApellido, SegundoApellido, FechaNacimiento, Nacionalidad, Genero) values (101, 16, 'Susan', 'Harhoff', 'Gianullo', '08/10/2000', 'RU', 'Female');
insert into Entrenador (IDEntrenador, IDDisciplina, Nombre, PrimerApellido, SegundoApellido, FechaNacimiento, Nacionalidad, Genero) values (102, 25, 'Cairistiona', 'Demicoli', 'Salazar', '09/05/2007', 'ZW', 'Female');
insert into Entrenador (IDEntrenador, IDDisciplina, Nombre, PrimerApellido, SegundoApellido, FechaNacimiento, Nacionalidad, Genero) values (103, 35, 'Roderigo', 'Trent', 'Bosley', '26/11/2003', 'MN', 'Male');
insert into Entrenador (IDEntrenador, IDDisciplina, Nombre, PrimerApellido, SegundoApellido, FechaNacimiento, Nacionalidad, Genero) values (104, 8, 'Randolf', 'Arnfield', 'Kerne', '02/04/2002', 'RU', 'Male');
insert into Entrenador (IDEntrenador, IDDisciplina, Nombre, PrimerApellido, SegundoApellido, FechaNacimiento, Nacionalidad, Genero) values (105, 5, 'Dennie', 'Covely', 'Neiland', '26/11/2003', 'RU', 'Agender');
insert into Entrenador (IDEntrenador, IDDisciplina, Nombre, PrimerApellido, SegundoApellido, FechaNacimiento, Nacionalidad, Genero) values (106, 43, 'Emiline', 'Del Castello', 'Chilton', '01/05/2002', 'CN', 'Female');
insert into Entrenador (IDEntrenador, IDDisciplina, Nombre, PrimerApellido, SegundoApellido, FechaNacimiento, Nacionalidad, Genero) values (107, 29, 'Maribel', 'Coulson', 'Melliard', '27/10/2000', 'VN', 'Female');
insert into Entrenador (IDEntrenador, IDDisciplina, Nombre, PrimerApellido, SegundoApellido, FechaNacimiento, Nacionalidad, Genero) values (108, 38, 'Melisande', 'Edelmann', 'Heibl', '27/09/2011', 'PH', 'Female');
insert into Entrenador (IDEntrenador, IDDisciplina, Nombre, PrimerApellido, SegundoApellido, FechaNacimiento, Nacionalidad, Genero) values (109, 37, 'Sena', 'Giovannetti', 'Tobias', '20/08/2008', 'RU', 'Female');
insert into Entrenador (IDEntrenador, IDDisciplina, Nombre, PrimerApellido, SegundoApellido, FechaNacimiento, Nacionalidad, Genero) values (110, 41, 'Jeremy', 'Simonian', 'Woodnutt', '17/06/1999', 'BR', 'Genderqueer');
insert into Entrenador (IDEntrenador, IDDisciplina, Nombre, PrimerApellido, SegundoApellido, FechaNacimiento, Nacionalidad, Genero) values (111, 17, 'Marlyn', 'Zammitt', 'Kempster', '16/06/2004', 'RS', 'Female');
insert into Entrenador (IDEntrenador, IDDisciplina, Nombre, PrimerApellido, SegundoApellido, FechaNacimiento, Nacionalidad, Genero) values (112, 6, 'Adey', 'Beeswing', 'Ollcott', '31/05/1999', 'CN', 'Female');
insert into Entrenador (IDEntrenador, IDDisciplina, Nombre, PrimerApellido, SegundoApellido, FechaNacimiento, Nacionalidad, Genero) values (113, 21, 'Wiatt', 'Bricksey', 'Loggie', '24/03/2002', 'PL', 'Male');
insert into Entrenador (IDEntrenador, IDDisciplina, Nombre, PrimerApellido, SegundoApellido, FechaNacimiento, Nacionalidad, Genero) values (114, 16, 'Tris', 'Rizzello', 'Flisher', '30/03/2006', 'FI', 'Male');
insert into Entrenador (IDEntrenador, IDDisciplina, Nombre, PrimerApellido, SegundoApellido, FechaNacimiento, Nacionalidad, Genero) values (115, 7, 'Keen', 'Van den Dael', 'Alyutin', '16/04/2005', 'NG', 'Male');
insert into Entrenador (IDEntrenador, IDDisciplina, Nombre, PrimerApellido, SegundoApellido, FechaNacimiento, Nacionalidad, Genero) values (116, 20, 'Marysa', 'Hinkens', 'ffrench Beytagh', '17/05/2016', 'KG', 'Female');
insert into Entrenador (IDEntrenador, IDDisciplina, Nombre, PrimerApellido, SegundoApellido, FechaNacimiento, Nacionalidad, Genero) values (117, 48, 'Huntley', 'Christon', 'Fleming', '23/10/2003', 'PK', 'Male');
insert into Entrenador (IDEntrenador, IDDisciplina, Nombre, PrimerApellido, SegundoApellido, FechaNacimiento, Nacionalidad, Genero) values (118, 2, 'Vivienne', 'Douse', 'Esposita', '12/05/2001', 'CN', 'Female');
insert into Entrenador (IDEntrenador, IDDisciplina, Nombre, PrimerApellido, SegundoApellido, FechaNacimiento, Nacionalidad, Genero) values (119, 24, 'Archibaldo', 'Stares', 'Vanne', '19/07/2004', 'AM', 'Male');
insert into Entrenador (IDEntrenador, IDDisciplina, Nombre, PrimerApellido, SegundoApellido, FechaNacimiento, Nacionalidad, Genero) values (120, 7, 'Aubry', 'Whiscard', 'Woodger', '15/12/2005', 'GR', 'Female');
insert into Entrenador (IDEntrenador, IDDisciplina, Nombre, PrimerApellido, SegundoApellido, FechaNacimiento, Nacionalidad, Genero) values (121, 10, 'Danice', 'Willers', 'Hoopper', '22/09/2015', 'IL', 'Female');
insert into Entrenador (IDEntrenador, IDDisciplina, Nombre, PrimerApellido, SegundoApellido, FechaNacimiento, Nacionalidad, Genero) values (122, 29, 'Rosene', 'Albasini', 'Wookey', '18/05/2003', 'CN', 'Genderqueer');
insert into Entrenador (IDEntrenador, IDDisciplina, Nombre, PrimerApellido, SegundoApellido, FechaNacimiento, Nacionalidad, Genero) values (123, 49, 'Lane', 'Philippsohn', 'Audley', '20/02/2010', 'ID', 'Male');
insert into Entrenador (IDEntrenador, IDDisciplina, Nombre, PrimerApellido, SegundoApellido, FechaNacimiento, Nacionalidad, Genero) values (124, 38, 'Faydra', 'Haldon', 'Paulet', '25/02/2007', 'FR', 'Female');
insert into Entrenador (IDEntrenador, IDDisciplina, Nombre, PrimerApellido, SegundoApellido, FechaNacimiento, Nacionalidad, Genero) values (125, 45, 'Sal', 'Marcum', 'Gasnell', '28/05/2015', 'CN', 'Bigender');
insert into Entrenador (IDEntrenador, IDDisciplina, Nombre, PrimerApellido, SegundoApellido, FechaNacimiento, Nacionalidad, Genero) values (126, 29, 'Tabatha', 'Newdick', 'Cuseick', '05/04/2006', 'ID', 'Female');
insert into Entrenador (IDEntrenador, IDDisciplina, Nombre, PrimerApellido, SegundoApellido, FechaNacimiento, Nacionalidad, Genero) values (127, 17, 'Jeremie', 'Drinnan', 'Yaneev', '18/07/1999', 'PL', 'Genderqueer');
insert into Entrenador (IDEntrenador, IDDisciplina, Nombre, PrimerApellido, SegundoApellido, FechaNacimiento, Nacionalidad, Genero) values (128, 1, 'Hillard', 'Marzellano', 'Bruckmann', '08/10/2005', 'LV', 'Male');
insert into Entrenador (IDEntrenador, IDDisciplina, Nombre, PrimerApellido, SegundoApellido, FechaNacimiento, Nacionalidad, Genero) values (129, 35, 'Rollo', 'Glasspool', 'Grene', '08/09/2016', 'CN', 'Genderqueer');
insert into Entrenador (IDEntrenador, IDDisciplina, Nombre, PrimerApellido, SegundoApellido, FechaNacimiento, Nacionalidad, Genero) values (130, 20, 'Carole', 'Pickover', 'Filipic', '11/09/2000', 'CO', 'Female');
insert into Entrenador (IDEntrenador, IDDisciplina, Nombre, PrimerApellido, SegundoApellido, FechaNacimiento, Nacionalidad, Genero) values (131, 44, 'Abraham', 'Cisneros', 'Albrook', '09/11/2009', 'CN', 'Male');
insert into Entrenador (IDEntrenador, IDDisciplina, Nombre, PrimerApellido, SegundoApellido, FechaNacimiento, Nacionalidad, Genero) values (132, 47, 'Patricio', 'Ship', 'Fenemore', '27/12/1999', 'PH', 'Male');
insert into Entrenador (IDEntrenador, IDDisciplina, Nombre, PrimerApellido, SegundoApellido, FechaNacimiento, Nacionalidad, Genero) values (133, 49, 'Cesaro', 'Grigoliis', 'Dunster', '06/02/2001', 'PH', 'Male');
insert into Entrenador (IDEntrenador, IDDisciplina, Nombre, PrimerApellido, SegundoApellido, FechaNacimiento, Nacionalidad, Genero) values (134, 46, 'Anderson', 'Swigger', 'Kennaway', '02/07/2009', 'CZ', 'Male');
insert into Entrenador (IDEntrenador, IDDisciplina, Nombre, PrimerApellido, SegundoApellido, FechaNacimiento, Nacionalidad, Genero) values (135, 30, 'Cherri', 'Broadbury', 'Dunge', '03/08/2003', 'ID', 'Female');
insert into Entrenador (IDEntrenador, IDDisciplina, Nombre, PrimerApellido, SegundoApellido, FechaNacimiento, Nacionalidad, Genero) values (136, 19, 'Izzy', 'Mignot', 'Duffan', '29/10/1999', 'PT', 'Male');
insert into Entrenador (IDEntrenador, IDDisciplina, Nombre, PrimerApellido, SegundoApellido, FechaNacimiento, Nacionalidad, Genero) values (137, 38, 'Hansiain', 'Challenor', 'Garter', '14/04/2007', 'CN', 'Male');
insert into Entrenador (IDEntrenador, IDDisciplina, Nombre, PrimerApellido, SegundoApellido, FechaNacimiento, Nacionalidad, Genero) values (138, 23, 'Cullin', 'Batters', 'Dmitriev', '16/01/2003', 'PL', 'Male');
insert into Entrenador (IDEntrenador, IDDisciplina, Nombre, PrimerApellido, SegundoApellido, FechaNacimiento, Nacionalidad, Genero) values (139, 2, 'Gavan', 'Sive', 'Redmain', '14/01/2008', 'YE', 'Male');
insert into Entrenador (IDEntrenador, IDDisciplina, Nombre, PrimerApellido, SegundoApellido, FechaNacimiento, Nacionalidad, Genero) values (140, 4, 'Max', 'Arrundale', 'Goodhay', '16/07/2007', 'PL', 'Female');
insert into Entrenador (IDEntrenador, IDDisciplina, Nombre, PrimerApellido, SegundoApellido, FechaNacimiento, Nacionalidad, Genero) values (141, 4, 'Nerita', 'Dykas', 'Orta', '28/04/2009', 'FR', 'Female');
insert into Entrenador (IDEntrenador, IDDisciplina, Nombre, PrimerApellido, SegundoApellido, FechaNacimiento, Nacionalidad, Genero) values (142, 7, 'Clair', 'Iacovazzi', 'Henriet', '03/02/1999', 'AL', 'Female');
insert into Entrenador (IDEntrenador, IDDisciplina, Nombre, PrimerApellido, SegundoApellido, FechaNacimiento, Nacionalidad, Genero) values (143, 31, 'Rowney', 'Humm', 'Broadbury', '08/06/2000', 'CN', 'Male');
insert into Entrenador (IDEntrenador, IDDisciplina, Nombre, PrimerApellido, SegundoApellido, FechaNacimiento, Nacionalidad, Genero) values (144, 50, 'Lazare', 'McPhaden', 'De Paoli', '24/05/2007', 'CN', 'Male');
insert into Entrenador (IDEntrenador, IDDisciplina, Nombre, PrimerApellido, SegundoApellido, FechaNacimiento, Nacionalidad, Genero) values (145, 45, 'Guenna', 'Victory', 'Been', '02/08/2007', 'US', 'Genderqueer');
insert into Entrenador (IDEntrenador, IDDisciplina, Nombre, PrimerApellido, SegundoApellido, FechaNacimiento, Nacionalidad, Genero) values (146, 10, 'Vanny', 'Tolley', 'Billing', '11/12/2006', 'PT', 'Female');
insert into Entrenador (IDEntrenador, IDDisciplina, Nombre, PrimerApellido, SegundoApellido, FechaNacimiento, Nacionalidad, Genero) values (147, 34, 'Tye', 'Byatt', 'Wayland', '29/01/2010', 'PT', 'Genderqueer');
insert into Entrenador (IDEntrenador, IDDisciplina, Nombre, PrimerApellido, SegundoApellido, FechaNacimiento, Nacionalidad, Genero) values (148, 14, 'Koressa', 'Sharper', 'Woodruff', '20/04/1999', 'AR', 'Female');
insert into Entrenador (IDEntrenador, IDDisciplina, Nombre, PrimerApellido, SegundoApellido, FechaNacimiento, Nacionalidad, Genero) values (149, 45, 'Joyan', 'Artois', 'Jossum', '05/04/2005', 'BR', 'Female');
insert into Entrenador (IDEntrenador, IDDisciplina, Nombre, PrimerApellido, SegundoApellido, FechaNacimiento, Nacionalidad, Genero) values (150, 26, 'Raffaello', 'Arrigo', 'Jedrachowicz', '17/07/2007', 'EC', 'Male');
-- Tuplas para la tabla Atleta

insert into Atleta (IDAtleta, NombrePais, IDEntrenador, Temporada, Nombre, PrimerApellido, SegundoApellido, FechaNacimiento, Nacionalidad, Genero) values (1, 'Bosnia y Herzegovina', 56, 2020, 'Demetra', 'Eschelle', 'Fost', '25/07/1981', 'DE', 'Female');
insert into Atleta (IDAtleta, NombrePais, IDEntrenador, Temporada, Nombre, PrimerApellido, SegundoApellido, FechaNacimiento, Nacionalidad, Genero) values (2, 'Malta', 20, 2024, 'Colman', 'Opy', 'Lemmertz', '14/08/2003', 'CN', 'Male');
insert into Atleta (IDAtleta, NombrePais, IDEntrenador, Temporada, Nombre, PrimerApellido, SegundoApellido, FechaNacimiento, Nacionalidad, Genero) values (3, 'Guinea Ecuatorial', 110, 2020, 'Coralyn', 'Manshaw', 'Coath', '03/11/2001', 'CN', 'Female');
insert into Atleta (IDAtleta, NombrePais, IDEntrenador, Temporada, Nombre, PrimerApellido, SegundoApellido, FechaNacimiento, Nacionalidad, Genero) values (4, 'Níger', 88, 2020, 'Kane', 'Parres', 'Karran', '21/11/1999', 'RU', 'Polygender');
insert into Atleta (IDAtleta, NombrePais, IDEntrenador, Temporada, Nombre, PrimerApellido, SegundoApellido, FechaNacimiento, Nacionalidad, Genero) values (5, 'Guinea', 63, 2023, 'Lonnie', 'Baughn', 'Durdle', '14/01/1980', 'PS', 'Female');
insert into Atleta (IDAtleta, NombrePais, IDEntrenador, Temporada, Nombre, PrimerApellido, SegundoApellido, FechaNacimiento, Nacionalidad, Genero) values (6, 'Austria', 68, 2021, 'Sebastiano', 'Asbery', 'Brooke', '15/02/1980', 'FR', 'Male');
insert into Atleta (IDAtleta, NombrePais, IDEntrenador, Temporada, Nombre, PrimerApellido, SegundoApellido, FechaNacimiento, Nacionalidad, Genero) values (7, 'Japón', 147, 2023, 'Artemis', 'Atterbury', 'Calrow', '02/05/1997', 'AR', 'Male');
insert into Atleta (IDAtleta, NombrePais, IDEntrenador, Temporada, Nombre, PrimerApellido, SegundoApellido, FechaNacimiento, Nacionalidad, Genero) values (8, 'Tayikistán', 129, 2021, 'Seana', 'Blees', 'Ceyssen', '16/10/2012', 'TH', 'Female');
insert into Atleta (IDAtleta, NombrePais, IDEntrenador, Temporada, Nombre, PrimerApellido, SegundoApellido, FechaNacimiento, Nacionalidad, Genero) values (9, 'Corea del Norte', 40, 2020, 'Cletus', 'Vanes', 'Fehely', '16/05/1977', 'RU', 'Male');
insert into Atleta (IDAtleta, NombrePais, IDEntrenador, Temporada, Nombre, PrimerApellido, SegundoApellido, FechaNacimiento, Nacionalidad, Genero) values (10, 'Irlanda', 77, 2020, 'Jaclyn', 'Binner', 'Hawkswood', '27/01/1974', 'CN', 'Female');
insert into Atleta (IDAtleta, NombrePais, IDEntrenador, Temporada, Nombre, PrimerApellido, SegundoApellido, FechaNacimiento, Nacionalidad, Genero) values (11, 'Guinea Ecuatorial', 101, 2023, 'Merralee', 'Franzke', 'Oldridge', '10/04/2009', 'PH', 'Female');
insert into Atleta (IDAtleta, NombrePais, IDEntrenador, Temporada, Nombre, PrimerApellido, SegundoApellido, FechaNacimiento, Nacionalidad, Genero) values (12, 'Canadá', 68, 2024, 'Maison', 'Broe', 'Cordero', '15/12/2006', 'CN', 'Male');
insert into Atleta (IDAtleta, NombrePais, IDEntrenador, Temporada, Nombre, PrimerApellido, SegundoApellido, FechaNacimiento, Nacionalidad, Genero) values (13, 'Sierra Leona', 121, 2020, 'Justinian', 'Dowyer', 'Beagrie', '29/01/2006', 'PE', 'Male');
insert into Atleta (IDAtleta, NombrePais, IDEntrenador, Temporada, Nombre, PrimerApellido, SegundoApellido, FechaNacimiento, Nacionalidad, Genero) values (14, 'Baréin', 130, 2021, 'Dionisio', 'Eccleston', 'Mickleburgh', '21/10/1984', 'PH', 'Polygender');
insert into Atleta (IDAtleta, NombrePais, IDEntrenador, Temporada, Nombre, PrimerApellido, SegundoApellido, FechaNacimiento, Nacionalidad, Genero) values (15, 'Hungría', 65, 2021, 'Olivier', 'Fuggle', 'Van Waadenburg', '20/09/2009', 'RS', 'Male');
insert into Atleta (IDAtleta, NombrePais, IDEntrenador, Temporada, Nombre, PrimerApellido, SegundoApellido, FechaNacimiento, Nacionalidad, Genero) values (16, 'San Cristóbal y Nieves', 120, 2020, 'Nathanil', 'Keming', 'Glashby', '19/02/1984', 'CG', 'Bigender');
insert into Atleta (IDAtleta, NombrePais, IDEntrenador, Temporada, Nombre, PrimerApellido, SegundoApellido, FechaNacimiento, Nacionalidad, Genero) values (17, 'Egipto', 51, 2023, 'Rory', 'Forrestill', 'Branscombe', '20/06/1977', 'ID', 'Male');
insert into Atleta (IDAtleta, NombrePais, IDEntrenador, Temporada, Nombre, PrimerApellido, SegundoApellido, FechaNacimiento, Nacionalidad, Genero) values (18, 'San Cristóbal y Nieves', 59, 2023, 'Tam', 'Reyne', 'Mioni', '28/06/1979', 'MK', 'Male');
insert into Atleta (IDAtleta, NombrePais, IDEntrenador, Temporada, Nombre, PrimerApellido, SegundoApellido, FechaNacimiento, Nacionalidad, Genero) values (19, 'Islandia', 39, 2022, 'Meredithe', 'Curness', 'Van Dale', '14/07/1992', 'YE', 'Female');
insert into Atleta (IDAtleta, NombrePais, IDEntrenador, Temporada, Nombre, PrimerApellido, SegundoApellido, FechaNacimiento, Nacionalidad, Genero) values (20, 'Esuatini', 21, 2022, 'Noella', 'Parade', 'Giberd', '16/01/1993', 'PH', 'Female');
insert into Atleta (IDAtleta, NombrePais, IDEntrenador, Temporada, Nombre, PrimerApellido, SegundoApellido, FechaNacimiento, Nacionalidad, Genero) values (21, 'Chad', 145, 2020, 'Monah', 'Caudell', 'Szubert', '29/12/1974', 'CN', 'Female');
insert into Atleta (IDAtleta, NombrePais, IDEntrenador, Temporada, Nombre, PrimerApellido, SegundoApellido, FechaNacimiento, Nacionalidad, Genero) values (22, 'Nepal', 137, 2020, 'Nerita', 'Dockrill', 'Hair', '16/09/1991', 'CN', 'Female');
insert into Atleta (IDAtleta, NombrePais, IDEntrenador, Temporada, Nombre, PrimerApellido, SegundoApellido, FechaNacimiento, Nacionalidad, Genero) values (23, 'Surinam', 83, 2021, 'Dredi', 'Brittain', 'Elwyn', '09/07/1982', 'DJ', 'Genderqueer');
insert into Atleta (IDAtleta, NombrePais, IDEntrenador, Temporada, Nombre, PrimerApellido, SegundoApellido, FechaNacimiento, Nacionalidad, Genero) values (24, 'Ucrania', 107, 2024, 'Vivianne', 'Mellers', 'Woodrooffe', '11/09/1976', 'CN', 'Female');
insert into Atleta (IDAtleta, NombrePais, IDEntrenador, Temporada, Nombre, PrimerApellido, SegundoApellido, FechaNacimiento, Nacionalidad, Genero) values (25, 'Guinea-Bisáu', 49, 2023, 'Eveline', 'Wennington', 'Joire', '07/06/1990', 'MY', 'Female');
insert into Atleta (IDAtleta, NombrePais, IDEntrenador, Temporada, Nombre, PrimerApellido, SegundoApellido, FechaNacimiento, Nacionalidad, Genero) values (26, 'Bolivia', 88, 2022, 'Camey', 'Toland', 'Schelle', '20/08/2002', 'RU', 'Male');
insert into Atleta (IDAtleta, NombrePais, IDEntrenador, Temporada, Nombre, PrimerApellido, SegundoApellido, FechaNacimiento, Nacionalidad, Genero) values (27, 'Nueva Zelanda', 27, 2022, 'Wheeler', 'Abade', 'Elsdon', '16/02/1988', 'CN', 'Male');
insert into Atleta (IDAtleta, NombrePais, IDEntrenador, Temporada, Nombre, PrimerApellido, SegundoApellido, FechaNacimiento, Nacionalidad, Genero) values (28, 'Argelia', 116, 2021, 'Gawain', 'Coan', 'Ludgate', '27/09/1991', 'SY', 'Male');
insert into Atleta (IDAtleta, NombrePais, IDEntrenador, Temporada, Nombre, PrimerApellido, SegundoApellido, FechaNacimiento, Nacionalidad, Genero) values (29, 'Libia', 50, 2020, 'Cathee', 'Broome', 'Skellion', '31/07/1994', 'MA', 'Female');
insert into Atleta (IDAtleta, NombrePais, IDEntrenador, Temporada, Nombre, PrimerApellido, SegundoApellido, FechaNacimiento, Nacionalidad, Genero) values (30, 'Senegal', 50, 2020, 'Beltran', 'Duberry', 'Diehn', '10/09/1976', 'FR', 'Male');
insert into Atleta (IDAtleta, NombrePais, IDEntrenador, Temporada, Nombre, PrimerApellido, SegundoApellido, FechaNacimiento, Nacionalidad, Genero) values (31, 'Sri Lanka', 75, 2021, 'Nathanil', 'Lyons', 'Patillo', '14/02/2003', 'PL', 'Male');
insert into Atleta (IDAtleta, NombrePais, IDEntrenador, Temporada, Nombre, PrimerApellido, SegundoApellido, FechaNacimiento, Nacionalidad, Genero) values (32, 'Rumania', 89, 2020, 'Theodoric', 'Keith', 'Blakebrough', '05/03/1995', 'VN', 'Agender');
insert into Atleta (IDAtleta, NombrePais, IDEntrenador, Temporada, Nombre, PrimerApellido, SegundoApellido, FechaNacimiento, Nacionalidad, Genero) values (33, 'Paraguay', 65, 2023, 'Quincey', 'Rowbrey', 'Crepel', '06/07/1977', 'AL', 'Agender');
insert into Atleta (IDAtleta, NombrePais, IDEntrenador, Temporada, Nombre, PrimerApellido, SegundoApellido, FechaNacimiento, Nacionalidad, Genero) values (34, 'Chipre', 23, 2024, 'Addie', 'Eddolls', 'Linke', '06/01/2015', 'GR', 'Male');
insert into Atleta (IDAtleta, NombrePais, IDEntrenador, Temporada, Nombre, PrimerApellido, SegundoApellido, FechaNacimiento, Nacionalidad, Genero) values (35, 'Suecia', 26, 2024, 'Lanie', 'Farley', 'Mansel', '20/09/1974', 'CN', 'Male');
insert into Atleta (IDAtleta, NombrePais, IDEntrenador, Temporada, Nombre, PrimerApellido, SegundoApellido, FechaNacimiento, Nacionalidad, Genero) values (36, 'Armenia', 86, 2020, 'Angel', 'Tethcote', 'Jakoubek', '22/02/1975', 'EG', 'Female');
insert into Atleta (IDAtleta, NombrePais, IDEntrenador, Temporada, Nombre, PrimerApellido, SegundoApellido, FechaNacimiento, Nacionalidad, Genero) values (37, 'Trinidad y Tobago', 38, 2024, 'Berke', 'Kosel', 'Dabnor', '25/03/2007', 'CN', 'Polygender');
insert into Atleta (IDAtleta, NombrePais, IDEntrenador, Temporada, Nombre, PrimerApellido, SegundoApellido, FechaNacimiento, Nacionalidad, Genero) values (38, 'Guyana', 98, 2021, 'Lavena', 'Swayne', 'Tatem', '17/12/2005', 'CN', 'Female');
insert into Atleta (IDAtleta, NombrePais, IDEntrenador, Temporada, Nombre, PrimerApellido, SegundoApellido, FechaNacimiento, Nacionalidad, Genero) values (39, 'China', 118, 2023, 'Hazel', 'Osment', 'Garrish', '29/06/2002', 'NC', 'Female');
insert into Atleta (IDAtleta, NombrePais, IDEntrenador, Temporada, Nombre, PrimerApellido, SegundoApellido, FechaNacimiento, Nacionalidad, Genero) values (40, 'Corea del Sur', 147, 2023, 'Saunders', 'Garrat', 'Mannakee', '10/08/1986', 'FI', 'Bigender');
insert into Atleta (IDAtleta, NombrePais, IDEntrenador, Temporada, Nombre, PrimerApellido, SegundoApellido, FechaNacimiento, Nacionalidad, Genero) values (41, 'Sudán del Sur', 85, 2020, 'Iain', 'Kamen', 'Gilkison', '04/09/1984', 'HN', 'Male');
insert into Atleta (IDAtleta, NombrePais, IDEntrenador, Temporada, Nombre, PrimerApellido, SegundoApellido, FechaNacimiento, Nacionalidad, Genero) values (42, 'Ecuador', 31, 2020, 'Sabra', 'Alenikov', 'Hellewell', '16/01/2008', 'CN', 'Female');
insert into Atleta (IDAtleta, NombrePais, IDEntrenador, Temporada, Nombre, PrimerApellido, SegundoApellido, FechaNacimiento, Nacionalidad, Genero) values (43, 'Montenegro', 56, 2023, 'Dyanna', 'Summerskill', 'MacGowan', '20/12/1970', 'CN', 'Female');
insert into Atleta (IDAtleta, NombrePais, IDEntrenador, Temporada, Nombre, PrimerApellido, SegundoApellido, FechaNacimiento, Nacionalidad, Genero) values (44, 'Esuatini', 108, 2020, 'Marvin', 'Janczak', 'Wegman', '03/03/1994', 'CU', 'Male');
insert into Atleta (IDAtleta, NombrePais, IDEntrenador, Temporada, Nombre, PrimerApellido, SegundoApellido, FechaNacimiento, Nacionalidad, Genero) values (45, 'Azerbaiyán', 148, 2024, 'Cacilia', 'Fairbrother', 'Restall', '02/06/2002', 'CO', 'Female');
insert into Atleta (IDAtleta, NombrePais, IDEntrenador, Temporada, Nombre, PrimerApellido, SegundoApellido, FechaNacimiento, Nacionalidad, Genero) values (46, 'Libia', 99, 2022, 'Leland', 'Wermerling', 'Clarey', '17/10/1993', 'CU', 'Male');
insert into Atleta (IDAtleta, NombrePais, IDEntrenador, Temporada, Nombre, PrimerApellido, SegundoApellido, FechaNacimiento, Nacionalidad, Genero) values (47, 'Albania', 102, 2022, 'Cinderella', 'Swaddle', 'Moden', '03/06/1982', 'RU', 'Female');
insert into Atleta (IDAtleta, NombrePais, IDEntrenador, Temporada, Nombre, PrimerApellido, SegundoApellido, FechaNacimiento, Nacionalidad, Genero) values (48, 'Palaos', 124, 2023, 'Clayborn', 'Popping', 'Vedikhov', '03/02/2016', 'EG', 'Male');
insert into Atleta (IDAtleta, NombrePais, IDEntrenador, Temporada, Nombre, PrimerApellido, SegundoApellido, FechaNacimiento, Nacionalidad, Genero) values (49, 'Tuvalu', 79, 2024, 'Zea', 'Assaf', 'MacConchie', '21/11/1994', 'VE', 'Female');
insert into Atleta (IDAtleta, NombrePais, IDEntrenador, Temporada, Nombre, PrimerApellido, SegundoApellido, FechaNacimiento, Nacionalidad, Genero) values (50, 'Sudán', 126, 2022, 'Livvie', 'Cleaves', 'Gravatt', '01/03/1979', 'CA', 'Female');
insert into Atleta (IDAtleta, NombrePais, IDEntrenador, Temporada, Nombre, PrimerApellido, SegundoApellido, FechaNacimiento, Nacionalidad, Genero) values (51, 'Ecuador', 95, 2023, 'Fianna', 'Madle', 'Jochen', '17/01/1992', 'FM', 'Female');
insert into Atleta (IDAtleta, NombrePais, IDEntrenador, Temporada, Nombre, PrimerApellido, SegundoApellido, FechaNacimiento, Nacionalidad, Genero) values (52, 'Madagascar', 79, 2023, 'Calida', 'Sighard', 'Nani', '08/12/1987', 'FI', 'Female');
insert into Atleta (IDAtleta, NombrePais, IDEntrenador, Temporada, Nombre, PrimerApellido, SegundoApellido, FechaNacimiento, Nacionalidad, Genero) values (53, 'Namibia', 148, 2021, 'Donnamarie', 'Guerro', 'Olenov', '11/06/2001', 'FI', 'Female');
insert into Atleta (IDAtleta, NombrePais, IDEntrenador, Temporada, Nombre, PrimerApellido, SegundoApellido, FechaNacimiento, Nacionalidad, Genero) values (54, 'Barbados', 82, 2020, 'Flemming', 'Trenaman', 'Peskin', '25/12/1982', 'ID', 'Male');
insert into Atleta (IDAtleta, NombrePais, IDEntrenador, Temporada, Nombre, PrimerApellido, SegundoApellido, FechaNacimiento, Nacionalidad, Genero) values (55, 'Malí', 131, 2023, 'Bill', 'Icke', 'Crewes', '07/08/1994', 'FR', 'Female');
insert into Atleta (IDAtleta, NombrePais, IDEntrenador, Temporada, Nombre, PrimerApellido, SegundoApellido, FechaNacimiento, Nacionalidad, Genero) values (56, 'Montenegro', 109, 2023, 'Balduin', 'Sailes', 'Chucks', '13/01/2005', 'AR', 'Male');
insert into Atleta (IDAtleta, NombrePais, IDEntrenador, Temporada, Nombre, PrimerApellido, SegundoApellido, FechaNacimiento, Nacionalidad, Genero) values (57, 'Zimbabue', 35, 2022, 'Una', 'Lamzed', 'Barrowclough', '13/08/1997', 'NE', 'Female');
insert into Atleta (IDAtleta, NombrePais, IDEntrenador, Temporada, Nombre, PrimerApellido, SegundoApellido, FechaNacimiento, Nacionalidad, Genero) values (58, 'Azerbaiyán', 127, 2024, 'Aurore', 'Hattoe', 'Chasles', '29/10/2015', 'RU', 'Female');
insert into Atleta (IDAtleta, NombrePais, IDEntrenador, Temporada, Nombre, PrimerApellido, SegundoApellido, FechaNacimiento, Nacionalidad, Genero) values (59, 'Bután', 126, 2023, 'Nikkie', 'Saltern', 'Skivington', '25/02/2008', 'CN', 'Female');
insert into Atleta (IDAtleta, NombrePais, IDEntrenador, Temporada, Nombre, PrimerApellido, SegundoApellido, FechaNacimiento, Nacionalidad, Genero) values (60, 'Kirguistán', 130, 2023, 'Thorsten', 'Hattersley', 'Blount', '30/09/2007', 'FR', 'Genderfluid');
insert into Atleta (IDAtleta, NombrePais, IDEntrenador, Temporada, Nombre, PrimerApellido, SegundoApellido, FechaNacimiento, Nacionalidad, Genero) values (61, 'Argelia', 95, 2020, 'Wallie', 'Anthes', 'Arnholz', '13/06/1985', 'CN', 'Male');
insert into Atleta (IDAtleta, NombrePais, IDEntrenador, Temporada, Nombre, PrimerApellido, SegundoApellido, FechaNacimiento, Nacionalidad, Genero) values (62, 'Bielorrusia', 90, 2022, 'Renie', 'Yeldon', 'Recher', '12/12/1973', 'SE', 'Female');
insert into Atleta (IDAtleta, NombrePais, IDEntrenador, Temporada, Nombre, PrimerApellido, SegundoApellido, FechaNacimiento, Nacionalidad, Genero) values (63, 'Argentina', 111, 2021, 'Tammi', 'Bruno', 'Clutterbuck', '12/07/2005', 'CN', 'Female');
insert into Atleta (IDAtleta, NombrePais, IDEntrenador, Temporada, Nombre, PrimerApellido, SegundoApellido, FechaNacimiento, Nacionalidad, Genero) values (64, 'República Democrática del Congo', 132, 2022, 'Kaleb', 'Rintoul', 'Pfaffel', '10/12/1996', 'NZ', 'Bigender');
insert into Atleta (IDAtleta, NombrePais, IDEntrenador, Temporada, Nombre, PrimerApellido, SegundoApellido, FechaNacimiento, Nacionalidad, Genero) values (65, 'Islas Salomón', 94, 2024, 'Yasmin', 'Klyner', 'Blader', '28/01/1974', 'PH', 'Female');
insert into Atleta (IDAtleta, NombrePais, IDEntrenador, Temporada, Nombre, PrimerApellido, SegundoApellido, FechaNacimiento, Nacionalidad, Genero) values (66, 'Surinam', 26, 2021, 'Heall', 'Scritch', 'Forson', '07/01/2004', 'BJ', 'Male');
insert into Atleta (IDAtleta, NombrePais, IDEntrenador, Temporada, Nombre, PrimerApellido, SegundoApellido, FechaNacimiento, Nacionalidad, Genero) values (67, 'Guinea', 145, 2020, 'Brennan', 'Desport', 'Graveston', '10/10/1984', 'MD', 'Male');
insert into Atleta (IDAtleta, NombrePais, IDEntrenador, Temporada, Nombre, PrimerApellido, SegundoApellido, FechaNacimiento, Nacionalidad, Genero) values (68, 'Rumania', 126, 2023, 'Corly', 'Pankhurst.', 'Robic', '28/08/2006', 'PK', 'Female');
insert into Atleta (IDAtleta, NombrePais, IDEntrenador, Temporada, Nombre, PrimerApellido, SegundoApellido, FechaNacimiento, Nacionalidad, Genero) values (69, 'Kazajistán', 24, 2023, 'Winifred', 'Adamson', 'Dempster', '04/05/2001', 'AR', 'Female');
insert into Atleta (IDAtleta, NombrePais, IDEntrenador, Temporada, Nombre, PrimerApellido, SegundoApellido, FechaNacimiento, Nacionalidad, Genero) values (70, 'Nueva Zelanda', 53, 2021, 'Tammi', 'Silverwood', 'Prangle', '07/10/2003', 'ID', 'Female');
insert into Atleta (IDAtleta, NombrePais, IDEntrenador, Temporada, Nombre, PrimerApellido, SegundoApellido, FechaNacimiento, Nacionalidad, Genero) values (71, 'Togo', 134, 2024, 'Currie', 'Boothroyd', 'Sturzaker', '31/07/1987', 'ID', 'Male');
insert into Atleta (IDAtleta, NombrePais, IDEntrenador, Temporada, Nombre, PrimerApellido, SegundoApellido, FechaNacimiento, Nacionalidad, Genero) values (72, 'Paraguay', 52, 2020, 'Belva', 'Conws', 'Dinning', '30/07/2015', 'IT', 'Female');
insert into Atleta (IDAtleta, NombrePais, IDEntrenador, Temporada, Nombre, PrimerApellido, SegundoApellido, FechaNacimiento, Nacionalidad, Genero) values (73, 'Dinamarca', 143, 2021, 'Milissent', 'Wolland', 'Rowat', '18/08/2011', 'CN', 'Female');
insert into Atleta (IDAtleta, NombrePais, IDEntrenador, Temporada, Nombre, PrimerApellido, SegundoApellido, FechaNacimiento, Nacionalidad, Genero) values (74, 'Honduras', 135, 2023, 'Gallard', 'Moston', 'Arpin', '24/05/1995', 'BY', 'Male');
insert into Atleta (IDAtleta, NombrePais, IDEntrenador, Temporada, Nombre, PrimerApellido, SegundoApellido, FechaNacimiento, Nacionalidad, Genero) values (75, 'Armenia', 124, 2023, 'Terri-jo', 'Galpen', 'Middleditch', '05/05/1985', 'PL', 'Female');
insert into Atleta (IDAtleta, NombrePais, IDEntrenador, Temporada, Nombre, PrimerApellido, SegundoApellido, FechaNacimiento, Nacionalidad, Genero) values (76, 'Portugal', 126, 2020, 'Karissa', 'Uc', 'Martinie', '25/09/1983', 'CN', 'Female');
insert into Atleta (IDAtleta, NombrePais, IDEntrenador, Temporada, Nombre, PrimerApellido, SegundoApellido, FechaNacimiento, Nacionalidad, Genero) values (77, 'República Dominicana', 140, 2022, 'Ashbey', 'Steane', 'O''Mullally', '30/10/1994', 'PH', 'Male');
insert into Atleta (IDAtleta, NombrePais, IDEntrenador, Temporada, Nombre, PrimerApellido, SegundoApellido, FechaNacimiento, Nacionalidad, Genero) values (78, 'Rusia', 124, 2023, 'Willi', 'Syrett', 'Danby', '04/09/2003', 'PE', 'Male');
insert into Atleta (IDAtleta, NombrePais, IDEntrenador, Temporada, Nombre, PrimerApellido, SegundoApellido, FechaNacimiento, Nacionalidad, Genero) values (79, 'Etiopía', 111, 2023, 'Hamid', 'Biaggioli', 'Linford', '20/09/1977', 'BR', 'Male');
insert into Atleta (IDAtleta, NombrePais, IDEntrenador, Temporada, Nombre, PrimerApellido, SegundoApellido, FechaNacimiento, Nacionalidad, Genero) values (80, 'Francia', 51, 2020, 'Caralie', 'Goodyer', 'Gallie', '29/07/1975', 'MN', 'Female');
insert into Atleta (IDAtleta, NombrePais, IDEntrenador, Temporada, Nombre, PrimerApellido, SegundoApellido, FechaNacimiento, Nacionalidad, Genero) values (81, 'Vanuatu', 31, 2023, 'Mickie', 'Hastler', 'Bauer', '02/07/1986', 'TN', 'Male');
insert into Atleta (IDAtleta, NombrePais, IDEntrenador, Temporada, Nombre, PrimerApellido, SegundoApellido, FechaNacimiento, Nacionalidad, Genero) values (82, 'Fiyi', 89, 2022, 'Trefor', 'Raddenbury', 'Sterry', '11/08/2002', 'AF', 'Male');
insert into Atleta (IDAtleta, NombrePais, IDEntrenador, Temporada, Nombre, PrimerApellido, SegundoApellido, FechaNacimiento, Nacionalidad, Genero) values (83, 'Malasia', 57, 2023, 'Gerri', 'Cuthill', 'Shucksmith', '01/02/1989', 'XK', 'Female');
insert into Atleta (IDAtleta, NombrePais, IDEntrenador, Temporada, Nombre, PrimerApellido, SegundoApellido, FechaNacimiento, Nacionalidad, Genero) values (84, 'Antigua y Barbuda', 100, 2022, 'Kleon', 'Ahearne', 'O''Malley', '26/09/1989', 'CN', 'Male');
insert into Atleta (IDAtleta, NombrePais, IDEntrenador, Temporada, Nombre, PrimerApellido, SegundoApellido, FechaNacimiento, Nacionalidad, Genero) values (85, 'Cabo Verde', 108, 2021, 'Mahala', 'Liddyard', 'Pflieger', '15/05/1983', 'CN', 'Non-binary');
insert into Atleta (IDAtleta, NombrePais, IDEntrenador, Temporada, Nombre, PrimerApellido, SegundoApellido, FechaNacimiento, Nacionalidad, Genero) values (86, 'Burundi', 89, 2023, 'Myrtice', 'Korn', 'Redwing', '05/03/2010', 'FR', 'Female');
insert into Atleta (IDAtleta, NombrePais, IDEntrenador, Temporada, Nombre, PrimerApellido, SegundoApellido, FechaNacimiento, Nacionalidad, Genero) values (87, 'Brunéi', 79, 2022, 'Iggie', 'Fenck', 'Cropton', '24/05/2015', 'CN', 'Male');
insert into Atleta (IDAtleta, NombrePais, IDEntrenador, Temporada, Nombre, PrimerApellido, SegundoApellido, FechaNacimiento, Nacionalidad, Genero) values (88, 'Kirguistán', 57, 2024, 'Vaughan', 'Siemens', 'Deans', '13/08/2010', 'US', 'Male');
insert into Atleta (IDAtleta, NombrePais, IDEntrenador, Temporada, Nombre, PrimerApellido, SegundoApellido, FechaNacimiento, Nacionalidad, Genero) values (89, 'Bélgica', 75, 2020, 'Maynard', 'Bernade', 'Reinard', '17/07/2004', 'PH', 'Male');
insert into Atleta (IDAtleta, NombrePais, IDEntrenador, Temporada, Nombre, PrimerApellido, SegundoApellido, FechaNacimiento, Nacionalidad, Genero) values (90, 'Bahamas', 148, 2020, 'Verney', 'Cahen', 'Coggins', '24/12/1973', 'ID', 'Male');
insert into Atleta (IDAtleta, NombrePais, IDEntrenador, Temporada, Nombre, PrimerApellido, SegundoApellido, FechaNacimiento, Nacionalidad, Genero) values (91, 'Senegal', 81, 2023, 'Nariko', 'Sattin', 'Newland', '24/01/2003', 'PL', 'Female');
insert into Atleta (IDAtleta, NombrePais, IDEntrenador, Temporada, Nombre, PrimerApellido, SegundoApellido, FechaNacimiento, Nacionalidad, Genero) values (92, 'Antigua y Barbuda', 90, 2021, 'Ingelbert', 'Jacobsson', 'Browne', '14/05/1998', 'ID', 'Male');
insert into Atleta (IDAtleta, NombrePais, IDEntrenador, Temporada, Nombre, PrimerApellido, SegundoApellido, FechaNacimiento, Nacionalidad, Genero) values (93, 'Surinam', 93, 2021, 'Lorianna', 'Kybert', 'Aleksich', '16/02/1974', 'ID', 'Female');
insert into Atleta (IDAtleta, NombrePais, IDEntrenador, Temporada, Nombre, PrimerApellido, SegundoApellido, FechaNacimiento, Nacionalidad, Genero) values (94, 'Estados Unidos', 39, 2024, 'Margot', 'Mollison', 'Fricker', '19/10/1979', 'FR', 'Female');
insert into Atleta (IDAtleta, NombrePais, IDEntrenador, Temporada, Nombre, PrimerApellido, SegundoApellido, FechaNacimiento, Nacionalidad, Genero) values (95, 'Ruanda', 138, 2023, 'Eilis', 'Heining', 'Stockton', '16/04/1972', 'BR', 'Female');
insert into Atleta (IDAtleta, NombrePais, IDEntrenador, Temporada, Nombre, PrimerApellido, SegundoApellido, FechaNacimiento, Nacionalidad, Genero) values (96, 'Corea del Sur', 107, 2020, 'Pietrek', 'Kemell', 'Greenlees', '08/12/2010', 'ID', 'Male');
insert into Atleta (IDAtleta, NombrePais, IDEntrenador, Temporada, Nombre, PrimerApellido, SegundoApellido, FechaNacimiento, Nacionalidad, Genero) values (97, 'Dominica', 75, 2024, 'Evanne', 'Nickoles', 'Kenworth', '07/02/1986', 'ID', 'Female');
insert into Atleta (IDAtleta, NombrePais, IDEntrenador, Temporada, Nombre, PrimerApellido, SegundoApellido, FechaNacimiento, Nacionalidad, Genero) values (98, 'Argentina', 53, 2021, 'Taryn', 'Devin', 'Benko', '11/04/2007', 'PE', 'Female');
insert into Atleta (IDAtleta, NombrePais, IDEntrenador, Temporada, Nombre, PrimerApellido, SegundoApellido, FechaNacimiento, Nacionalidad, Genero) values (99, 'Sudán del Sur', 58, 2020, 'Milissent', 'Saberton', 'Padillo', '19/04/2011', 'CN', 'Female');
insert into Atleta (IDAtleta, NombrePais, IDEntrenador, Temporada, Nombre, PrimerApellido, SegundoApellido, FechaNacimiento, Nacionalidad, Genero) values (100, 'Kirguistán', 97, 2024, 'Kristel', 'Cust', 'Yitzovitz', '12/04/1988', 'CN', 'Female');
insert into Atleta (IDAtleta, NombrePais, IDEntrenador, Temporada, Nombre, PrimerApellido, SegundoApellido, FechaNacimiento, Nacionalidad, Genero) values (101, 'India', 23, 2022, 'Kiah', 'Frapwell', 'Pioli', '19/11/1979', 'CZ', 'Female');
insert into Atleta (IDAtleta, NombrePais, IDEntrenador, Temporada, Nombre, PrimerApellido, SegundoApellido, FechaNacimiento, Nacionalidad, Genero) values (102, 'Afganistán', 128, 2023, 'Allina', 'Jakuszewski', 'Dommersen', '06/09/1977', 'AR', 'Agender');
insert into Atleta (IDAtleta, NombrePais, IDEntrenador, Temporada, Nombre, PrimerApellido, SegundoApellido, FechaNacimiento, Nacionalidad, Genero) values (103, 'Ruanda', 22, 2021, 'Gerty', 'Talkington', 'Stones', '04/12/2008', 'VN', 'Female');
insert into Atleta (IDAtleta, NombrePais, IDEntrenador, Temporada, Nombre, PrimerApellido, SegundoApellido, FechaNacimiento, Nacionalidad, Genero) values (104, 'Vanuatu', 57, 2020, 'Hersh', 'Deaton', 'Clemont', '19/07/2011', 'CN', 'Male');
insert into Atleta (IDAtleta, NombrePais, IDEntrenador, Temporada, Nombre, PrimerApellido, SegundoApellido, FechaNacimiento, Nacionalidad, Genero) values (105, 'Nigeria', 44, 2021, 'April', 'McAdam', 'Mechell', '07/09/1999', 'NL', 'Genderqueer');
insert into Atleta (IDAtleta, NombrePais, IDEntrenador, Temporada, Nombre, PrimerApellido, SegundoApellido, FechaNacimiento, Nacionalidad, Genero) values (106, 'Sudán', 39, 2021, 'Calley', 'Downage', 'Carrack', '01/02/2009', 'SE', 'Female');
insert into Atleta (IDAtleta, NombrePais, IDEntrenador, Temporada, Nombre, PrimerApellido, SegundoApellido, FechaNacimiento, Nacionalidad, Genero) values (107, 'Argentina', 137, 2020, 'Igor', 'O'' Hogan', 'Duns', '15/01/1981', 'CN', 'Male');
insert into Atleta (IDAtleta, NombrePais, IDEntrenador, Temporada, Nombre, PrimerApellido, SegundoApellido, FechaNacimiento, Nacionalidad, Genero) values (108, 'Guatemala', 97, 2021, 'Sherm', 'Keyzman', 'Botwood', '31/12/1997', 'AR', 'Male');
insert into Atleta (IDAtleta, NombrePais, IDEntrenador, Temporada, Nombre, PrimerApellido, SegundoApellido, FechaNacimiento, Nacionalidad, Genero) values (109, 'Estados Unidos', 20, 2021, 'Jethro', 'Torregiani', 'Jeannequin', '19/03/2012', 'CN', 'Male');
insert into Atleta (IDAtleta, NombrePais, IDEntrenador, Temporada, Nombre, PrimerApellido, SegundoApellido, FechaNacimiento, Nacionalidad, Genero) values (110, 'Francia', 150, 2024, 'Alexis', 'Linde', 'Chaise', '12/05/2007', 'VN', 'Female');
insert into Atleta (IDAtleta, NombrePais, IDEntrenador, Temporada, Nombre, PrimerApellido, SegundoApellido, FechaNacimiento, Nacionalidad, Genero) values (111, 'Lesoto', 24, 2022, 'Brande', 'Mearing', 'Bendle', '27/06/1976', 'BR', 'Female');
insert into Atleta (IDAtleta, NombrePais, IDEntrenador, Temporada, Nombre, PrimerApellido, SegundoApellido, FechaNacimiento, Nacionalidad, Genero) values (112, 'República Checa', 40, 2024, 'Pauli', 'Romeuf', 'Bony', '03/01/1994', 'FR', 'Female');
insert into Atleta (IDAtleta, NombrePais, IDEntrenador, Temporada, Nombre, PrimerApellido, SegundoApellido, FechaNacimiento, Nacionalidad, Genero) values (113, 'Letonia', 88, 2023, 'Raina', 'McJarrow', 'Wethered', '29/10/2013', 'IQ', 'Female');
insert into Atleta (IDAtleta, NombrePais, IDEntrenador, Temporada, Nombre, PrimerApellido, SegundoApellido, FechaNacimiento, Nacionalidad, Genero) values (114, 'Sudán', 129, 2020, 'Gardiner', 'Gammill', 'Chevalier', '30/01/1974', 'FR', 'Male');
insert into Atleta (IDAtleta, NombrePais, IDEntrenador, Temporada, Nombre, PrimerApellido, SegundoApellido, FechaNacimiento, Nacionalidad, Genero) values (115, 'Granada', 141, 2022, 'Wallie', 'Potticary', 'Fothergill', '24/12/1978', 'CZ', 'Female');
insert into Atleta (IDAtleta, NombrePais, IDEntrenador, Temporada, Nombre, PrimerApellido, SegundoApellido, FechaNacimiento, Nacionalidad, Genero) values (116, 'Nauru', 94, 2023, 'Sinclare', 'McTerlagh', 'Matsell', '26/08/2003', 'UA', 'Male');
insert into Atleta (IDAtleta, NombrePais, IDEntrenador, Temporada, Nombre, PrimerApellido, SegundoApellido, FechaNacimiento, Nacionalidad, Genero) values (117, 'China', 111, 2023, 'Ingrim', 'Saura', 'Burds', '22/02/1984', 'FR', 'Male');
insert into Atleta (IDAtleta, NombrePais, IDEntrenador, Temporada, Nombre, PrimerApellido, SegundoApellido, FechaNacimiento, Nacionalidad, Genero) values (118, 'Belice', 36, 2024, 'Sam', 'Binnall', 'L''Episcopi', '19/03/1977', 'ID', 'Male');
insert into Atleta (IDAtleta, NombrePais, IDEntrenador, Temporada, Nombre, PrimerApellido, SegundoApellido, FechaNacimiento, Nacionalidad, Genero) values (119, 'Georgia', 115, 2024, 'Alejandrina', 'Warriner', 'Morbey', '03/08/1999', 'ID', 'Female');
insert into Atleta (IDAtleta, NombrePais, IDEntrenador, Temporada, Nombre, PrimerApellido, SegundoApellido, FechaNacimiento, Nacionalidad, Genero) values (120, 'Costa Rica', 128, 2023, 'Gunner', 'Giovanetti', 'Kenneway', '16/05/1972', 'PE', 'Male');
insert into Atleta (IDAtleta, NombrePais, IDEntrenador, Temporada, Nombre, PrimerApellido, SegundoApellido, FechaNacimiento, Nacionalidad, Genero) values (121, 'Rusia', 141, 2023, 'Crin', 'Karpenko', 'Vann', '06/10/2006', 'PK', 'Non-binary');
insert into Atleta (IDAtleta, NombrePais, IDEntrenador, Temporada, Nombre, PrimerApellido, SegundoApellido, FechaNacimiento, Nacionalidad, Genero) values (122, 'Liberia', 140, 2020, 'Kynthia', 'Becaris', 'Soggee', '16/11/1980', 'HR', 'Female');
insert into Atleta (IDAtleta, NombrePais, IDEntrenador, Temporada, Nombre, PrimerApellido, SegundoApellido, FechaNacimiento, Nacionalidad, Genero) values (123, 'España', 93, 2021, 'Ariel', 'Gaudon', 'O'' Mahony', '31/01/1972', 'ID', 'Female');
insert into Atleta (IDAtleta, NombrePais, IDEntrenador, Temporada, Nombre, PrimerApellido, SegundoApellido, FechaNacimiento, Nacionalidad, Genero) values (124, 'Mónaco', 113, 2024, 'Olga', 'Gierke', 'Roylance', '26/11/1989', 'UA', 'Female');
insert into Atleta (IDAtleta, NombrePais, IDEntrenador, Temporada, Nombre, PrimerApellido, SegundoApellido, FechaNacimiento, Nacionalidad, Genero) values (125, 'Esuatini', 77, 2020, 'Brant', 'Bungey', 'Coit', '10/02/2010', 'FR', 'Male');
insert into Atleta (IDAtleta, NombrePais, IDEntrenador, Temporada, Nombre, PrimerApellido, SegundoApellido, FechaNacimiento, Nacionalidad, Genero) values (126, 'República Centroafricana', 71, 2021, 'Jordanna', 'Syers', 'Reed', '10/03/1988', 'ES', 'Female');
insert into Atleta (IDAtleta, NombrePais, IDEntrenador, Temporada, Nombre, PrimerApellido, SegundoApellido, FechaNacimiento, Nacionalidad, Genero) values (127, 'Canadá', 145, 2024, 'Laurens', 'Gouch', 'Hubbard', '29/08/2015', 'GR', 'Male');
insert into Atleta (IDAtleta, NombrePais, IDEntrenador, Temporada, Nombre, PrimerApellido, SegundoApellido, FechaNacimiento, Nacionalidad, Genero) values (128, 'Níger', 65, 2022, 'Saw', 'Conradie', 'Cardiff', '11/02/2007', 'UA', 'Male');
insert into Atleta (IDAtleta, NombrePais, IDEntrenador, Temporada, Nombre, PrimerApellido, SegundoApellido, FechaNacimiento, Nacionalidad, Genero) values (129, 'Paraguay', 124, 2021, 'Lindsay', 'Durrans', 'Blundin', '08/07/2016', 'PE', 'Male');
insert into Atleta (IDAtleta, NombrePais, IDEntrenador, Temporada, Nombre, PrimerApellido, SegundoApellido, FechaNacimiento, Nacionalidad, Genero) values (130, 'Marruecos', 53, 2021, 'Shoshanna', 'Cretney', 'Poli', '04/09/2000', 'CN', 'Genderqueer');
insert into Atleta (IDAtleta, NombrePais, IDEntrenador, Temporada, Nombre, PrimerApellido, SegundoApellido, FechaNacimiento, Nacionalidad, Genero) values (131, 'Costa de Marfil', 135, 2020, 'Viole', 'Iddon', 'Riordan', '13/03/1977', 'CN', 'Non-binary');
insert into Atleta (IDAtleta, NombrePais, IDEntrenador, Temporada, Nombre, PrimerApellido, SegundoApellido, FechaNacimiento, Nacionalidad, Genero) values (132, 'Colombia', 146, 2023, 'Margarette', 'Oseland', 'Graalmans', '27/04/2010', 'CN', 'Female');
insert into Atleta (IDAtleta, NombrePais, IDEntrenador, Temporada, Nombre, PrimerApellido, SegundoApellido, FechaNacimiento, Nacionalidad, Genero) values (133, 'Portugal', 117, 2024, 'Maire', 'Greet', 'Shildrake', '13/11/1983', 'ID', 'Female');
insert into Atleta (IDAtleta, NombrePais, IDEntrenador, Temporada, Nombre, PrimerApellido, SegundoApellido, FechaNacimiento, Nacionalidad, Genero) values (134, 'Panamá', 103, 2020, 'Alidia', 'Float', 'Maty', '03/06/2011', 'CO', 'Agender');
insert into Atleta (IDAtleta, NombrePais, IDEntrenador, Temporada, Nombre, PrimerApellido, SegundoApellido, FechaNacimiento, Nacionalidad, Genero) values (135, 'Catar', 98, 2023, 'Stormie', 'Cameron', 'Lambden', '20/10/2005', 'CN', 'Female');
insert into Atleta (IDAtleta, NombrePais, IDEntrenador, Temporada, Nombre, PrimerApellido, SegundoApellido, FechaNacimiento, Nacionalidad, Genero) values (136, 'Catar', 125, 2023, 'Nester', 'Giorgione', 'Sweatland', '13/06/1972', 'ZA', 'Male');
insert into Atleta (IDAtleta, NombrePais, IDEntrenador, Temporada, Nombre, PrimerApellido, SegundoApellido, FechaNacimiento, Nacionalidad, Genero) values (137, 'Burundi', 46, 2021, 'Raquel', 'Brayfield', 'Falks', '24/01/2010', 'BR', 'Female');
insert into Atleta (IDAtleta, NombrePais, IDEntrenador, Temporada, Nombre, PrimerApellido, SegundoApellido, FechaNacimiento, Nacionalidad, Genero) values (138, 'Filipinas', 132, 2020, 'Pierre', 'Hulle', 'Goudge', '11/05/2013', 'CN', 'Male');
insert into Atleta (IDAtleta, NombrePais, IDEntrenador, Temporada, Nombre, PrimerApellido, SegundoApellido, FechaNacimiento, Nacionalidad, Genero) values (139, 'Panamá', 89, 2024, 'Delora', 'MacCleay', 'Halburton', '04/06/1991', 'FR', 'Female');
insert into Atleta (IDAtleta, NombrePais, IDEntrenador, Temporada, Nombre, PrimerApellido, SegundoApellido, FechaNacimiento, Nacionalidad, Genero) values (140, 'Jordania', 52, 2021, 'Earl', 'Raistrick', 'Melbert', '23/06/1998', 'ID', 'Male');
insert into Atleta (IDAtleta, NombrePais, IDEntrenador, Temporada, Nombre, PrimerApellido, SegundoApellido, FechaNacimiento, Nacionalidad, Genero) values (141, 'Samoa', 131, 2022, 'Reagan', 'Theunissen', 'Essam', '18/08/1990', 'US', 'Male');
insert into Atleta (IDAtleta, NombrePais, IDEntrenador, Temporada, Nombre, PrimerApellido, SegundoApellido, FechaNacimiento, Nacionalidad, Genero) values (142, 'Brasil', 40, 2022, 'Thibaud', 'Grigori', 'Dwelling', '23/10/2015', 'BR', 'Male');
insert into Atleta (IDAtleta, NombrePais, IDEntrenador, Temporada, Nombre, PrimerApellido, SegundoApellido, FechaNacimiento, Nacionalidad, Genero) values (143, 'Nauru', 129, 2022, 'Gae', 'Housiaux', 'Sclanders', '18/08/1986', 'ZA', 'Female');
insert into Atleta (IDAtleta, NombrePais, IDEntrenador, Temporada, Nombre, PrimerApellido, SegundoApellido, FechaNacimiento, Nacionalidad, Genero) values (144, 'Zimbabue', 84, 2022, 'Kellie', 'Dilleway', 'Menichelli', '18/01/1978', 'MX', 'Female');
insert into Atleta (IDAtleta, NombrePais, IDEntrenador, Temporada, Nombre, PrimerApellido, SegundoApellido, FechaNacimiento, Nacionalidad, Genero) values (145, 'Vanuatu', 129, 2022, 'Blondell', 'Vel', 'Castleton', '20/11/1989', 'MA', 'Female');
insert into Atleta (IDAtleta, NombrePais, IDEntrenador, Temporada, Nombre, PrimerApellido, SegundoApellido, FechaNacimiento, Nacionalidad, Genero) values (146, 'Armenia', 99, 2020, 'Adena', 'Chang', 'Vasyunkin', '02/10/2016', 'RU', 'Agender');
insert into Atleta (IDAtleta, NombrePais, IDEntrenador, Temporada, Nombre, PrimerApellido, SegundoApellido, FechaNacimiento, Nacionalidad, Genero) values (147, 'República Checa', 46, 2020, 'Noni', 'Godber', 'Lynd', '06/05/1996', 'CN', 'Female');
insert into Atleta (IDAtleta, NombrePais, IDEntrenador, Temporada, Nombre, PrimerApellido, SegundoApellido, FechaNacimiento, Nacionalidad, Genero) values (148, 'Tonga', 35, 2022, 'Hill', 'Boggs', 'Elcome', '08/11/2006', 'CO', 'Male');
insert into Atleta (IDAtleta, NombrePais, IDEntrenador, Temporada, Nombre, PrimerApellido, SegundoApellido, FechaNacimiento, Nacionalidad, Genero) values (149, 'Bélgica', 77, 2020, 'Miran', 'Crayton', 'Lougheid', '28/12/1979', 'BR', 'Agender');
insert into Atleta (IDAtleta, NombrePais, IDEntrenador, Temporada, Nombre, PrimerApellido, SegundoApellido, FechaNacimiento, Nacionalidad, Genero) values (150, 'Estados Unidos', 22, 2021, 'Pammi', 'Petel', 'Kencott', '21/12/1978', 'PH', 'Female');
insert into Atleta (IDAtleta, NombrePais, IDEntrenador, Temporada, Nombre, PrimerApellido, SegundoApellido, FechaNacimiento, Nacionalidad, Genero) values (151, 'Honduras', 32, 2024, 'Vinnie', 'Lathaye', 'Huban', '12/07/1998', 'CN', 'Female');
insert into Atleta (IDAtleta, NombrePais, IDEntrenador, Temporada, Nombre, PrimerApellido, SegundoApellido, FechaNacimiento, Nacionalidad, Genero) values (152, 'Bután', 128, 2023, 'Ignazio', 'Powlett', 'Reisin', '11/06/1997', 'JP', 'Male');
insert into Atleta (IDAtleta, NombrePais, IDEntrenador, Temporada, Nombre, PrimerApellido, SegundoApellido, FechaNacimiento, Nacionalidad, Genero) values (153, 'Francia', 49, 2023, 'Legra', 'Ferrarese', 'Augustin', '04/06/1971', 'JP', 'Female');
insert into Atleta (IDAtleta, NombrePais, IDEntrenador, Temporada, Nombre, PrimerApellido, SegundoApellido, FechaNacimiento, Nacionalidad, Genero) values (154, 'Sri Lanka', 145, 2024, 'Morey', 'Beckhurst', 'Eisenberg', '29/08/2001', 'CZ', 'Male');
insert into Atleta (IDAtleta, NombrePais, IDEntrenador, Temporada, Nombre, PrimerApellido, SegundoApellido, FechaNacimiento, Nacionalidad, Genero) values (155, 'Zambia', 38, 2020, 'Charmane', 'Andrin', 'Galsworthy', '12/08/2002', 'IR', 'Female');

-- Tuplas para CorreoAtleta

insert into CorreoAtleta (IDCorreo, IDAtleta) values ('john.doe@gmail.com', 79);
insert into CorreoAtleta (IDCorreo, IDAtleta) values ('jane.smith@yahoo.com', 16);
insert into CorreoAtleta (IDCorreo, IDAtleta) values ('michael.brown@outlook.com', 95);
insert into CorreoAtleta (IDCorreo, IDAtleta) values ('emily.jones@hotmail.com', 92);
insert into CorreoAtleta (IDCorreo, IDAtleta) values ('david.wilson@live.com', 14);
insert into CorreoAtleta (IDCorreo, IDAtleta) values ('sarah.davis@aol.com', 127);
insert into CorreoAtleta (IDCorreo, IDAtleta) values ('james.miller@gmail.com', 110);
insert into CorreoAtleta (IDCorreo, IDAtleta) values ('linda.moore@yahoo.com', 3);
insert into CorreoAtleta (IDCorreo, IDAtleta) values ('robert.taylor@outlook.com', 44);
insert into CorreoAtleta (IDCorreo, IDAtleta) values ('mary.anderson@hotmail.com', 99);
insert into CorreoAtleta (IDCorreo, IDAtleta) values ('william.thomas@live.com', 122);
insert into CorreoAtleta (IDCorreo, IDAtleta) values ('patricia.jackson@aol.com', 83);
insert into CorreoAtleta (IDCorreo, IDAtleta) values ('charles.white@gmail.com', 38);
insert into CorreoAtleta (IDCorreo, IDAtleta) values ('barbara.harris@yahoo.com', 74);
insert into CorreoAtleta (IDCorreo, IDAtleta) values ('joseph.martin@outlook.com', 122);
insert into CorreoAtleta (IDCorreo, IDAtleta) values ('jennifer.thompson@hotmail.com', 65);
insert into CorreoAtleta (IDCorreo, IDAtleta) values ('thomas.garcia@live.com', 59);
insert into CorreoAtleta (IDCorreo, IDAtleta) values ('elizabeth.martinez@aol.com', 44);
insert into CorreoAtleta (IDCorreo, IDAtleta) values ('christopher.robinson@gmail.com', 120);
insert into CorreoAtleta (IDCorreo, IDAtleta) values ('jessica.clark@yahoo.com', 66);
insert into CorreoAtleta (IDCorreo, IDAtleta) values ('daniel.rodriguez@outlook.com', 102);
insert into CorreoAtleta (IDCorreo, IDAtleta) values ('karen.lewis@hotmail.com', 112);
insert into CorreoAtleta (IDCorreo, IDAtleta) values ('matthew.lee@live.com', 69);
insert into CorreoAtleta (IDCorreo, IDAtleta) values ('nancy.walker@aol.com', 92);
insert into CorreoAtleta (IDCorreo, IDAtleta) values ('anthony.hall@gmail.com', 52);
insert into CorreoAtleta (IDCorreo, IDAtleta) values ('lisa.allen@yahoo.com', 38);
insert into CorreoAtleta (IDCorreo, IDAtleta) values ('mark.young@outlook.com', 92);
insert into CorreoAtleta (IDCorreo, IDAtleta) values ('betty.king@hotmail.com', 20);
insert into CorreoAtleta (IDCorreo, IDAtleta) values ('paul.wright@live.com', 30);
insert into CorreoAtleta (IDCorreo, IDAtleta) values ('sandra.scott@aol.com', 111);
insert into CorreoAtleta (IDCorreo, IDAtleta) values ('steven.green@gmail.com', 6);
insert into CorreoAtleta (IDCorreo, IDAtleta) values ('donna.adams@yahoo.com', 134);
insert into CorreoAtleta (IDCorreo, IDAtleta) values ('andrew.baker@outlook.com', 25);
insert into CorreoAtleta (IDCorreo, IDAtleta) values ('carol.gonzalez@hotmail.com', 90);
insert into CorreoAtleta (IDCorreo, IDAtleta) values ('kenneth.nelson@live.com', 137);
insert into CorreoAtleta (IDCorreo, IDAtleta) values ('michelle.carter@aol.com', 62);
insert into CorreoAtleta (IDCorreo, IDAtleta) values ('joshua.mitchell@gmail.com', 96);
insert into CorreoAtleta (IDCorreo, IDAtleta) values ('dorothy.perez@yahoo.com', 49);
insert into CorreoAtleta (IDCorreo, IDAtleta) values ('kevin.roberts@outlook.com', 144);
insert into CorreoAtleta (IDCorreo, IDAtleta) values ('emily.turner@hotmail.com', 63);
insert into CorreoAtleta (IDCorreo, IDAtleta) values ('brian.phillips@live.com', 85);
insert into CorreoAtleta (IDCorreo, IDAtleta) values ('laura.campbell@aol.com', 151);
insert into CorreoAtleta (IDCorreo, IDAtleta) values ('george.parker@gmail.com', 50);
insert into CorreoAtleta (IDCorreo, IDAtleta) values ('amy.evans@yahoo.com', 127);
insert into CorreoAtleta (IDCorreo, IDAtleta) values ('edward.collins@outlook.com', 61);
insert into CorreoAtleta (IDCorreo, IDAtleta) values ('angela.stewart@hotmail.com', 6);
insert into CorreoAtleta (IDCorreo, IDAtleta) values ('ronald.sanchez@live.com', 72);
insert into CorreoAtleta (IDCorreo, IDAtleta) values ('deborah.morris@aol.com', 140);
insert into CorreoAtleta (IDCorreo, IDAtleta) values ('timothy.rogers@gmail.com', 132);
insert into CorreoAtleta (IDCorreo, IDAtleta) values ('rebecca.reed@yahoo.com', 106);
insert into CorreoAtleta (IDCorreo, IDAtleta) values ('john.doe@gmail.com', 134);
insert into CorreoAtleta (IDCorreo, IDAtleta) values ('jane.smith@yahoo.com', 18);
insert into CorreoAtleta (IDCorreo, IDAtleta) values ('michael.brown@outlook.com', 95);
insert into CorreoAtleta (IDCorreo, IDAtleta) values ('emily.jones@hotmail.com', 88);
insert into CorreoAtleta (IDCorreo, IDAtleta) values ('david.wilson@live.com', 47);
insert into CorreoAtleta (IDCorreo, IDAtleta) values ('sarah.davis@aol.com', 140);
insert into CorreoAtleta (IDCorreo, IDAtleta) values ('james.miller@gmail.com', 1);
insert into CorreoAtleta (IDCorreo, IDAtleta) values ('linda.moore@yahoo.com', 109);
insert into CorreoAtleta (IDCorreo, IDAtleta) values ('robert.taylor@outlook.com', 4);
insert into CorreoAtleta (IDCorreo, IDAtleta) values ('mary.anderson@hotmail.com', 125);
insert into CorreoAtleta (IDCorreo, IDAtleta) values ('william.thomas@live.com', 29);
insert into CorreoAtleta (IDCorreo, IDAtleta) values ('patricia.jackson@aol.com', 83);
insert into CorreoAtleta (IDCorreo, IDAtleta) values ('charles.white@gmail.com', 138);
insert into CorreoAtleta (IDCorreo, IDAtleta) values ('barbara.harris@yahoo.com', 106);
insert into CorreoAtleta (IDCorreo, IDAtleta) values ('joseph.martin@outlook.com', 50);
insert into CorreoAtleta (IDCorreo, IDAtleta) values ('jennifer.thompson@hotmail.com', 23);
insert into CorreoAtleta (IDCorreo, IDAtleta) values ('thomas.garcia@live.com', 20);
insert into CorreoAtleta (IDCorreo, IDAtleta) values ('elizabeth.martinez@aol.com', 76);
insert into CorreoAtleta (IDCorreo, IDAtleta) values ('christopher.robinson@gmail.com', 141);
insert into CorreoAtleta (IDCorreo, IDAtleta) values ('jessica.clark@yahoo.com', 28);
insert into CorreoAtleta (IDCorreo, IDAtleta) values ('daniel.rodriguez@outlook.com', 146);
insert into CorreoAtleta (IDCorreo, IDAtleta) values ('karen.lewis@hotmail.com', 45);
insert into CorreoAtleta (IDCorreo, IDAtleta) values ('matthew.lee@live.com', 106);
insert into CorreoAtleta (IDCorreo, IDAtleta) values ('nancy.walker@aol.com', 71);
insert into CorreoAtleta (IDCorreo, IDAtleta) values ('anthony.hall@gmail.com', 140);
insert into CorreoAtleta (IDCorreo, IDAtleta) values ('lisa.allen@yahoo.com', 63);
insert into CorreoAtleta (IDCorreo, IDAtleta) values ('mark.young@outlook.com', 49);
insert into CorreoAtleta (IDCorreo, IDAtleta) values ('betty.king@hotmail.com', 141);
insert into CorreoAtleta (IDCorreo, IDAtleta) values ('paul.wright@live.com', 131);
insert into CorreoAtleta (IDCorreo, IDAtleta) values ('sandra.scott@aol.com', 62);
insert into CorreoAtleta (IDCorreo, IDAtleta) values ('steven.green@gmail.com', 152);
insert into CorreoAtleta (IDCorreo, IDAtleta) values ('donna.adams@yahoo.com', 31);
insert into CorreoAtleta (IDCorreo, IDAtleta) values ('andrew.baker@outlook.com', 117);
insert into CorreoAtleta (IDCorreo, IDAtleta) values ('carol.gonzalez@hotmail.com', 80);
insert into CorreoAtleta (IDCorreo, IDAtleta) values ('kenneth.nelson@live.com', 96);
insert into CorreoAtleta (IDCorreo, IDAtleta) values ('michelle.carter@aol.com', 126);
insert into CorreoAtleta (IDCorreo, IDAtleta) values ('joshua.mitchell@gmail.com', 109);
insert into CorreoAtleta (IDCorreo, IDAtleta) values ('dorothy.perez@yahoo.com', 125);
insert into CorreoAtleta (IDCorreo, IDAtleta) values ('kevin.roberts@outlook.com', 103);
insert into CorreoAtleta (IDCorreo, IDAtleta) values ('emily.turner@hotmail.com', 71);
insert into CorreoAtleta (IDCorreo, IDAtleta) values ('brian.phillips@live.com', 52);
insert into CorreoAtleta (IDCorreo, IDAtleta) values ('laura.campbell@aol.com', 117);
insert into CorreoAtleta (IDCorreo, IDAtleta) values ('george.parker@gmail.com', 67);
insert into CorreoAtleta (IDCorreo, IDAtleta) values ('amy.evans@yahoo.com', 79);
insert into CorreoAtleta (IDCorreo, IDAtleta) values ('edward.collins@outlook.com', 40);
insert into CorreoAtleta (IDCorreo, IDAtleta) values ('angela.stewart@hotmail.com', 53);
insert into CorreoAtleta (IDCorreo, IDAtleta) values ('ronald.sanchez@live.com', 21);
insert into CorreoAtleta (IDCorreo, IDAtleta) values ('deborah.morris@aol.com', 2);
insert into CorreoAtleta (IDCorreo, IDAtleta) values ('timothy.rogers@gmail.com', 5);
insert into CorreoAtleta (IDCorreo, IDAtleta) values ('rebecca.reed@yahoo.com', 143);
insert into CorreoAtleta (IDCorreo, IDAtleta) values ('john.doe@gmail.com', 120);
insert into CorreoAtleta (IDCorreo, IDAtleta) values ('jane.smith@yahoo.com', 143);
insert into CorreoAtleta (IDCorreo, IDAtleta) values ('michael.brown@outlook.com', 56);
insert into CorreoAtleta (IDCorreo, IDAtleta) values ('emily.jones@hotmail.com', 22);
insert into CorreoAtleta (IDCorreo, IDAtleta) values ('david.wilson@live.com', 79);
insert into CorreoAtleta (IDCorreo, IDAtleta) values ('sarah.davis@aol.com', 140);
insert into CorreoAtleta (IDCorreo, IDAtleta) values ('james.miller@gmail.com', 59);
insert into CorreoAtleta (IDCorreo, IDAtleta) values ('linda.moore@yahoo.com', 103);
insert into CorreoAtleta (IDCorreo, IDAtleta) values ('robert.taylor@outlook.com', 42);
insert into CorreoAtleta (IDCorreo, IDAtleta) values ('mary.anderson@hotmail.com', 5);
insert into CorreoAtleta (IDCorreo, IDAtleta) values ('william.thomas@live.com', 50);
insert into CorreoAtleta (IDCorreo, IDAtleta) values ('patricia.jackson@aol.com', 46);
insert into CorreoAtleta (IDCorreo, IDAtleta) values ('charles.white@gmail.com', 135);
insert into CorreoAtleta (IDCorreo, IDAtleta) values ('barbara.harris@yahoo.com', 1);
insert into CorreoAtleta (IDCorreo, IDAtleta) values ('joseph.martin@outlook.com', 115);
insert into CorreoAtleta (IDCorreo, IDAtleta) values ('jennifer.thompson@hotmail.com', 62);
insert into CorreoAtleta (IDCorreo, IDAtleta) values ('thomas.garcia@live.com', 30);
insert into CorreoAtleta (IDCorreo, IDAtleta) values ('elizabeth.martinez@aol.com', 55);
insert into CorreoAtleta (IDCorreo, IDAtleta) values ('christopher.robinson@gmail.com', 40);
insert into CorreoAtleta (IDCorreo, IDAtleta) values ('jessica.clark@yahoo.com', 79);
insert into CorreoAtleta (IDCorreo, IDAtleta) values ('daniel.rodriguez@outlook.com', 44);
insert into CorreoAtleta (IDCorreo, IDAtleta) values ('karen.lewis@hotmail.com', 35);
insert into CorreoAtleta (IDCorreo, IDAtleta) values ('matthew.lee@live.com', 27);
insert into CorreoAtleta (IDCorreo, IDAtleta) values ('nancy.walker@aol.com', 110);
insert into CorreoAtleta (IDCorreo, IDAtleta) values ('anthony.hall@gmail.com', 78);
insert into CorreoAtleta (IDCorreo, IDAtleta) values ('lisa.allen@yahoo.com', 17);
insert into CorreoAtleta (IDCorreo, IDAtleta) values ('mark.young@outlook.com', 45);
insert into CorreoAtleta (IDCorreo, IDAtleta) values ('betty.king@hotmail.com', 35);
insert into CorreoAtleta (IDCorreo, IDAtleta) values ('paul.wright@live.com', 151);
insert into CorreoAtleta (IDCorreo, IDAtleta) values ('sandra.scott@aol.com', 64);
insert into CorreoAtleta (IDCorreo, IDAtleta) values ('steven.green@gmail.com', 138);
insert into CorreoAtleta (IDCorreo, IDAtleta) values ('donna.adams@yahoo.com', 126);
insert into CorreoAtleta (IDCorreo, IDAtleta) values ('andrew.baker@outlook.com', 129);
insert into CorreoAtleta (IDCorreo, IDAtleta) values ('carol.gonzalez@hotmail.com', 146);
insert into CorreoAtleta (IDCorreo, IDAtleta) values ('kenneth.nelson@live.com', 134);
insert into CorreoAtleta (IDCorreo, IDAtleta) values ('michelle.carter@aol.com', 68);
insert into CorreoAtleta (IDCorreo, IDAtleta) values ('joshua.mitchell@gmail.com', 82);
insert into CorreoAtleta (IDCorreo, IDAtleta) values ('dorothy.perez@yahoo.com', 123);
insert into CorreoAtleta (IDCorreo, IDAtleta) values ('kevin.roberts@outlook.com', 37);
insert into CorreoAtleta (IDCorreo, IDAtleta) values ('emily.turner@hotmail.com', 104);
insert into CorreoAtleta (IDCorreo, IDAtleta) values ('brian.phillips@live.com', 50);
insert into CorreoAtleta (IDCorreo, IDAtleta) values ('laura.campbell@aol.com', 4);
insert into CorreoAtleta (IDCorreo, IDAtleta) values ('george.parker@gmail.com', 137);
insert into CorreoAtleta (IDCorreo, IDAtleta) values ('amy.evans@yahoo.com', 101);
insert into CorreoAtleta (IDCorreo, IDAtleta) values ('edward.collins@outlook.com', 97);
insert into CorreoAtleta (IDCorreo, IDAtleta) values ('angela.stewart@hotmail.com', 112);
insert into CorreoAtleta (IDCorreo, IDAtleta) values ('ronald.sanchez@live.com', 11);
insert into CorreoAtleta (IDCorreo, IDAtleta) values ('deborah.morris@aol.com', 120);
insert into CorreoAtleta (IDCorreo, IDAtleta) values ('timothy.rogers@gmail.com', 130);
insert into CorreoAtleta (IDCorreo, IDAtleta) values ('rebecca.reed@yahoo.com', 124);