-- Tuplas para la tabla Pais

insert into Pais (NombrePais) values ('Afganistán');
insert into Pais (NombrePais) values ('Albania');
insert into Pais (NombrePais) values ('Alemania');
insert into Pais (NombrePais) values ('Andorra');
insert into Pais (NombrePais) values ('Angola');
insert into Pais (NombrePais) values ('Antigua y Barbuda');
insert into Pais (NombrePais) values ('Arabia Saudita');
insert into Pais (NombrePais) values ('Argelia');
insert into Pais (NombrePais) values ('Argentina');
insert into Pais (NombrePais) values ('Armenia');
insert into Pais (NombrePais) values ('Australia');
insert into Pais (NombrePais) values ('Austria');
insert into Pais (NombrePais) values ('Azerbaiyán');
insert into Pais (NombrePais) values ('Bahamas');
insert into Pais (NombrePais) values ('Bangladés');
insert into Pais (NombrePais) values ('Barbados');
insert into Pais (NombrePais) values ('Baréin');
insert into Pais (NombrePais) values ('Bélgica');
insert into Pais (NombrePais) values ('Belice');
insert into Pais (NombrePais) values ('Benín');
insert into Pais (NombrePais) values ('Bielorrusia');
insert into Pais (NombrePais) values ('Birmania');
insert into Pais (NombrePais) values ('Bolivia');
insert into Pais (NombrePais) values ('Bosnia y Herzegovina');
insert into Pais (NombrePais) values ('Botsuana');
insert into Pais (NombrePais) values ('Brasil');
insert into Pais (NombrePais) values ('Brunéi');
insert into Pais (NombrePais) values ('Bulgaria');
insert into Pais (NombrePais) values ('Burkina Faso');
insert into Pais (NombrePais) values ('Burundi');
insert into Pais (NombrePais) values ('Bután');
insert into Pais (NombrePais) values ('Cabo Verde');
insert into Pais (NombrePais) values ('Camboya');
insert into Pais (NombrePais) values ('Camerún');
insert into Pais (NombrePais) values ('Canadá');
insert into Pais (NombrePais) values ('Catar');
insert into Pais (NombrePais) values ('Chad');
insert into Pais (NombrePais) values ('Chile');
insert into Pais (NombrePais) values ('China');
insert into Pais (NombrePais) values ('Chipre');
insert into Pais (NombrePais) values ('Colombia');
insert into Pais (NombrePais) values ('Comoras');
insert into Pais (NombrePais) values ('Corea del Norte');
insert into Pais (NombrePais) values ('Corea del Sur');
insert into Pais (NombrePais) values ('Costa de Marfil');
insert into Pais (NombrePais) values ('Costa Rica');
insert into Pais (NombrePais) values ('Croacia');
insert into Pais (NombrePais) values ('Cuba');
insert into Pais (NombrePais) values ('Dinamarca');
insert into Pais (NombrePais) values ('Dominica');
insert into Pais (NombrePais) values ('Ecuador');
insert into Pais (NombrePais) values ('Egipto');
insert into Pais (NombrePais) values ('El Salvador');
insert into Pais (NombrePais) values ('Emiratos Árabes Unidos');
insert into Pais (NombrePais) values ('Eslovaquia');
insert into Pais (NombrePais) values ('Eslovenia');
insert into Pais (NombrePais) values ('España');
insert into Pais (NombrePais) values ('Estados Unidos');
insert into Pais (NombrePais) values ('Estonia');
insert into Pais (NombrePais) values ('Esuatini');
insert into Pais (NombrePais) values ('Etiopía');
insert into Pais (NombrePais) values ('Filipinas');
insert into Pais (NombrePais) values ('Finlandia');
insert into Pais (NombrePais) values ('Fiyi');
insert into Pais (NombrePais) values ('Francia');
insert into Pais (NombrePais) values ('Gabón');
insert into Pais (NombrePais) values ('Gambia');
insert into Pais (NombrePais) values ('Georgia');
insert into Pais (NombrePais) values ('Ghana');
insert into Pais (NombrePais) values ('Granada');
insert into Pais (NombrePais) values ('Grecia');
insert into Pais (NombrePais) values ('Guatemala');
insert into Pais (NombrePais) values ('Guinea');
insert into Pais (NombrePais) values ('Guinea-Bisáu');
insert into Pais (NombrePais) values ('Guinea Ecuatorial');
insert into Pais (NombrePais) values ('Haití');
insert into Pais (NombrePais) values ('Honduras');
insert into Pais (NombrePais) values ('Hungría');
insert into Pais (NombrePais) values ('India');
insert into Pais (NombrePais) values ('Indonesia');
insert into Pais (NombrePais) values ('Irak');
insert into Pais (NombrePais) values ('Irán');
insert into Pais (NombrePais) values ('Irlanda');
insert into Pais (NombrePais) values ('Islandia');
insert into Pais (NombrePais) values ('Islas Marshall');
insert into Pais (NombrePais) values ('Islas Salomón');
insert into Pais (NombrePais) values ('Israel');
insert into Pais (NombrePais) values ('Italia');
insert into Pais (NombrePais) values ('Jamaica');
insert into Pais (NombrePais) values ('Japón');
insert into Pais (NombrePais) values ('Jordania');
insert into Pais (NombrePais) values ('Kazajistán');
insert into Pais (NombrePais) values ('Kenia');
insert into Pais (NombrePais) values ('Kirguistán');
insert into Pais (NombrePais) values ('Kiribati');
insert into Pais (NombrePais) values ('Kuwait');
insert into Pais (NombrePais) values ('Laos');
insert into Pais (NombrePais) values ('Lesoto');
insert into Pais (NombrePais) values ('Letonia');
insert into Pais (NombrePais) values ('Líbano');
insert into Pais (NombrePais) values ('Liberia');
insert into Pais (NombrePais) values ('Libia');
insert into Pais (NombrePais) values ('Liechtenstein');
insert into Pais (NombrePais) values ('Lituania');
insert into Pais (NombrePais) values ('Luxemburgo');
insert into Pais (NombrePais) values ('Madagascar');
insert into Pais (NombrePais) values ('Malasia');
insert into Pais (NombrePais) values ('Malaui');
insert into Pais (NombrePais) values ('Maldivas');
insert into Pais (NombrePais) values ('Malí');
insert into Pais (NombrePais) values ('Malta');
insert into Pais (NombrePais) values ('Marruecos');
insert into Pais (NombrePais) values ('Mauricio');
insert into Pais (NombrePais) values ('Mauritania');
insert into Pais (NombrePais) values ('México');
insert into Pais (NombrePais) values ('Micronesia');
insert into Pais (NombrePais) values ('Moldavia');
insert into Pais (NombrePais) values ('Mónaco');
insert into Pais (NombrePais) values ('Mongolia');
insert into Pais (NombrePais) values ('Montenegro');
insert into Pais (NombrePais) values ('Mozambique');
insert into Pais (NombrePais) values ('Namibia');
insert into Pais (NombrePais) values ('Nauru');
insert into Pais (NombrePais) values ('Nepal');
insert into Pais (NombrePais) values ('Nicaragua');
insert into Pais (NombrePais) values ('Níger');
insert into Pais (NombrePais) values ('Nigeria');
insert into Pais (NombrePais) values ('Noruega');
insert into Pais (NombrePais) values ('Nueva Zelanda');
insert into Pais (NombrePais) values ('Omán');
insert into Pais (NombrePais) values ('Países Bajos');
insert into Pais (NombrePais) values ('Pakistán');
insert into Pais (NombrePais) values ('Palaos');
insert into Pais (NombrePais) values ('Panamá');
insert into Pais (NombrePais) values ('Papúa Nueva Guinea');
insert into Pais (NombrePais) values ('Paraguay');
insert into Pais (NombrePais) values ('Perú');
insert into Pais (NombrePais) values ('Polonia');
insert into Pais (NombrePais) values ('Portugal');
insert into Pais (NombrePais) values ('Reino Unido');
insert into Pais (NombrePais) values ('República Centroafricana');
insert into Pais (NombrePais) values ('República Checa');
insert into Pais (NombrePais) values ('República del Congo');
insert into Pais (NombrePais) values ('República Democrática del Congo');
insert into Pais (NombrePais) values ('República Dominicana');
insert into Pais (NombrePais) values ('Ruanda');
insert into Pais (NombrePais) values ('Rumania');
insert into Pais (NombrePais) values ('Rusia');
insert into Pais (NombrePais) values ('Samoa');
insert into Pais (NombrePais) values ('San Marino');
insert into Pais (NombrePais) values ('San Vicente y las Granadinas');
insert into Pais (NombrePais) values ('Santa Lucía');
insert into Pais (NombrePais) values ('Santo Tomé y Príncipe');
insert into Pais (NombrePais) values ('Senegal');
insert into Pais (NombrePais) values ('Serbia');
insert into Pais (NombrePais) values ('Seychelles');
insert into Pais (NombrePais) values ('Sierra Leona');
insert into Pais (NombrePais) values ('Singapur');
insert into Pais (NombrePais) values ('Siria');
insert into Pais (NombrePais) values ('Somalia');
insert into Pais (NombrePais) values ('Sri Lanka');
insert into Pais (NombrePais) values ('Sudáfrica');
insert into Pais (NombrePais) values ('Sudán');
insert into Pais (NombrePais) values ('Sudán del Sur');
insert into Pais (NombrePais) values ('Suecia');
insert into Pais (NombrePais) values ('Suiza');
insert into Pais (NombrePais) values ('Surinam');
insert into Pais (NombrePais) values ('Tanzania');
insert into Pais (NombrePais) values ('Tayikistán');
insert into Pais (NombrePais) values ('Timor Oriental');
insert into Pais (NombrePais) values ('Tonga');
insert into Pais (NombrePais) values ('Túnez');
insert into Pais (NombrePais) values ('Turkmenistán');
insert into Pais (NombrePais) values ('Turquía');
insert into Pais (NombrePais) values ('Tuvalu');
insert into Pais (NombrePais) values ('Ucrania');
insert into Pais (NombrePais) values ('Uganda');
insert into Pais (NombrePais) values ('Uruguay');
insert into Pais (NombrePais) values ('Uzbekistán');
insert into Pais (NombrePais) values ('Vanuatu');
insert into Pais (NombrePais) values ('Venezuela');
insert into Pais (NombrePais) values ('Vietnam');
insert into Pais (NombrePais) values ('Yemen');
insert into Pais (NombrePais) values ('Yibuti');
insert into Pais (NombrePais) values ('Zambia');
insert into Pais (NombrePais) values ('Zimbabue');

-- Tuplas para Disciplina
insert into Disciplina (IDDisciplina, NombreDisciplina, Categoria) values (1, 'Fútbol', 'Equipo');
insert into Disciplina (IDDisciplina, NombreDisciplina, Categoria) values (2, 'Baloncesto', 'Individual');
insert into Disciplina (IDDisciplina, NombreDisciplina, Categoria) values (3, 'Tenis', 'Duo');
insert into Disciplina (IDDisciplina, NombreDisciplina, Categoria) values (4, 'Natación', 'Duo');
insert into Disciplina (IDDisciplina, NombreDisciplina, Categoria) values (5, 'Atletismo', 'Equipo');
insert into Disciplina (IDDisciplina, NombreDisciplina, Categoria) values (6, 'Voleibol', 'Equipo');
insert into Disciplina (IDDisciplina, NombreDisciplina, Categoria) values (7, 'Ciclismo', 'Duo');
insert into Disciplina (IDDisciplina, NombreDisciplina, Categoria) values (8, 'Gimnasia', 'Equipo');
insert into Disciplina (IDDisciplina, NombreDisciplina, Categoria) values (9, 'Boxeo', 'Equipo');
insert into Disciplina (IDDisciplina, NombreDisciplina, Categoria) values (10, 'Rugby', 'Equipo');
insert into Disciplina (IDDisciplina, NombreDisciplina, Categoria) values (11, 'Balonmano', 'Equipo');
insert into Disciplina (IDDisciplina, NombreDisciplina, Categoria) values (12, 'Waterpolo', 'Equipo');
insert into Disciplina (IDDisciplina, NombreDisciplina, Categoria) values (13, 'Judo', 'Duo');
insert into Disciplina (IDDisciplina, NombreDisciplina, Categoria) values (14, 'Taekwondo', 'Individual');
insert into Disciplina (IDDisciplina, NombreDisciplina, Categoria) values (15, 'Esgrima', 'Equipo');
insert into Disciplina (IDDisciplina, NombreDisciplina, Categoria) values (16, 'Hockey sobre hielo', 'Individual');
insert into Disciplina (IDDisciplina, NombreDisciplina, Categoria) values (17, 'Béisbol', 'Individual');
insert into Disciplina (IDDisciplina, NombreDisciplina, Categoria) values (18, 'Golf', 'Equipo');
insert into Disciplina (IDDisciplina, NombreDisciplina, Categoria) values (19, 'Esquí', 'Equipo');
insert into Disciplina (IDDisciplina, NombreDisciplina, Categoria) values (20, 'Snowboard', 'Duo');
insert into Disciplina (IDDisciplina, NombreDisciplina, Categoria) values (21, 'Surf', 'Individual');
insert into Disciplina (IDDisciplina, NombreDisciplina, Categoria) values (22, 'Escalada', 'Duo');
insert into Disciplina (IDDisciplina, NombreDisciplina, Categoria) values (23, 'Remo', 'Individual');
insert into Disciplina (IDDisciplina, NombreDisciplina, Categoria) values (24, 'Vela', 'Duo');
insert into Disciplina (IDDisciplina, NombreDisciplina, Categoria) values (25, 'Equitación', 'Individual');
insert into Disciplina (IDDisciplina, NombreDisciplina, Categoria) values (26, 'Tiro con arco', 'Duo');
insert into Disciplina (IDDisciplina, NombreDisciplina, Categoria) values (27, 'Halterofilia', 'Equipo');
insert into Disciplina (IDDisciplina, NombreDisciplina, Categoria) values (28, 'Patinaje artístico', 'Individual');
insert into Disciplina (IDDisciplina, NombreDisciplina, Categoria) values (29, 'Triatlón', 'Duo');
insert into Disciplina (IDDisciplina, NombreDisciplina, Categoria) values (30, 'Bádminton', 'Duo');
insert into Disciplina (IDDisciplina, NombreDisciplina, Categoria) values (31, 'Kárate', 'Individual');
insert into Disciplina (IDDisciplina, NombreDisciplina, Categoria) values (32, 'Lucha libre', 'Individual');
insert into Disciplina (IDDisciplina, NombreDisciplina, Categoria) values (33, 'Lucha grecorromana', 'Duo');
insert into Disciplina (IDDisciplina, NombreDisciplina, Categoria) values (34, 'Ping pong', 'Duo');
insert into Disciplina (IDDisciplina, NombreDisciplina, Categoria) values (35, 'Squash', 'Duo');
insert into Disciplina (IDDisciplina, NombreDisciplina, Categoria) values (36, 'Pádel', 'Equipo');
insert into Disciplina (IDDisciplina, NombreDisciplina, Categoria) values (37, 'Polo', 'Equipo');
insert into Disciplina (IDDisciplina, NombreDisciplina, Categoria) values (38, 'Cricket', 'Duo');
insert into Disciplina (IDDisciplina, NombreDisciplina, Categoria) values (39, 'Curling', 'Individual');
insert into Disciplina (IDDisciplina, NombreDisciplina, Categoria) values (40, 'Bobsleigh', 'Duo');
insert into Disciplina (IDDisciplina, NombreDisciplina, Categoria) values (41, 'Luge', 'Duo');
insert into Disciplina (IDDisciplina, NombreDisciplina, Categoria) values (42, 'Skeleton', 'Individual');
insert into Disciplina (IDDisciplina, NombreDisciplina, Categoria) values (43, 'Pentatlón moderno', 'Duo');
insert into Disciplina (IDDisciplina, NombreDisciplina, Categoria) values (44, 'Tiro deportivo', 'Individual');
insert into Disciplina (IDDisciplina, NombreDisciplina, Categoria) values (45, 'Tiro al plato', 'Equipo');
insert into Disciplina (IDDisciplina, NombreDisciplina, Categoria) values (46, 'Salto de trampolín', 'Individual');
insert into Disciplina (IDDisciplina, NombreDisciplina, Categoria) values (47, 'Nado sincronizado', 'Individual');
insert into Disciplina (IDDisciplina, NombreDisciplina, Categoria) values (48, 'Windsurf', 'Duo');
insert into Disciplina (IDDisciplina, NombreDisciplina, Categoria) values (49, 'Kitesurf', 'Individual');
insert into Disciplina (IDDisciplina, NombreDisciplina, Categoria) values (50, 'Piragüismo', 'Duo');
insert into Disciplina (IDDisciplina, NombreDisciplina, Categoria) values (51, 'Canoa slalom', 'Duo');
insert into Disciplina (IDDisciplina, NombreDisciplina, Categoria) values (52, 'Pelota vasca', 'Individual');
insert into Disciplina (IDDisciplina, NombreDisciplina, Categoria) values (53, 'Frontón', 'Duo');
insert into Disciplina (IDDisciplina, NombreDisciplina, Categoria) values (54, 'Jai alai', 'Individual');
insert into Disciplina (IDDisciplina, NombreDisciplina, Categoria) values (55, 'Lacrosse', 'Individual');
insert into Disciplina (IDDisciplina, NombreDisciplina, Categoria) values (56, 'Fútbol americano', 'Equipo');
insert into Disciplina (IDDisciplina, NombreDisciplina, Categoria) values (57, 'Fútbol australiano', 'Duo');
insert into Disciplina (IDDisciplina, NombreDisciplina, Categoria) values (58, 'Fútbol gaélico', 'Individual');
insert into Disciplina (IDDisciplina, NombreDisciplina, Categoria) values (59, 'Rugby league', 'Individual');
insert into Disciplina (IDDisciplina, NombreDisciplina, Categoria) values (60, 'Softball', 'Individual');
insert into Disciplina (IDDisciplina, NombreDisciplina, Categoria) values (61, 'Korfball', 'Duo');
insert into Disciplina (IDDisciplina, NombreDisciplina, Categoria) values (62, 'Netball', 'Equipo');
insert into Disciplina (IDDisciplina, NombreDisciplina, Categoria) values (63, 'Balonmano playa', 'Duo');
insert into Disciplina (IDDisciplina, NombreDisciplina, Categoria) values (64, 'Fútbol playa', 'Individual');
insert into Disciplina (IDDisciplina, NombreDisciplina, Categoria) values (65, 'Voleibol playa', 'Duo');
insert into Disciplina (IDDisciplina, NombreDisciplina, Categoria) values (66, 'Sepak takraw', 'Duo');
insert into Disciplina (IDDisciplina, NombreDisciplina, Categoria) values (67, 'Kabaddi', 'Individual');
insert into Disciplina (IDDisciplina, NombreDisciplina, Categoria) values (68, 'Sumo', 'Individual');
insert into Disciplina (IDDisciplina, NombreDisciplina, Categoria) values (69, 'Aikido', 'Equipo');
insert into Disciplina (IDDisciplina, NombreDisciplina, Categoria) values (70, 'Kendo', 'Equipo');
insert into Disciplina (IDDisciplina, NombreDisciplina, Categoria) values (71, 'Jiu-jitsu', 'Equipo');
insert into Disciplina (IDDisciplina, NombreDisciplina, Categoria) values (72, 'Sambo', 'Individual');
insert into Disciplina (IDDisciplina, NombreDisciplina, Categoria) values (73, 'Wushu', 'Individual');
insert into Disciplina (IDDisciplina, NombreDisciplina, Categoria) values (74, 'Muay thai', 'Equipo');
insert into Disciplina (IDDisciplina, NombreDisciplina, Categoria) values (75, 'Kickboxing', 'Duo');
insert into Disciplina (IDDisciplina, NombreDisciplina, Categoria) values (76, 'Savate', 'Individual');
insert into Disciplina (IDDisciplina, NombreDisciplina, Categoria) values (77, 'Capoeira', 'Individual');
insert into Disciplina (IDDisciplina, NombreDisciplina, Categoria) values (78, 'Parkour', 'Duo');
insert into Disciplina (IDDisciplina, NombreDisciplina, Categoria) values (79, 'Skateboarding', 'Individual');
insert into Disciplina (IDDisciplina, NombreDisciplina, Categoria) values (80, 'BMX', 'Duo');
insert into Disciplina (IDDisciplina, NombreDisciplina, Categoria) values (81, 'Motocross', 'Equipo');
insert into Disciplina (IDDisciplina, NombreDisciplina, Categoria) values (82, 'Trial', 'Duo');
insert into Disciplina (IDDisciplina, NombreDisciplina, Categoria) values (83, 'Rallycross', 'Duo');
insert into Disciplina (IDDisciplina, NombreDisciplina, Categoria) values (84, 'Rallies', 'Equipo');
insert into Disciplina (IDDisciplina, NombreDisciplina, Categoria) values (85, 'Fórmula 1', 'Individual');
insert into Disciplina (IDDisciplina, NombreDisciplina, Categoria) values (86, 'MotoGP', 'Individual');
insert into Disciplina (IDDisciplina, NombreDisciplina, Categoria) values (87, 'Superbikes', 'Duo');
insert into Disciplina (IDDisciplina, NombreDisciplina, Categoria) values (88, 'Nascar', 'Equipo');
insert into Disciplina (IDDisciplina, NombreDisciplina, Categoria) values (89, 'Patinaje de velocidad', 'Individual');
insert into Disciplina (IDDisciplina, NombreDisciplina, Categoria) values (90, 'Patinaje sobre ruedas', 'Equipo');
insert into Disciplina (IDDisciplina, NombreDisciplina, Categoria) values (91, 'Hockey sobre patines', 'Duo');
insert into Disciplina (IDDisciplina, NombreDisciplina, Categoria) values (92, 'Hockey sobre hierba', 'Individual');
insert into Disciplina (IDDisciplina, NombreDisciplina, Categoria) values (93, 'Floorball', 'Individual');
insert into Disciplina (IDDisciplina, NombreDisciplina, Categoria) values (94, 'Ultimate frisbee', 'Equipo');
insert into Disciplina (IDDisciplina, NombreDisciplina, Categoria) values (95, 'Disc golf', 'Duo');
insert into Disciplina (IDDisciplina, NombreDisciplina, Categoria) values (96, 'Bolos', 'Individual');
insert into Disciplina (IDDisciplina, NombreDisciplina, Categoria) values (97, 'Petanca', 'Equipo');
insert into Disciplina (IDDisciplina, NombreDisciplina, Categoria) values (98, 'Billar', 'Individual');
insert into Disciplina (IDDisciplina, NombreDisciplina, Categoria) values (99, 'Snooker', 'Individual');
insert into Disciplina (IDDisciplina, NombreDisciplina, Categoria) values (100, 'Dardos', 'Equipo');
insert into Disciplina (IDDisciplina, NombreDisciplina, Categoria) values (101, 'Ajedrez', 'Individual');
insert into Disciplina (IDDisciplina, NombreDisciplina, Categoria) values (102, 'Bridge', 'Individual');
insert into Disciplina (IDDisciplina, NombreDisciplina, Categoria) values (103, 'Polo acuático', 'Individual');
insert into Disciplina (IDDisciplina, NombreDisciplina, Categoria) values (104, 'Natación en aguas abiertas', 'Duo');
insert into Disciplina (IDDisciplina, NombreDisciplina, Categoria) values (105, 'Saltos de acantilado', 'Duo');
insert into Disciplina (IDDisciplina, NombreDisciplina, Categoria) values (106, 'Rafting', 'Individual');
insert into Disciplina (IDDisciplina, NombreDisciplina, Categoria) values (107, 'Kayak', 'Individual');
insert into Disciplina (IDDisciplina, NombreDisciplina, Categoria) values (108, 'Vela ligera', 'Individual');
insert into Disciplina (IDDisciplina, NombreDisciplina, Categoria) values (109, 'Windsurf', 'Duo');
insert into Disciplina (IDDisciplina, NombreDisciplina, Categoria) values (110, 'Kitesurf', 'Individual');
insert into Disciplina (IDDisciplina, NombreDisciplina, Categoria) values (111, 'Esquí acuático', 'Duo');
insert into Disciplina (IDDisciplina, NombreDisciplina, Categoria) values (112, 'Wakeboard', 'Equipo');
insert into Disciplina (IDDisciplina, NombreDisciplina, Categoria) values (113, 'Surf de remo', 'Individual');
insert into Disciplina (IDDisciplina, NombreDisciplina, Categoria) values (114, 'Bodyboard', 'Individual');
insert into Disciplina (IDDisciplina, NombreDisciplina, Categoria) values (115, 'Pesca deportiva', 'Duo');
insert into Disciplina (IDDisciplina, NombreDisciplina, Categoria) values (116, 'Buceo', 'Individual');
insert into Disciplina (IDDisciplina, NombreDisciplina, Categoria) values (117, 'Apnea', 'Individual');
insert into Disciplina (IDDisciplina, NombreDisciplina, Categoria) values (118, 'Natación con aletas', 'Duo');
insert into Disciplina (IDDisciplina, NombreDisciplina, Categoria) values (119, 'Hockey subacuático', 'Equipo');
insert into Disciplina (IDDisciplina, NombreDisciplina, Categoria) values (120, 'Rugby subacuático', 'Duo');
insert into Disciplina (IDDisciplina, NombreDisciplina, Categoria) values (121, 'Fútbol sala', 'Equipo');
insert into Disciplina (IDDisciplina, NombreDisciplina, Categoria) values (122, 'Balonmano sala', 'Equipo');
insert into Disciplina (IDDisciplina, NombreDisciplina, Categoria) values (123, 'Baloncesto 3x3', 'Duo');
insert into Disciplina (IDDisciplina, NombreDisciplina, Categoria) values (124, 'Vóley playa', 'Duo');
insert into Disciplina (IDDisciplina, NombreDisciplina, Categoria) values (125, 'Tenis de mesa', 'Individual');
insert into Disciplina (IDDisciplina, NombreDisciplina, Categoria) values (126, 'Bádminton playa', 'Individual');
insert into Disciplina (IDDisciplina, NombreDisciplina, Categoria) values (127, 'Tiro con arco en sala', 'Individual');
insert into Disciplina (IDDisciplina, NombreDisciplina, Categoria) values (128, 'Escalada en hielo', 'Individual');
insert into Disciplina (IDDisciplina, NombreDisciplina, Categoria) values (129, 'Esquí de fondo', 'Duo');
insert into Disciplina (IDDisciplina, NombreDisciplina, Categoria) values (130, 'Biatlón', 'Equipo');
insert into Disciplina (IDDisciplina, NombreDisciplina, Categoria) values (131, 'Salto de esquí', 'Equipo');
insert into Disciplina (IDDisciplina, NombreDisciplina, Categoria) values (132, 'Combinada nórdica', 'Individual');
insert into Disciplina (IDDisciplina, NombreDisciplina, Categoria) values (133, 'Snowboard cross', 'Individual');
insert into Disciplina (IDDisciplina, NombreDisciplina, Categoria) values (134, 'Patinaje de velocidad en pista corta', 'Individual');
insert into Disciplina (IDDisciplina, NombreDisciplina, Categoria) values (135, 'Curling mixto', 'Equipo');
insert into Disciplina (IDDisciplina, NombreDisciplina, Categoria) values (136, 'Bobsleigh skeleton', 'Equipo');
insert into Disciplina (IDDisciplina, NombreDisciplina, Categoria) values (137, 'Luge por equipos', 'Equipo');
insert into Disciplina (IDDisciplina, NombreDisciplina, Categoria) values (138, 'Gimnasia rítmica', 'Duo');
insert into Disciplina (IDDisciplina, NombreDisciplina, Categoria) values (139, 'Gimnasia en trampolín', 'Equipo');
insert into Disciplina (IDDisciplina, NombreDisciplina, Categoria) values (140, 'Gimnasia acrobática', 'Individual');
insert into Disciplina (IDDisciplina, NombreDisciplina, Categoria) values (141, 'Parkour', 'Equipo');
insert into Disciplina (IDDisciplina, NombreDisciplina, Categoria) values (142, 'Vovinam', 'Individual');
insert into Disciplina (IDDisciplina, NombreDisciplina, Categoria) values (143, 'Kurash', 'Duo');
insert into Disciplina (IDDisciplina, NombreDisciplina, Categoria) values (144, 'Pencak Silat', 'Equipo');
insert into Disciplina (IDDisciplina, NombreDisciplina, Categoria) values (145, 'Gatka', 'Equipo');
insert into Disciplina (IDDisciplina, NombreDisciplina, Categoria) values (146, 'Ulama', 'Equipo');
insert into Disciplina (IDDisciplina, NombreDisciplina, Categoria) values (147, 'Charrería', 'Equipo');
insert into Disciplina (IDDisciplina, NombreDisciplina, Categoria) values (148, 'Patolli', 'Individual');
insert into Disciplina (IDDisciplina, NombreDisciplina, Categoria) values (149, 'Pelota Purépecha', 'Duo');
insert into Disciplina (IDDisciplina, NombreDisciplina, Categoria) values (150, 'Tlachtli', 'Duo');

-- Tuplas para Localidad 
insert into Localidad (NombreLocalidad, IDDisciplina, Calle, Numero, Ciudad, Pais, Aforo, Tipo) values ('Estadio Olímpico', 127, 'Avenida de los Naranjos', '671', 'Hamburgo', 'Brasil', 5000, 'Estación de esquí');
insert into Localidad (NombreLocalidad, IDDisciplina, Calle, Numero, Ciudad, Pais, Aforo, Tipo) values ('Velódromo', 13, 'Ronda Sur', '11054', 'Helsinki', 'Níger', 200, 'Campo de fútbol');
insert into Localidad (NombreLocalidad, IDDisciplina, Calle, Numero, Ciudad, Pais, Aforo, Tipo) values ('Piscina Olímpica', 52, 'Ronda de las Flores', '635', 'Hamburgo', 'Timor Oriental', 120, 'Pista de karting');
insert into Localidad (NombreLocalidad, IDDisciplina, Calle, Numero, Ciudad, Pais, Aforo, Tipo) values ('Campo de Atletismo', 105, 'Avenida de la Universidad', '8', 'Montreal', 'Jamaica', 5000, 'Gimnasio al aire libre');
insert into Localidad (NombreLocalidad, IDDisciplina, Calle, Numero, Ciudad, Pais, Aforo, Tipo) values ('Pista de Hielo', 87, 'Avenida de los Deportes', '857', 'Oslo', 'Siria', 350, 'Campo de fútbol');
insert into Localidad (NombreLocalidad, IDDisciplina, Calle, Numero, Ciudad, Pais, Aforo, Tipo) values ('Cancha de Tenis', 39, 'Avenida de los Olivos', '0030', 'Edimburgo', 'República Centroafricana', 300, 'Estadio');
insert into Localidad (NombreLocalidad, IDDisciplina, Calle, Numero, Ciudad, Pais, Aforo, Tipo) values ('Campo de Golf', 31, 'Paseo de los Tilos', '26802', 'Nápoles', 'Costa Rica', 5000, 'Campo de fútbol');
insert into Localidad (NombreLocalidad, IDDisciplina, Calle, Numero, Ciudad, Pais, Aforo, Tipo) values ('Pista de Esquí', 13, 'Plaza de la Concordia', '49', 'Ámsterdam', 'Gambia', 800, 'Gimnasio al aire libre');
insert into Localidad (NombreLocalidad, IDDisciplina, Calle, Numero, Ciudad, Pais, Aforo, Tipo) values ('Gimnasio Multideportivo', 107, 'Avenida de la Ciencia', '88692', 'Nueva York', 'Qatar', 200, 'Estadio');
insert into Localidad (NombreLocalidad, IDDisciplina, Calle, Numero, Ciudad, Pais, Aforo, Tipo) values ('Pista de BMX', 82, 'Calle Baja', '5', 'La Habana', 'Maldivas', 1500, 'Gimnasio al aire libre');
insert into Localidad (NombreLocalidad, IDDisciplina, Calle, Numero, Ciudad, Pais, Aforo, Tipo) values ('Skatepark', 127, 'Ronda del Castillo', '98624', 'Zúrich', 'Arabia Saudita', 575, 'Circuito de carreras');
insert into Localidad (NombreLocalidad, IDDisciplina, Calle, Numero, Ciudad, Pais, Aforo, Tipo) values ('Circuito de Carreras', 22, 'Avenida de los Robles', '712', 'Pekín', 'Alemania', 2000, 'Jardín comunitario');
insert into Localidad (NombreLocalidad, IDDisciplina, Calle, Numero, Ciudad, Pais, Aforo, Tipo) values ('Centro Ecuestre', 88, 'Avenida de los Robles', '53782', 'Bangkok', 'Rusia', 1500, 'Estudio de danza');
insert into Localidad (NombreLocalidad, IDDisciplina, Calle, Numero, Ciudad, Pais, Aforo, Tipo) values ('Campo de Tiro con Arco', 24, 'Avenida de los Robles', '7449', 'Barcelona', 'Mozambique', 300, 'Gimnasio al aire libre');
insert into Localidad (NombreLocalidad, IDDisciplina, Calle, Numero, Ciudad, Pais, Aforo, Tipo) values ('Pista de Bobsleigh', 85, 'Calle Larga', '04508', 'Nápoles', 'Tanzania', 800, 'Piscina olímpica');
insert into Localidad (NombreLocalidad, IDDisciplina, Calle, Numero, Ciudad, Pais, Aforo, Tipo) values ('Cancha de Voleibol de Playa', 59, 'Plaza Mayor', '456', 'La Habana', 'Macedonia del Norte', 1500, 'Campo de fútbol');
insert into Localidad (NombreLocalidad, IDDisciplina, Calle, Numero, Ciudad, Pais, Aforo, Tipo) values ('Centro de Remo', 97, 'Calle Mayor', '7', 'Sídney', 'Turquía', 400, 'Estadio');
insert into Localidad (NombreLocalidad, IDDisciplina, Calle, Numero, Ciudad, Pais, Aforo, Tipo) values ('Pista de Patinaje', 62, 'Paseo Marítimo', '42', 'Oslo', 'Mongolia', 800, 'Lago');
insert into Localidad (NombreLocalidad, IDDisciplina, Calle, Numero, Ciudad, Pais, Aforo, Tipo) values ('Dojo de Artes Marciales', 128, 'Calle Alta', '95755', 'Viena', 'Albania', 2000, 'Piscina olímpica');
insert into Localidad (NombreLocalidad, IDDisciplina, Calle, Numero, Ciudad, Pais, Aforo, Tipo) values ('Cancha de Baloncesto', 85, 'Avenida de la Estación', '7248', 'Milán', 'Congo', 200, 'Gimnasio al aire libre');
insert into Localidad (NombreLocalidad, IDDisciplina, Calle, Numero, Ciudad, Pais, Aforo, Tipo) values ('Campo de Béisbol', 87, 'Paseo de los Tilos', '0', 'El Cairo', 'Bahamas', 2000, 'Gimnasio al aire libre');
insert into Localidad (NombreLocalidad, IDDisciplina, Calle, Numero, Ciudad, Pais, Aforo, Tipo) values ('Pista de Karting', 149, 'Ronda del Parque', '65', 'Milán', 'Vietnam', 1500, 'Circuito de carreras');
insert into Localidad (NombreLocalidad, IDDisciplina, Calle, Numero, Ciudad, Pais, Aforo, Tipo) values ('Centro de Escalada', 8, 'Calle del Pozo', '820', 'Copenhague', 'Maldivas', 350, 'Campo de fútbol');
insert into Localidad (NombreLocalidad, IDDisciplina, Calle, Numero, Ciudad, Pais, Aforo, Tipo) values ('Pista de Motocross', 70, 'Paseo de las Acacias', '6072', 'Dublín', 'Guyana', 120, 'Skatepark');
insert into Localidad (NombreLocalidad, IDDisciplina, Calle, Numero, Ciudad, Pais, Aforo, Tipo) values ('Campo de Rugby', 70, 'Plaza de la República', '53', 'Marsella', 'Siria', 2000, 'Campo de fútbol');
insert into Localidad (NombreLocalidad, IDDisciplina, Calle, Numero, Ciudad, Pais, Aforo, Tipo) values ('Pista de Atletismo Indoor', 117, 'Avenida de los Álamos', '59', 'Montreal', 'Nepal', 350, 'Gimnasio al aire libre');
insert into Localidad (NombreLocalidad, IDDisciplina, Calle, Numero, Ciudad, Pais, Aforo, Tipo) values ('Cancha de Squash', 124, 'Ronda Norte', '44', 'Lima', 'Polonia', 575, 'Gimnasio al aire libre');
insert into Localidad (NombreLocalidad, IDDisciplina, Calle, Numero, Ciudad, Pais, Aforo, Tipo) values ('Campo de Hockey sobre Hierba', 84, 'Calle Nueva', '501', 'Atenas', 'Irán', 120, 'Campo de fútbol');
insert into Localidad (NombreLocalidad, IDDisciplina, Calle, Numero, Ciudad, Pais, Aforo, Tipo) values ('Pista de Luge', 122, 'Plaza de la Independencia', '4166', 'Buenos Aires', 'República Centroafricana', 200, 'Gimnasio al aire libre');
insert into Localidad (NombreLocalidad, IDDisciplina, Calle, Numero, Ciudad, Pais, Aforo, Tipo) values ('Centro de Vela', 41, 'Calle San Pedro', '34', 'Sídney', 'Macedonia del Norte', 1500, 'Puerto');
insert into Localidad (NombreLocalidad, IDDisciplina, Calle, Numero, Ciudad, Pais, Aforo, Tipo) values ('Cancha de Balonmano', 65, 'Calle del Sol', '4', 'Oslo', 'Kosovo', 300, 'Piscina olímpica');
insert into Localidad (NombreLocalidad, IDDisciplina, Calle, Numero, Ciudad, Pais, Aforo, Tipo) values ('Pista de Curling', 48, 'Avenida de los Naranjos', '7739', 'Ciudad de México', 'Vanuatu', 120, 'Piscina olímpica');
insert into Localidad (NombreLocalidad, IDDisciplina, Calle, Numero, Ciudad, Pais, Aforo, Tipo) values ('Campo de Críquet', 17, 'Calle de la Fuente', '125', 'Barcelona', 'Nueva Zelanda', 350, 'Campo de fútbol');
insert into Localidad (NombreLocalidad, IDDisciplina, Calle, Numero, Ciudad, Pais, Aforo, Tipo) values ('Centro de Boxeo', 29, 'Ronda de los Jardines', '298', 'Moscú', 'Irán', 350, 'Piscina olímpica');
insert into Localidad (NombreLocalidad, IDDisciplina, Calle, Numero, Ciudad, Pais, Aforo, Tipo) values ('Pista de Ciclismo de Montaña', 149, 'Avenida del Progreso', '469', 'Bangkok', 'Qatar', 399, 'Gimnasio al aire libre');
insert into Localidad (NombreLocalidad, IDDisciplina, Calle, Numero, Ciudad, Pais, Aforo, Tipo) values ('Campo de Polo', 118, 'Avenida de la Universidad', '1', 'Estambul', 'Eritrea', 350, 'Campo de fútbol');
insert into Localidad (NombreLocalidad, IDDisciplina, Calle, Numero, Ciudad, Pais, Aforo, Tipo) values ('Pista de Snowboard', 25, 'Calle de la Fuente', '5', 'Ámsterdam', 'Argelia', 100, 'Gimnasio al aire libre');
insert into Localidad (NombreLocalidad, IDDisciplina, Calle, Numero, Ciudad, Pais, Aforo, Tipo) values ('Centro de Halterofilia', 123, 'Paseo de las Acacias', '73', 'Milán', 'Islas Salomón', 250, 'Gimnasio al aire libre');
insert into Localidad (NombreLocalidad, IDDisciplina, Calle, Numero, Ciudad, Pais, Aforo, Tipo) values ('Cancha de Pádel', 81, 'Ronda de las Flores', '04016', 'Montreal', 'Uzbekistán', 800, 'Gimnasio al aire libre');
insert into Localidad (NombreLocalidad, IDDisciplina, Calle, Numero, Ciudad, Pais, Aforo, Tipo) values ('Pista de Patinaje Artístico', 13, 'Ronda del Parque', '5', 'Barcelona', 'Níger', 750, 'Piscina olímpica');
insert into Localidad (NombreLocalidad, IDDisciplina, Calle, Numero, Ciudad, Pais, Aforo, Tipo) values ('Campo de Lacrosse', 124, 'Plaza del Sol', '6', 'El Cairo', 'Italia', 1500, 'Gimnasio');
insert into Localidad (NombreLocalidad, IDDisciplina, Calle, Numero, Ciudad, Pais, Aforo, Tipo) values ('Centro de Gimnasia', 119, 'Avenida de la Estación', '9', 'Bruselas', 'Jamaica', 575, 'Gimnasio al aire libre');
insert into Localidad (NombreLocalidad, IDDisciplina, Calle, Numero, Ciudad, Pais, Aforo, Tipo) values ('Pista de Skeleton', 61, 'Calle Alta', '94', 'Pekín', 'Países Bajos', 200, 'Pista de karting');
insert into Localidad (NombreLocalidad, IDDisciplina, Calle, Numero, Ciudad, Pais, Aforo, Tipo) values ('Cancha de Fútbol Sala', 130, 'Avenida de las Palmeras', '05082', 'Barcelona', 'Francia', 120, 'Gimnasio al aire libre');
insert into Localidad (NombreLocalidad, IDDisciplina, Calle, Numero, Ciudad, Pais, Aforo, Tipo) values ('Campo de Softbol', 120, 'Calle del Pilar', '6', 'Ámsterdam', 'Samoa', 5000, 'Piscina olímpica');
insert into Localidad (NombreLocalidad, IDDisciplina, Calle, Numero, Ciudad, Pais, Aforo, Tipo) values ('Pista de Saltos de Esquí', 116, 'Paseo de las Acacias', '51437', 'Milán', 'Vietnam', 750, 'Skatepark');
insert into Localidad (NombreLocalidad, IDDisciplina, Calle, Numero, Ciudad, Pais, Aforo, Tipo) values ('Centro de Taekwondo', 69, 'Calle del Roble', '0', 'Atenas', 'Uganda', 500, 'Gimnasio al aire libre');
insert into Localidad (NombreLocalidad, IDDisciplina, Calle, Numero, Ciudad, Pais, Aforo, Tipo) values ('Cancha de Bádminton', 42, 'Calle de la Paz', '256', 'Madrid', 'Siria', 350, 'Gimnasio al aire libre');
insert into Localidad (NombreLocalidad, IDDisciplina, Calle, Numero, Ciudad, Pais, Aforo, Tipo) values ('Campo de Ultimate Frisbee', 11, 'Paseo de los Olmos', '2537', 'Caracas', 'Mongolia', 500, 'Campo de fútbol');
insert into Localidad (NombreLocalidad, IDDisciplina, Calle, Numero, Ciudad, Pais, Aforo, Tipo) values ('Centro de Pentatlón Moderno', 29, 'Paseo de las Moreras', '443', 'Tokio', 'Chad', 399, 'Gimnasio al aire libre');
insert into Localidad (NombreLocalidad, IDDisciplina, Calle, Numero, Ciudad, Pais, Aforo, Tipo) values ('Pista de Trineo', 79, 'Avenida del Mar', '268', 'Toronto', 'Brunéi', 800, 'Palacio');
insert into Localidad (NombreLocalidad, IDDisciplina, Calle, Numero, Ciudad, Pais, Aforo, Tipo) values ('Cancha de Netball', 146, 'Ronda del Parque', '17', 'Lyon', 'Bangladés', 100, 'Piscina olímpica');
insert into Localidad (NombreLocalidad, IDDisciplina, Calle, Numero, Ciudad, Pais, Aforo, Tipo) values ('Campo de Tiro al Plato', 84, 'Avenida de la Paz', '6034', 'La Habana', 'India', 1500, 'Piscina olímpica');
insert into Localidad (NombreLocalidad, IDDisciplina, Calle, Numero, Ciudad, Pais, Aforo, Tipo) values ('Pista de Biatlón', 8, 'Plaza de España', '4118', 'Moscú', 'Libia', 350, 'Gimnasio al aire libre');
insert into Localidad (NombreLocalidad, IDDisciplina, Calle, Numero, Ciudad, Pais, Aforo, Tipo) values ('Centro de Esgrima', 141, 'Avenida del Parque', '4', 'Milán', 'Alemania', 800, 'Centro de yoga');
insert into Localidad (NombreLocalidad, IDDisciplina, Calle, Numero, Ciudad, Pais, Aforo, Tipo) values ('Cancha de Racquetball', 4, 'Paseo de las Moreras', '7', 'Estambul', 'Serbia', 399, 'Estadio');
insert into Localidad (NombreLocalidad, IDDisciplina, Calle, Numero, Ciudad, Pais, Aforo, Tipo) values ('Pista de Patinaje de Velocidad', 75, 'Calle Baja', '96012', 'Marsella', 'China', 120, 'Campo de fútbol');
insert into Localidad (NombreLocalidad, IDDisciplina, Calle, Numero, Ciudad, Pais, Aforo, Tipo) values ('Campo de Waterpolo', 69, 'Calle del Pozo', '12', 'Sídney', 'Eslovaquia', 2000, 'Hipódromo');
insert into Localidad (NombreLocalidad, IDDisciplina, Calle, Numero, Ciudad, Pais, Aforo, Tipo) values ('Centro de Lucha Libre', 23, 'Avenida de la Estación', '4151', 'La Habana', 'Etiopía', 120, 'Piscina olímpica');
insert into Localidad (NombreLocalidad, IDDisciplina, Calle, Numero, Ciudad, Pais, Aforo, Tipo) values ('Pista de Freestyle Skiing', 21, 'Avenida de las Palmeras', '2231', 'Lyon', 'Corea del Norte', 5000, 'Gimnasio al aire libre');
insert into Localidad (NombreLocalidad, IDDisciplina, Calle, Numero, Ciudad, Pais, Aforo, Tipo) values ('Cancha de Pelota Vasca', 104, 'Calle San Antonio', '03', 'Bangkok', 'Japón', 100, 'Gimnasio al aire libre');
insert into Localidad (NombreLocalidad, IDDisciplina, Calle, Numero, Ciudad, Pais, Aforo, Tipo) values ('Campo de Croquet', 47, 'Calle Alta', '9', 'Montreal', 'Paraguay', 1500, 'Gimnasio');
insert into Localidad (NombreLocalidad, IDDisciplina, Calle, Numero, Ciudad, Pais, Aforo, Tipo) values ('Centro de Judo', 144, 'Paseo de la Constitución', '05752', 'Helsinki', 'Ghana', 800, 'Pista de tenis');
insert into Localidad (NombreLocalidad, IDDisciplina, Calle, Numero, Ciudad, Pais, Aforo, Tipo) values ('Pista de Slalom', 56, 'Calle Ancha', '6', 'Buenos Aires', 'Kirguistán', 575, 'Campo de fútbol');
insert into Localidad (NombreLocalidad, IDDisciplina, Calle, Numero, Ciudad, Pais, Aforo, Tipo) values ('Cancha de Korfball', 28, 'Plaza de la Constitución', '026', 'Moscú', 'Nicaragua', 300, 'Estación de esquí');
insert into Localidad (NombreLocalidad, IDDisciplina, Calle, Numero, Ciudad, Pais, Aforo, Tipo) values ('Campo de Polo Acuático', 16, 'Calle Santo Domingo', '679', 'Helsinki', 'Sudán', 100, 'Río');
insert into Localidad (NombreLocalidad, IDDisciplina, Calle, Numero, Ciudad, Pais, Aforo, Tipo) values ('Pista de Snowboard Cross', 109, 'Calle Mayor', '52', 'Estocolmo', 'Azerbaiyán', 750, 'Granja');
insert into Localidad (NombreLocalidad, IDDisciplina, Calle, Numero, Ciudad, Pais, Aforo, Tipo) values ('Centro de Tiro Deportivo', 143, 'Avenida de las Palmeras', '1495', 'Madrid', 'Sierra Leona', 200, 'Estadio');
insert into Localidad (NombreLocalidad, IDDisciplina, Calle, Numero, Ciudad, Pais, Aforo, Tipo) values ('Cancha de Sepak Takraw', 134, 'Calle del Arco', '5349', 'Estambul', 'República Dominicana', 575, 'Campo de fútbol');
insert into Localidad (NombreLocalidad, IDDisciplina, Calle, Numero, Ciudad, Pais, Aforo, Tipo) values ('Campo de Fútbol Americano', 48, 'Plaza de la República', '2251', 'Sídney', 'Kosovo', 1500, 'Gimnasio al aire libre');
insert into Localidad (NombreLocalidad, IDDisciplina, Calle, Numero, Ciudad, Pais, Aforo, Tipo) values ('Pista de Aeróbic', 59, 'Avenida de la Cultura', '85', 'Buenos Aires', 'Polonia', 100, 'Piscina olímpica');
insert into Localidad (NombreLocalidad, IDDisciplina, Calle, Numero, Ciudad, Pais, Aforo, Tipo) values ('Centro de Gimnasia Rítmica', 141, 'Avenida de las Acacias', '346', 'Milán', 'Alemania', 1500, 'Piscina olímpica');
insert into Localidad (NombreLocalidad, IDDisciplina, Calle, Numero, Ciudad, Pais, Aforo, Tipo) values ('Cancha de Futsal', 22, 'Avenida del Progreso', '21', 'Seúl', 'Eritrea', 250, 'Campo de fútbol');
insert into Localidad (NombreLocalidad, IDDisciplina, Calle, Numero, Ciudad, Pais, Aforo, Tipo) values ('Pista de Patinaje de Velocidad en Pista Corta', 42, 'Ronda de las Flores', '2873', 'Pekín', 'Namibia', 400, 'Campo de fútbol');
insert into Localidad (NombreLocalidad, IDDisciplina, Calle, Numero, Ciudad, Pais, Aforo, Tipo) values ('Campo de Hurling', 36, 'Avenida del Parque', '5', 'Helsinki', 'Baréin', 750, 'Estadio');
insert into Localidad (NombreLocalidad, IDDisciplina, Calle, Numero, Ciudad, Pais, Aforo, Tipo) values ('Centro de Karate', 74, 'Avenida de la Universidad', '69165', 'Hamburgo', 'Irlanda', 800, 'Parque');
insert into Localidad (NombreLocalidad, IDDisciplina, Calle, Numero, Ciudad, Pais, Aforo, Tipo) values ('Pista de Esquí Acrobático', 33, 'Plaza de la Independencia', '2', 'Pekín', 'República Checa', 5000, 'Piscina olímpica');
insert into Localidad (NombreLocalidad, IDDisciplina, Calle, Numero, Ciudad, Pais, Aforo, Tipo) values ('Cancha de Tchoukball', 24, 'Calle del Puente', '92513', 'Viena', 'Bélgica', 120, 'Campo de fútbol');
insert into Localidad (NombreLocalidad, IDDisciplina, Calle, Numero, Ciudad, Pais, Aforo, Tipo) values ('Campo de Kabaddi', 116, 'Avenida del Progreso', '0892', 'Praga', 'Ecuador', 300, 'Gimnasio al aire libre');
insert into Localidad (NombreLocalidad, IDDisciplina, Calle, Numero, Ciudad, Pais, Aforo, Tipo) values ('Pista de Luge Natural', 53, 'Calle de la Paz', '90056', 'Madrid', 'Emiratos Árabes Unidos', 5000, 'Estadio');
insert into Localidad (NombreLocalidad, IDDisciplina, Calle, Numero, Ciudad, Pais, Aforo, Tipo) values ('Centro de Wushu', 142, 'Paseo de los Castaños', '57', 'El Cairo', 'Níger', 750, 'Campo de golf');
insert into Localidad (NombreLocalidad, IDDisciplina, Calle, Numero, Ciudad, Pais, Aforo, Tipo) values ('Cancha de Floorball', 8, 'Calle Alta', '4', 'El Cairo', 'Tailandia', 1500, 'Gimnasio al aire libre');
insert into Localidad (NombreLocalidad, IDDisciplina, Calle, Numero, Ciudad, Pais, Aforo, Tipo) values ('Campo de Gaelic Football', 121, 'Avenida de los Álamos', '851', 'Johannesburgo', 'Maldivas', 750, 'Estadio');
insert into Localidad (NombreLocalidad, IDDisciplina, Calle, Numero, Ciudad, Pais, Aforo, Tipo) values ('Centro de Sumo', 22, 'Ronda de las Flores', '06', 'Berlín', 'India', 399, 'Gimnasio al aire libre');
insert into Localidad (NombreLocalidad, IDDisciplina, Calle, Numero, Ciudad, Pais, Aforo, Tipo) values ('Cancha de Jai Alai', 9, 'Calle San José', '846', 'Moscú', 'Cabo Verde', 399, 'Recinto ferial');
insert into Localidad (NombreLocalidad, IDDisciplina, Calle, Numero, Ciudad, Pais, Aforo, Tipo) values ('Campo de Aussie Rules Football', 76, 'Paseo de las Acacias', '46', 'Helsinki', 'Haití', 2000, 'Circuito de carreras');
insert into Localidad (NombreLocalidad, IDDisciplina, Calle, Numero, Ciudad, Pais, Aforo, Tipo) values ('Pista de Patinaje de Descenso', 116, 'Avenida de los Olivos', '648', 'Santiago', 'Pakistán', 500, 'Campo de fútbol');
insert into Localidad (NombreLocalidad, IDDisciplina, Calle, Numero, Ciudad, Pais, Aforo, Tipo) values ('Centro de Sambo', 106, 'Calle de la Luna', '11307', 'Singapur', 'Filipinas', 100, 'Campo de fútbol');
insert into Localidad (NombreLocalidad, IDDisciplina, Calle, Numero, Ciudad, Pais, Aforo, Tipo) values ('Cancha de Pelota Mixteca', 130, 'Calle Estrecha', '45223', 'Varsovia', 'Malasia', 300, 'Campo de fútbol');
insert into Localidad (NombreLocalidad, IDDisciplina, Calle, Numero, Ciudad, Pais, Aforo, Tipo) values ('Campo de Bandy', 46, 'Paseo de la Constitución', '313', 'Copenhague', 'Tonga', 250, 'Estadio');
insert into Localidad (NombreLocalidad, IDDisciplina, Calle, Numero, Ciudad, Pais, Aforo, Tipo) values ('Pista de Esquí de Fondo', 84, 'Calle San Miguel', '74343', 'Barcelona', 'Serbia', 399, 'Pista de tenis');
insert into Localidad (NombreLocalidad, IDDisciplina, Calle, Numero, Ciudad, Pais, Aforo, Tipo) values ('Centro de Kickboxing', 62, 'Calle de la Amargura', '1', 'La Habana', 'Trinidad y Tobago', 100, 'Granja');
insert into Localidad (NombreLocalidad, IDDisciplina, Calle, Numero, Ciudad, Pais, Aforo, Tipo) values ('Cancha de Pelota Purépecha', 100, 'Ronda Este', '6502', 'Berlín', 'Somalia', 800, 'Gimnasio al aire libre');
insert into Localidad (NombreLocalidad, IDDisciplina, Calle, Numero, Ciudad, Pais, Aforo, Tipo) values ('Campo de Shinty', 23, 'Avenida de las Palmeras', '99418', 'Marsella', 'Venezuela', 500, 'Piscina olímpica');
insert into Localidad (NombreLocalidad, IDDisciplina, Calle, Numero, Ciudad, Pais, Aforo, Tipo) values ('Pista de Esquí Alpino', 95, 'Avenida de los Deportes', '799', 'Johannesburgo', 'Guatemala', 399, 'Campo de fútbol');
insert into Localidad (NombreLocalidad, IDDisciplina, Calle, Numero, Ciudad, Pais, Aforo, Tipo) values ('Centro de Muay Thai', 10, 'Plaza de la Merced', '713', 'Múnich', 'Japón', 2000, 'Gimnasio al aire libre');
insert into Localidad (NombreLocalidad, IDDisciplina, Calle, Numero, Ciudad, Pais, Aforo, Tipo) values ('Cancha de Goalball', 114, 'Ronda del Castillo', '46583', 'Helsinki', 'Islas Salomón', 300, 'Piscina olímpica');
insert into Localidad (NombreLocalidad, IDDisciplina, Calle, Numero, Ciudad, Pais, Aforo, Tipo) values ('Campo de Pesäpallo', 18, 'Paseo de la Constitución', '531', 'Buenos Aires', 'Suiza', 250, 'Campo de fútbol');
insert into Localidad (NombreLocalidad, IDDisciplina, Calle, Numero, Ciudad, Pais, Aforo, Tipo) values ('Pista de Patinaje en Línea', 20, 'Plaza del Sol', '661', 'Madrid', 'Bolivia', 500, 'Estadio');
insert into Localidad (NombreLocalidad, IDDisciplina, Calle, Numero, Ciudad, Pais, Aforo, Tipo) values ('Centro de Aikido', 130, 'Ronda del Castillo', '16896', 'Roma', 'Gambia', 399, 'Piscina olímpica');
insert into Localidad (NombreLocalidad, IDDisciplina, Calle, Numero, Ciudad, Pais, Aforo, Tipo) values ('Cancha de Pickleball', 104, 'Calle de la Iglesia', '07', 'Varsovia', 'Perú', 399, 'Campo de fútbol');
insert into Localidad (NombreLocalidad, IDDisciplina, Calle, Numero, Ciudad, Pais, Aforo, Tipo) values ('Campo de Quidditch', 111, 'Calle del Laurel', '69223', 'Santiago', 'Reino Unido', 399, 'Gimnasio al aire libre');
insert into Localidad (NombreLocalidad, IDDisciplina, Calle, Numero, Ciudad, Pais, Aforo, Tipo) values ('Pista de Esquí Nórdico Combinado', 131, 'Avenida de la Ciencia', '107', 'Nueva York', 'Eslovenia', 500, 'Gimnasio al aire libre');
insert into Localidad (NombreLocalidad, IDDisciplina, Calle, Numero, Ciudad, Pais, Aforo, Tipo) values ('Centro de Kendo', 25, 'Calle de la Alegría', '23', 'Singapur', 'Dinamarca', 300, 'Gimnasio al aire libre');
insert into Localidad (NombreLocalidad, IDDisciplina, Calle, Numero, Ciudad, Pais, Aforo, Tipo) values ('Cancha de Rounders', 125, 'Calle Alta', '761', 'Vancouver', 'España', 250, 'Estadio');
insert into Localidad (NombreLocalidad, IDDisciplina, Calle, Numero, Ciudad, Pais, Aforo, Tipo) values ('Campo de Fistball', 103, 'Paseo de las Acacias', '992', 'Estambul', 'Venezuela', 120, 'Gimnasio al aire libre');
insert into Localidad (NombreLocalidad, IDDisciplina, Calle, Numero, Ciudad, Pais, Aforo, Tipo) values ('Centro de Jiu-Jitsu', 9, 'Calle Baja', '2', 'Madrid', 'Chipre', 399, 'Gimnasio al aire libre');
insert into Localidad (NombreLocalidad, IDDisciplina, Calle, Numero, Ciudad, Pais, Aforo, Tipo) values ('Cancha de Tamburello', 20, 'Plaza de la Constitución', '73001', 'Ciudad de México', 'Japón', 350, 'Gimnasio al aire libre');
insert into Localidad (NombreLocalidad, IDDisciplina, Calle, Numero, Ciudad, Pais, Aforo, Tipo) values ('Pista de Esquí Acuático', 142, 'Calle de la Fuente', '58364', 'Marsella', 'Guinea-Bisáu', 2000, 'Campo de fútbol');
insert into Localidad (NombreLocalidad, IDDisciplina, Calle, Numero, Ciudad, Pais, Aforo, Tipo) values ('Centro de Capoeira', 146, 'Avenida de la Libertad', '512', 'Nápoles', 'Tailandia', 2000, 'Hacienda');
insert into Localidad (NombreLocalidad, IDDisciplina, Calle, Numero, Ciudad, Pais, Aforo, Tipo) values ('Campo de Sepak Takraw', 114, 'Avenida de la Estación', '95833', 'Barcelona', 'Burundi', 350, 'Campo de fútbol');
insert into Localidad (NombreLocalidad, IDDisciplina, Calle, Numero, Ciudad, Pais, Aforo, Tipo) values ('Centro de Wing Chun', 59, 'Avenida de la Libertad', '56', 'Pekín', 'República Checa', 120, 'Río');
insert into Localidad (NombreLocalidad, IDDisciplina, Calle, Numero, Ciudad, Pais, Aforo, Tipo) values ('Cancha de Boccia', 118, 'Calle del Huerto', '79', 'Moscú', 'Jordania', 399, 'Estadio');
insert into Localidad (NombreLocalidad, IDDisciplina, Calle, Numero, Ciudad, Pais, Aforo, Tipo) values ('Campo de Gateball', 82, 'Ronda del Parque', '82206', 'Pekín', 'Egipto', 1500, 'Circuito de carreras');
insert into Localidad (NombreLocalidad, IDDisciplina, Calle, Numero, Ciudad, Pais, Aforo, Tipo) values ('Pista de Esquí de Travesía', 74, 'Calle Real', '7095', 'Atenas', 'Pakistán', 100, 'Estadio');
insert into Localidad (NombreLocalidad, IDDisciplina, Calle, Numero, Ciudad, Pais, Aforo, Tipo) values ('Centro de Hapkido', 23, 'Avenida de los Olivos', '5', 'Vancouver', 'Benín', 5000, 'Gimnasio al aire libre');
insert into Localidad (NombreLocalidad, IDDisciplina, Calle, Numero, Ciudad, Pais, Aforo, Tipo) values ('Cancha de Pelota Tarasca', 65, 'Calle de la Amargura', '88454', 'Montreal', 'Zimbabue', 800, 'Pista de atletismo');
insert into Localidad (NombreLocalidad, IDDisciplina, Calle, Numero, Ciudad, Pais, Aforo, Tipo) values ('Campo de Bossaball', 55, 'Calle del Pino', '8', 'Nueva York', 'Italia', 5000, 'Gimnasio al aire libre');
insert into Localidad (NombreLocalidad, IDDisciplina, Calle, Numero, Ciudad, Pais, Aforo, Tipo) values ('Centro de Kung Fu', 37, 'Calle del Pozo', '43856', 'París', 'Túnez', 500, 'Piscina olímpica');
insert into Localidad (NombreLocalidad, IDDisciplina, Calle, Numero, Ciudad, Pais, Aforo, Tipo) values ('Cancha de Jorkyball', 25, 'Calle de la Iglesia', '64', 'Singapur', 'Guinea-Bisáu', 1500, 'Campo de fútbol');
insert into Localidad (NombreLocalidad, IDDisciplina, Calle, Numero, Ciudad, Pais, Aforo, Tipo) values ('Campo de Buzkashi', 123, 'Plaza de la República', '34004', 'Toronto', 'Islandia', 800, 'Campo de fútbol');
insert into Localidad (NombreLocalidad, IDDisciplina, Calle, Numero, Ciudad, Pais, Aforo, Tipo) values ('Pista de Esquí de Estilo Libre', 140, 'Calle del Huerto', '0', 'Nueva York', 'Eslovenia', 1500, 'Campo de fútbol');
insert into Localidad (NombreLocalidad, IDDisciplina, Calle, Numero, Ciudad, Pais, Aforo, Tipo) values ('Centro de Pencak Silat', 74, 'Calle del Prado', '203', 'Sídney', 'Grecia', 500, 'Campo de fútbol');
insert into Localidad (NombreLocalidad, IDDisciplina, Calle, Numero, Ciudad, Pais, Aforo, Tipo) values ('Cancha de Padbol', 109, 'Calle del Castillo', '3', 'Sídney', 'Palestina', 750, 'Piscina olímpica');
insert into Localidad (NombreLocalidad, IDDisciplina, Calle, Numero, Ciudad, Pais, Aforo, Tipo) values ('Campo de Calcio Storico', 145, 'Plaza de la Constitución', '4961', 'Copenhague', 'China', 400, 'Estadio');
insert into Localidad (NombreLocalidad, IDDisciplina, Calle, Numero, Ciudad, Pais, Aforo, Tipo) values ('Centro de Krav Maga', 150, 'Calle San Miguel', '7', 'Zúrich', 'Vietnam', 250, 'Gimnasio al aire libre');
insert into Localidad (NombreLocalidad, IDDisciplina, Calle, Numero, Ciudad, Pais, Aforo, Tipo) values ('Cancha de Futevolei', 91, 'Plaza de la Victoria', '90252', 'Estocolmo', 'Costa Rica', 1500, 'Jardín comunitario');
insert into Localidad (NombreLocalidad, IDDisciplina, Calle, Numero, Ciudad, Pais, Aforo, Tipo) values ('Pista de Esquí de Fondo Sprint', 84, 'Paseo de los Castaños', '980', 'Madrid', 'Macedonia del Norte', 300, 'Gimnasio al aire libre');
insert into Localidad (NombreLocalidad, IDDisciplina, Calle, Numero, Ciudad, Pais, Aforo, Tipo) values ('Centro de Systema', 6, 'Avenida de la Industria', '40244', 'Nápoles', 'Sudán', 250, 'Campo de fútbol');
insert into Localidad (NombreLocalidad, IDDisciplina, Calle, Numero, Ciudad, Pais, Aforo, Tipo) values ('Cancha de Footvolley', 39, 'Calle Mayor', '1', 'Oslo', 'Corea del Norte', 399, 'Centro de convenciones');
insert into Localidad (NombreLocalidad, IDDisciplina, Calle, Numero, Ciudad, Pais, Aforo, Tipo) values ('Campo de Ulama', 98, 'Calle Mayor', '1', 'Buenos Aires', 'Zambia', 350, 'Campo de fútbol');
insert into Localidad (NombreLocalidad, IDDisciplina, Calle, Numero, Ciudad, Pais, Aforo, Tipo) values ('Centro de Bartitsu', 93, 'Calle San Miguel', '7086', 'Tokio', 'Barbados', 250, 'Gimnasio al aire libre');
insert into Localidad (NombreLocalidad, IDDisciplina, Calle, Numero, Ciudad, Pais, Aforo, Tipo) values ('Cancha de Biribol', 12, 'Calle Alta', '93310', 'Tokio', 'China', 200, 'Gimnasio al aire libre');
insert into Localidad (NombreLocalidad, IDDisciplina, Calle, Numero, Ciudad, Pais, Aforo, Tipo) values ('Campo de Pato', 75, 'Plaza de la República', '3287', 'Singapur', 'Gabón', 350, 'Estudio de danza');
insert into Localidad (NombreLocalidad, IDDisciplina, Calle, Numero, Ciudad, Pais, Aforo, Tipo) values ('Centro de Keysi', 48, 'Calle del Huerto', '7778', 'Johannesburgo', 'Gabón', 1500, 'Estadio');
insert into Localidad (NombreLocalidad, IDDisciplina, Calle, Numero, Ciudad, Pais, Aforo, Tipo) values ('Cancha de Faustball', 119, 'Calle Santa María', '700', 'Viena', 'Pakistán', 120, 'Jardín botánico');
insert into Localidad (NombreLocalidad, IDDisciplina, Calle, Numero, Ciudad, Pais, Aforo, Tipo) values ('Campo de Volata', 56, 'Calle de la Esperanza', '5', 'Helsinki', 'Laos', 500, 'Gimnasio al aire libre');
insert into Localidad (NombreLocalidad, IDDisciplina, Calle, Numero, Ciudad, Pais, Aforo, Tipo) values ('Centro de Kalaripayattu', 110, 'Avenida de la Libertad', '56', 'Atenas', 'Polonia', 2000, 'Campo de fútbol');
insert into Localidad (NombreLocalidad, IDDisciplina, Calle, Numero, Ciudad, Pais, Aforo, Tipo) values ('Estadio Olímpico', 148, 'Calle San José', '26392', 'El Cairo', 'China', 120, 'Gimnasio al aire libre');
insert into Localidad (NombreLocalidad, IDDisciplina, Calle, Numero, Ciudad, Pais, Aforo, Tipo) values ('Velódromo', 30, 'Calle del Arco', '7392', 'Río de Janeiro', 'Estados Unidos', 750, 'Piscina olímpica');
insert into Localidad (NombreLocalidad, IDDisciplina, Calle, Numero, Ciudad, Pais, Aforo, Tipo) values ('Piscina Olímpica', 34, 'Calle del Roble', '8528', 'Singapur', 'Nicaragua', 200, 'Playa');
insert into Localidad (NombreLocalidad, IDDisciplina, Calle, Numero, Ciudad, Pais, Aforo, Tipo) values ('Campo de Atletismo', 45, 'Avenida del Parque', '48', 'Londres', 'Namibia', 5000, 'Sendero natural');
insert into Localidad (NombreLocalidad, IDDisciplina, Calle, Numero, Ciudad, Pais, Aforo, Tipo) values ('Pista de Hielo', 30, 'Calle San José', '4', 'Moscú', 'Bahamas', 100, 'Estadio');
insert into Localidad (NombreLocalidad, IDDisciplina, Calle, Numero, Ciudad, Pais, Aforo, Tipo) values ('Cancha de Tenis', 6, 'Paseo de los Tilos', '0', 'Barcelona', 'Israel', 200, 'Piscina olímpica');
insert into Localidad (NombreLocalidad, IDDisciplina, Calle, Numero, Ciudad, Pais, Aforo, Tipo) values ('Campo de Golf', 77, 'Plaza del Sol', '317', 'Estambul', 'Surinam', 750, 'Río');
insert into Localidad (NombreLocalidad, IDDisciplina, Calle, Numero, Ciudad, Pais, Aforo, Tipo) values ('Pista de Esquí', 75, 'Plaza de la República', '881', 'Montreal', 'China', 250, 'Gimnasio al aire libre');
insert into Localidad (NombreLocalidad, IDDisciplina, Calle, Numero, Ciudad, Pais, Aforo, Tipo) values ('Gimnasio Multideportivo', 29, 'Calle del Carmen', '16351', 'Buenos Aires', 'Uganda', 2000, 'Campo de fútbol');
insert into Localidad (NombreLocalidad, IDDisciplina, Calle, Numero, Ciudad, Pais, Aforo, Tipo) values ('Pista de BMX', 65, 'Calle de la Rosa', '95548', 'Barcelona', 'Guinea', 750, 'Piscina olímpica');
insert into Localidad (NombreLocalidad, IDDisciplina, Calle, Numero, Ciudad, Pais, Aforo, Tipo) values ('Skatepark', 62, 'Paseo del Prado', '1', 'Pekín', 'Túnez', 800, 'Gimnasio al aire libre');
insert into Localidad (NombreLocalidad, IDDisciplina, Calle, Numero, Ciudad, Pais, Aforo, Tipo) values ('Circuito de Carreras', 84, 'Calle Estrecha', '0062', 'Marsella', 'Suazilandia', 350, 'Campo de fútbol');

-- Tuplas para Evento

insert into Evento (IDEvento, NombreLocalidad, IDDisciplina, DuracionMax, Precio, FechaEvento, Fase) values (1, 'Centro de Tiro Deportivo', 71, '24h', '$70.43', '26/09/2024', 1);
insert into Evento (IDEvento, NombreLocalidad, IDDisciplina, DuracionMax, Precio, FechaEvento, Fase) values (2, 'Campo de Shinty', 16, '24h', '$80.06', '22/01/2024', 2);
insert into Evento (IDEvento, NombreLocalidad, IDDisciplina, DuracionMax, Precio, FechaEvento, Fase) values (3, 'Pista de Slalom', 75, '9h', '$92.06', '03/05/2024', 2);
insert into Evento (IDEvento, NombreLocalidad, IDDisciplina, DuracionMax, Precio, FechaEvento, Fase) values (4, 'Centro de Keysi', 89, '3h', '$162.04', '04/01/2024', 1);
insert into Evento (IDEvento, NombreLocalidad, IDDisciplina, DuracionMax, Precio, FechaEvento, Fase) values (5, 'Cancha de Biribol', 14, '24h', '$247.36', '21/08/2024', 1);
insert into Evento (IDEvento, NombreLocalidad, IDDisciplina, DuracionMax, Precio, FechaEvento, Fase) values (6, 'Cancha de Fútbol Sala', 118, '3h', '$56.52', '07/11/2023', 3);
insert into Evento (IDEvento, NombreLocalidad, IDDisciplina, DuracionMax, Precio, FechaEvento, Fase) values (7, 'Centro de Wing Chun', 122, '12h', '$186.40', '21/03/2024', 1);
insert into Evento (IDEvento, NombreLocalidad, IDDisciplina, DuracionMax, Precio, FechaEvento, Fase) values (8, 'Centro de Sumo', 32, '12h', '$5.88', '03/10/2024', 3);
insert into Evento (IDEvento, NombreLocalidad, IDDisciplina, DuracionMax, Precio, FechaEvento, Fase) values (9, 'Centro de Sambo', 129, '16h', '$48.83', '22/02/2024', 3);
insert into Evento (IDEvento, NombreLocalidad, IDDisciplina, DuracionMax, Precio, FechaEvento, Fase) values (10, 'Cancha de Futsal', 5, '6h', '$196.98', '22/02/2024', 1);
insert into Evento (IDEvento, NombreLocalidad, IDDisciplina, DuracionMax, Precio, FechaEvento, Fase) values (11, 'Campo de Croquet', 111, '24h', '$208.89', '21/09/2024', 3);
insert into Evento (IDEvento, NombreLocalidad, IDDisciplina, DuracionMax, Precio, FechaEvento, Fase) values (12, 'Centro de Aikido', 20, '9h', '$75.72', '06/02/2024', 3);
insert into Evento (IDEvento, NombreLocalidad, IDDisciplina, DuracionMax, Precio, FechaEvento, Fase) values (13, 'Cancha de Pickleball', 143, '3h', '$137.48', '21/02/2024', 2);
insert into Evento (IDEvento, NombreLocalidad, IDDisciplina, DuracionMax, Precio, FechaEvento, Fase) values (14, 'Pista de Ciclismo de Montaña', 36, '6h', '$140.55', '21/09/2024', 3);
insert into Evento (IDEvento, NombreLocalidad, IDDisciplina, DuracionMax, Precio, FechaEvento, Fase) values (15, 'Campo de Rugby', 89, '9h', '$68.69', '31/07/2024', 2);
insert into Evento (IDEvento, NombreLocalidad, IDDisciplina, DuracionMax, Precio, FechaEvento, Fase) values (16, 'Cancha de Futevolei', 3, '9h', '$48.67', '19/02/2024', 1);
insert into Evento (IDEvento, NombreLocalidad, IDDisciplina, DuracionMax, Precio, FechaEvento, Fase) values (17, 'Pista de Bobsleigh', 77, '3h', '$6.54', '22/10/2023', 3);
insert into Evento (IDEvento, NombreLocalidad, IDDisciplina, DuracionMax, Precio, FechaEvento, Fase) values (18, 'Cancha de Rounders', 107, '9h', '$175.43', '07/10/2024', 3);
insert into Evento (IDEvento, NombreLocalidad, IDDisciplina, DuracionMax, Precio, FechaEvento, Fase) values (19, 'Gimnasio Multideportivo', 126, '6h', '$18.61', '01/09/2024', 1);
insert into Evento (IDEvento, NombreLocalidad, IDDisciplina, DuracionMax, Precio, FechaEvento, Fase) values (20, 'Piscina Olímpica', 110, '16h', '$189.64', '27/03/2024', 3);
insert into Evento (IDEvento, NombreLocalidad, IDDisciplina, DuracionMax, Precio, FechaEvento, Fase) values (21, 'Cancha de Balonmano', 55, '9h', '$185.63', '28/09/2024', 1);
insert into Evento (IDEvento, NombreLocalidad, IDDisciplina, DuracionMax, Precio, FechaEvento, Fase) values (22, 'Centro de Kendo', 43, '8h', '$31.74', '17/10/2024', 3);
insert into Evento (IDEvento, NombreLocalidad, IDDisciplina, DuracionMax, Precio, FechaEvento, Fase) values (23, 'Pista de Patinaje de Descenso', 11, '12h', '$184.88', '21/08/2024', 2);
insert into Evento (IDEvento, NombreLocalidad, IDDisciplina, DuracionMax, Precio, FechaEvento, Fase) values (24, 'Campo de Polo', 129, '8h', '$139.34', '14/02/2024', 3);
insert into Evento (IDEvento, NombreLocalidad, IDDisciplina, DuracionMax, Precio, FechaEvento, Fase) values (25, 'Centro de Muay Thai', 4, '16h', '$218.45', '26/09/2024', 3);
insert into Evento (IDEvento, NombreLocalidad, IDDisciplina, DuracionMax, Precio, FechaEvento, Fase) values (26, 'Cancha de Jai Alai', 119, '8h', '$185.79', '09/04/2024', 3);
insert into Evento (IDEvento, NombreLocalidad, IDDisciplina, DuracionMax, Precio, FechaEvento, Fase) values (27, 'Pista de Snowboard', 64, '3h', '$111.02', '07/11/2023', 1);
insert into Evento (IDEvento, NombreLocalidad, IDDisciplina, DuracionMax, Precio, FechaEvento, Fase) values (28, 'Centro de Aikido', 107, '3h', '$185.30', '26/11/2023', 2);
insert into Evento (IDEvento, NombreLocalidad, IDDisciplina, DuracionMax, Precio, FechaEvento, Fase) values (29, 'Centro de Tiro Deportivo', 66, '12h', '$1.96', '11/07/2024', 3);
insert into Evento (IDEvento, NombreLocalidad, IDDisciplina, DuracionMax, Precio, FechaEvento, Fase) values (30, 'Campo de Atletismo', 36, '12h', '$78.23', '07/02/2024', 1);
insert into Evento (IDEvento, NombreLocalidad, IDDisciplina, DuracionMax, Precio, FechaEvento, Fase) values (31, 'Campo de Golf', 36, '9h', '$5.47', '29/11/2023', 3);
insert into Evento (IDEvento, NombreLocalidad, IDDisciplina, DuracionMax, Precio, FechaEvento, Fase) values (32, 'Campo de Gaelic Football', 135, '6h', '$115.38', '23/01/2024', 2);
insert into Evento (IDEvento, NombreLocalidad, IDDisciplina, DuracionMax, Precio, FechaEvento, Fase) values (33, 'Cancha de Pelota Mixteca', 52, '8h', '$33.73', '29/12/2023', 1);
insert into Evento (IDEvento, NombreLocalidad, IDDisciplina, DuracionMax, Precio, FechaEvento, Fase) values (34, 'Campo de Croquet', 131, '16h', '$233.93', '29/08/2024', 2);
insert into Evento (IDEvento, NombreLocalidad, IDDisciplina, DuracionMax, Precio, FechaEvento, Fase) values (35, 'Campo de Críquet', 138, '9h', '$20.39', '24/03/2024', 3);
insert into Evento (IDEvento, NombreLocalidad, IDDisciplina, DuracionMax, Precio, FechaEvento, Fase) values (36, 'Centro de Esgrima', 149, '12h', '$56.56', '28/04/2024', 1);
insert into Evento (IDEvento, NombreLocalidad, IDDisciplina, DuracionMax, Precio, FechaEvento, Fase) values (37, 'Cancha de Faustball', 88, '24h', '$115.86', '14/04/2024', 1);
insert into Evento (IDEvento, NombreLocalidad, IDDisciplina, DuracionMax, Precio, FechaEvento, Fase) values (38, 'Centro de Vela', 54, '9h', '$132.22', '07/02/2024', 1);
insert into Evento (IDEvento, NombreLocalidad, IDDisciplina, DuracionMax, Precio, FechaEvento, Fase) values (39, 'Campo de Rugby', 144, '8h', '$103.44', '01/08/2024', 2);
insert into Evento (IDEvento, NombreLocalidad, IDDisciplina, DuracionMax, Precio, FechaEvento, Fase) values (40, 'Pista de Esquí Alpino', 54, '9h', '$197.68', '30/05/2024', 3);
insert into Evento (IDEvento, NombreLocalidad, IDDisciplina, DuracionMax, Precio, FechaEvento, Fase) values (41, 'Campo de Gateball', 94, '12h', '$196.74', '01/10/2024', 3);
insert into Evento (IDEvento, NombreLocalidad, IDDisciplina, DuracionMax, Precio, FechaEvento, Fase) values (42, 'Pista de Snowboard Cross', 10, '6h', '$32.07', '16/12/2023', 1);
insert into Evento (IDEvento, NombreLocalidad, IDDisciplina, DuracionMax, Precio, FechaEvento, Fase) values (43, 'Campo de Polo Acuático', 122, '8h', '$74.99', '09/07/2024', 3);
insert into Evento (IDEvento, NombreLocalidad, IDDisciplina, DuracionMax, Precio, FechaEvento, Fase) values (44, 'Campo de Tiro al Plato', 64, '3h', '$9.97', '13/06/2024', 1);
insert into Evento (IDEvento, NombreLocalidad, IDDisciplina, DuracionMax, Precio, FechaEvento, Fase) values (45, 'Pista de Freestyle Skiing', 83, '9h', '$132.44', '11/03/2024', 3);
insert into Evento (IDEvento, NombreLocalidad, IDDisciplina, DuracionMax, Precio, FechaEvento, Fase) values (46, 'Centro Ecuestre', 90, '6h', '$238.10', '18/06/2024', 3);
insert into Evento (IDEvento, NombreLocalidad, IDDisciplina, DuracionMax, Precio, FechaEvento, Fase) values (47, 'Campo de Gateball', 13, '3h', '$81.23', '06/06/2024', 2);
insert into Evento (IDEvento, NombreLocalidad, IDDisciplina, DuracionMax, Precio, FechaEvento, Fase) values (48, 'Cancha de Sepak Takraw', 111, '6h', '$209.77', '10/07/2024', 3);
insert into Evento (IDEvento, NombreLocalidad, IDDisciplina, DuracionMax, Precio, FechaEvento, Fase) values (49, 'Campo de Golf', 77, '16h', '$3.72', '02/05/2024', 2);
insert into Evento (IDEvento, NombreLocalidad, IDDisciplina, DuracionMax, Precio, FechaEvento, Fase) values (50, 'Velódromo', 57, '6h', '$128.14', '07/09/2024', 1);
insert into Evento (IDEvento, NombreLocalidad, IDDisciplina, DuracionMax, Precio, FechaEvento, Fase) values (51, 'Pista de Ciclismo de Montaña', 117, '16h', '$166.38', '13/08/2024', 2);
insert into Evento (IDEvento, NombreLocalidad, IDDisciplina, DuracionMax, Precio, FechaEvento, Fase) values (52, 'Campo de Bossaball', 99, '8h', '$128.55', '16/07/2024', 3);
insert into Evento (IDEvento, NombreLocalidad, IDDisciplina, DuracionMax, Precio, FechaEvento, Fase) values (53, 'Pista de Saltos de Esquí', 130, '24h', '$159.94', '25/08/2024', 3);
insert into Evento (IDEvento, NombreLocalidad, IDDisciplina, DuracionMax, Precio, FechaEvento, Fase) values (54, 'Centro de Sambo', 113, '8h', '$67.32', '01/08/2024', 2);
insert into Evento (IDEvento, NombreLocalidad, IDDisciplina, DuracionMax, Precio, FechaEvento, Fase) values (55, 'Pista de Patinaje de Velocidad en Pista Corta', 41, '16h', '$141.71', '07/12/2023', 3);
insert into Evento (IDEvento, NombreLocalidad, IDDisciplina, DuracionMax, Precio, FechaEvento, Fase) values (56, 'Campo de Shinty', 64, '8h', '$142.59', '06/08/2024', 1);
insert into Evento (IDEvento, NombreLocalidad, IDDisciplina, DuracionMax, Precio, FechaEvento, Fase) values (57, 'Campo de Ultimate Frisbee', 10, '3h', '$129.04', '21/08/2024', 2);
insert into Evento (IDEvento, NombreLocalidad, IDDisciplina, DuracionMax, Precio, FechaEvento, Fase) values (58, 'Centro de Systema', 110, '3h', '$20.31', '17/08/2024', 3);
insert into Evento (IDEvento, NombreLocalidad, IDDisciplina, DuracionMax, Precio, FechaEvento, Fase) values (59, 'Cancha de Voleibol de Playa', 133, '8h', '$61.91', '12/03/2024', 3);
insert into Evento (IDEvento, NombreLocalidad, IDDisciplina, DuracionMax, Precio, FechaEvento, Fase) values (60, 'Campo de Calcio Storico', 118, '6h', '$195.27', '13/09/2024', 3);
insert into Evento (IDEvento, NombreLocalidad, IDDisciplina, DuracionMax, Precio, FechaEvento, Fase) values (61, 'Pista de Luge', 112, '24h', '$108.76', '12/09/2024', 3);
insert into Evento (IDEvento, NombreLocalidad, IDDisciplina, DuracionMax, Precio, FechaEvento, Fase) values (62, 'Campo de Ulama', 125, '3h', '$187.18', '18/11/2023', 3);
insert into Evento (IDEvento, NombreLocalidad, IDDisciplina, DuracionMax, Precio, FechaEvento, Fase) values (63, 'Campo de Polo Acuático', 38, '3h', '$6.61', '12/07/2024', 1);
insert into Evento (IDEvento, NombreLocalidad, IDDisciplina, DuracionMax, Precio, FechaEvento, Fase) values (64, 'Centro de Escalada', 95, '9h', '$104.31', '27/04/2024', 3);
insert into Evento (IDEvento, NombreLocalidad, IDDisciplina, DuracionMax, Precio, FechaEvento, Fase) values (65, 'Centro de Gimnasia Rítmica', 145, '12h', '$121.25', '23/03/2024', 1);
insert into Evento (IDEvento, NombreLocalidad, IDDisciplina, DuracionMax, Precio, FechaEvento, Fase) values (66, 'Campo de Ultimate Frisbee', 55, '16h', '$245.92', '24/03/2024', 1);
insert into Evento (IDEvento, NombreLocalidad, IDDisciplina, DuracionMax, Precio, FechaEvento, Fase) values (67, 'Centro de Gimnasia Rítmica', 16, '3h', '$72.87', '27/02/2024', 2);
insert into Evento (IDEvento, NombreLocalidad, IDDisciplina, DuracionMax, Precio, FechaEvento, Fase) values (68, 'Pista de Patinaje en Línea', 87, '3h', '$226.03', '22/02/2024', 2);
insert into Evento (IDEvento, NombreLocalidad, IDDisciplina, DuracionMax, Precio, FechaEvento, Fase) values (69, 'Pista de Curling', 32, '8h', '$52.75', '25/11/2023', 1);
insert into Evento (IDEvento, NombreLocalidad, IDDisciplina, DuracionMax, Precio, FechaEvento, Fase) values (70, 'Skatepark', 135, '3h', '$28.88', '08/10/2024', 2);
insert into Evento (IDEvento, NombreLocalidad, IDDisciplina, DuracionMax, Precio, FechaEvento, Fase) values (71, 'Cancha de Voleibol de Playa', 26, '12h', '$218.45', '14/08/2024', 1);
insert into Evento (IDEvento, NombreLocalidad, IDDisciplina, DuracionMax, Precio, FechaEvento, Fase) values (72, 'Velódromo', 56, '12h', '$186.22', '10/03/2024', 1);
insert into Evento (IDEvento, NombreLocalidad, IDDisciplina, DuracionMax, Precio, FechaEvento, Fase) values (73, 'Pista de Snowboard', 46, '24h', '$201.39', '03/03/2024', 2);
insert into Evento (IDEvento, NombreLocalidad, IDDisciplina, DuracionMax, Precio, FechaEvento, Fase) values (74, 'Cancha de Pádel', 11, '6h', '$1.47', '06/03/2024', 2);
insert into Evento (IDEvento, NombreLocalidad, IDDisciplina, DuracionMax, Precio, FechaEvento, Fase) values (75, 'Cancha de Fútbol Sala', 49, '9h', '$115.82', '06/07/2024', 2);
insert into Evento (IDEvento, NombreLocalidad, IDDisciplina, DuracionMax, Precio, FechaEvento, Fase) values (76, 'Pista de Skeleton', 110, '24h', '$139.36', '21/07/2024', 2);
insert into Evento (IDEvento, NombreLocalidad, IDDisciplina, DuracionMax, Precio, FechaEvento, Fase) values (77, 'Centro de Muay Thai', 147, '24h', '$143.78', '03/05/2024', 1);
insert into Evento (IDEvento, NombreLocalidad, IDDisciplina, DuracionMax, Precio, FechaEvento, Fase) values (78, 'Pista de Luge', 145, '16h', '$60.65', '15/12/2023', 2);
insert into Evento (IDEvento, NombreLocalidad, IDDisciplina, DuracionMax, Precio, FechaEvento, Fase) values (79, 'Campo de Fútbol Americano', 54, '6h', '$133.32', '21/04/2024', 3);
insert into Evento (IDEvento, NombreLocalidad, IDDisciplina, DuracionMax, Precio, FechaEvento, Fase) values (80, 'Campo de Hockey sobre Hierba', 147, '24h', '$200.57', '15/04/2024', 3);
insert into Evento (IDEvento, NombreLocalidad, IDDisciplina, DuracionMax, Precio, FechaEvento, Fase) values (81, 'Pista de Esquí de Fondo', 108, '6h', '$188.28', '05/11/2023', 2);
insert into Evento (IDEvento, NombreLocalidad, IDDisciplina, DuracionMax, Precio, FechaEvento, Fase) values (82, 'Campo de Fútbol Americano', 80, '24h', '$174.19', '24/01/2024', 1);
insert into Evento (IDEvento, NombreLocalidad, IDDisciplina, DuracionMax, Precio, FechaEvento, Fase) values (83, 'Centro de Vela', 117, '3h', '$94.16', '14/08/2024', 2);
insert into Evento (IDEvento, NombreLocalidad, IDDisciplina, DuracionMax, Precio, FechaEvento, Fase) values (84, 'Cancha de Jorkyball', 106, '9h', '$208.23', '19/02/2024', 3);
insert into Evento (IDEvento, NombreLocalidad, IDDisciplina, DuracionMax, Precio, FechaEvento, Fase) values (85, 'Cancha de Tchoukball', 74, '6h', '$29.65', '08/01/2024', 2);
insert into Evento (IDEvento, NombreLocalidad, IDDisciplina, DuracionMax, Precio, FechaEvento, Fase) values (86, 'Pista de Patinaje de Velocidad en Pista Corta', 59, '8h', '$174.92', '26/02/2024', 3);
insert into Evento (IDEvento, NombreLocalidad, IDDisciplina, DuracionMax, Precio, FechaEvento, Fase) values (87, 'Cancha de Futsal', 103, '16h', '$158.15', '07/04/2024', 1);
insert into Evento (IDEvento, NombreLocalidad, IDDisciplina, DuracionMax, Precio, FechaEvento, Fase) values (88, 'Campo de Calcio Storico', 49, '24h', '$71.04', '26/12/2023', 1);
insert into Evento (IDEvento, NombreLocalidad, IDDisciplina, DuracionMax, Precio, FechaEvento, Fase) values (89, 'Cancha de Netball', 81, '6h', '$90.53', '11/07/2024', 2);
insert into Evento (IDEvento, NombreLocalidad, IDDisciplina, DuracionMax, Precio, FechaEvento, Fase) values (90, 'Pista de Curling', 141, '6h', '$196.86', '27/07/2024', 2);
insert into Evento (IDEvento, NombreLocalidad, IDDisciplina, DuracionMax, Precio, FechaEvento, Fase) values (91, 'Cancha de Rounders', 26, '24h', '$190.36', '02/08/2024', 2);
insert into Evento (IDEvento, NombreLocalidad, IDDisciplina, DuracionMax, Precio, FechaEvento, Fase) values (92, 'Campo de Lacrosse', 22, '24h', '$228.15', '16/11/2023', 1);
insert into Evento (IDEvento, NombreLocalidad, IDDisciplina, DuracionMax, Precio, FechaEvento, Fase) values (93, 'Cancha de Tamburello', 17, '24h', '$4.20', '10/01/2024', 2);
insert into Evento (IDEvento, NombreLocalidad, IDDisciplina, DuracionMax, Precio, FechaEvento, Fase) values (94, 'Pista de Skeleton', 111, '12h', '$12.88', '17/09/2024', 3);
insert into Evento (IDEvento, NombreLocalidad, IDDisciplina, DuracionMax, Precio, FechaEvento, Fase) values (95, 'Pista de Skeleton', 134, '6h', '$87.52', '13/01/2024', 1);
insert into Evento (IDEvento, NombreLocalidad, IDDisciplina, DuracionMax, Precio, FechaEvento, Fase) values (96, 'Campo de Béisbol', 43, '8h', '$151.85', '22/08/2024', 2);
insert into Evento (IDEvento, NombreLocalidad, IDDisciplina, DuracionMax, Precio, FechaEvento, Fase) values (97, 'Cancha de Goalball', 139, '3h', '$125.97', '29/07/2024', 1);
insert into Evento (IDEvento, NombreLocalidad, IDDisciplina, DuracionMax, Precio, FechaEvento, Fase) values (98, 'Cancha de Biribol', 25, '12h', '$180.71', '19/04/2024', 2);
insert into Evento (IDEvento, NombreLocalidad, IDDisciplina, DuracionMax, Precio, FechaEvento, Fase) values (99, 'Cancha de Voleibol de Playa', 76, '24h', '$161.09', '15/12/2023', 2);
insert into Evento (IDEvento, NombreLocalidad, IDDisciplina, DuracionMax, Precio, FechaEvento, Fase) values (100, 'Cancha de Racquetball', 142, '9h', '$67.73', '16/02/2024', 2);
insert into Evento (IDEvento, NombreLocalidad, IDDisciplina, DuracionMax, Precio, FechaEvento, Fase) values (101, 'Pista de Esquí de Fondo', 143, '6h', '$183.51', '10/02/2024', 1);
insert into Evento (IDEvento, NombreLocalidad, IDDisciplina, DuracionMax, Precio, FechaEvento, Fase) values (102, 'Cancha de Pádel', 111, '9h', '$248.53', '09/04/2024', 1);
insert into Evento (IDEvento, NombreLocalidad, IDDisciplina, DuracionMax, Precio, FechaEvento, Fase) values (103, 'Pista de Snowboard', 91, '8h', '$184.86', '30/04/2024', 2);
insert into Evento (IDEvento, NombreLocalidad, IDDisciplina, DuracionMax, Precio, FechaEvento, Fase) values (104, 'Campo de Volata', 141, '3h', '$242.13', '15/02/2024', 3);
insert into Evento (IDEvento, NombreLocalidad, IDDisciplina, DuracionMax, Precio, FechaEvento, Fase) values (105, 'Campo de Quidditch', 39, '24h', '$140.02', '18/08/2024', 3);
insert into Evento (IDEvento, NombreLocalidad, IDDisciplina, DuracionMax, Precio, FechaEvento, Fase) values (106, 'Centro de Karate', 86, '24h', '$75.24', '16/10/2024', 2);
insert into Evento (IDEvento, NombreLocalidad, IDDisciplina, DuracionMax, Precio, FechaEvento, Fase) values (107, 'Pista de Aeróbic', 116, '16h', '$147.99', '29/12/2023', 2);
insert into Evento (IDEvento, NombreLocalidad, IDDisciplina, DuracionMax, Precio, FechaEvento, Fase) values (108, 'Pista de Esquí de Fondo', 60, '8h', '$98.27', '31/05/2024', 2);
insert into Evento (IDEvento, NombreLocalidad, IDDisciplina, DuracionMax, Precio, FechaEvento, Fase) values (109, 'Cancha de Netball', 61, '24h', '$187.81', '20/03/2024', 1);
insert into Evento (IDEvento, NombreLocalidad, IDDisciplina, DuracionMax, Precio, FechaEvento, Fase) values (110, 'Cancha de Padbol', 142, '9h', '$159.29', '13/03/2024', 3);
insert into Evento (IDEvento, NombreLocalidad, IDDisciplina, DuracionMax, Precio, FechaEvento, Fase) values (111, 'Centro de Kendo', 122, '8h', '$193.28', '17/12/2023', 2);
insert into Evento (IDEvento, NombreLocalidad, IDDisciplina, DuracionMax, Precio, FechaEvento, Fase) values (112, 'Cancha de Jorkyball', 84, '3h', '$116.11', '04/11/2023', 2);
insert into Evento (IDEvento, NombreLocalidad, IDDisciplina, DuracionMax, Precio, FechaEvento, Fase) values (113, 'Centro de Kung Fu', 44, '6h', '$1.31', '01/01/2024', 1);
insert into Evento (IDEvento, NombreLocalidad, IDDisciplina, DuracionMax, Precio, FechaEvento, Fase) values (114, 'Cancha de Jai Alai', 134, '12h', '$75.82', '22/12/2023', 3);
insert into Evento (IDEvento, NombreLocalidad, IDDisciplina, DuracionMax, Precio, FechaEvento, Fase) values (115, 'Pista de Esquí Acuático', 131, '16h', '$99.98', '27/07/2024', 2);
insert into Evento (IDEvento, NombreLocalidad, IDDisciplina, DuracionMax, Precio, FechaEvento, Fase) values (116, 'Campo de Atletismo', 80, '9h', '$213.07', '06/03/2024', 1);
insert into Evento (IDEvento, NombreLocalidad, IDDisciplina, DuracionMax, Precio, FechaEvento, Fase) values (117, 'Skatepark', 146, '24h', '$74.48', '08/06/2024', 3);
insert into Evento (IDEvento, NombreLocalidad, IDDisciplina, DuracionMax, Precio, FechaEvento, Fase) values (118, 'Skatepark', 74, '8h', '$36.29', '11/11/2023', 1);
insert into Evento (IDEvento, NombreLocalidad, IDDisciplina, DuracionMax, Precio, FechaEvento, Fase) values (119, 'Cancha de Fútbol Sala', 102, '12h', '$228.45', '15/12/2023', 1);
insert into Evento (IDEvento, NombreLocalidad, IDDisciplina, DuracionMax, Precio, FechaEvento, Fase) values (120, 'Cancha de Pelota Vasca', 2, '9h', '$186.14', '17/11/2023', 3);
insert into Evento (IDEvento, NombreLocalidad, IDDisciplina, DuracionMax, Precio, FechaEvento, Fase) values (121, 'Cancha de Pickleball', 136, '6h', '$3.56', '18/02/2024', 2);
insert into Evento (IDEvento, NombreLocalidad, IDDisciplina, DuracionMax, Precio, FechaEvento, Fase) values (122, 'Campo de Rugby', 141, '3h', '$150.16', '01/07/2024', 3);
insert into Evento (IDEvento, NombreLocalidad, IDDisciplina, DuracionMax, Precio, FechaEvento, Fase) values (123, 'Campo de Croquet', 17, '24h', '$236.70', '16/02/2024', 2);
insert into Evento (IDEvento, NombreLocalidad, IDDisciplina, DuracionMax, Precio, FechaEvento, Fase) values (124, 'Centro de Sumo', 80, '12h', '$164.62', '01/11/2023', 2);
insert into Evento (IDEvento, NombreLocalidad, IDDisciplina, DuracionMax, Precio, FechaEvento, Fase) values (125, 'Campo de Rugby', 85, '24h', '$163.37', '17/12/2023', 2);
insert into Evento (IDEvento, NombreLocalidad, IDDisciplina, DuracionMax, Precio, FechaEvento, Fase) values (126, 'Campo de Calcio Storico', 42, '6h', '$6.52', '17/12/2023', 3);
insert into Evento (IDEvento, NombreLocalidad, IDDisciplina, DuracionMax, Precio, FechaEvento, Fase) values (127, 'Centro de Tiro Deportivo', 99, '24h', '$4.91', '29/08/2024', 2);
insert into Evento (IDEvento, NombreLocalidad, IDDisciplina, DuracionMax, Precio, FechaEvento, Fase) values (128, 'Centro de Jiu-Jitsu', 55, '24h', '$246.31', '28/06/2024', 2);
insert into Evento (IDEvento, NombreLocalidad, IDDisciplina, DuracionMax, Precio, FechaEvento, Fase) values (129, 'Pista de Saltos de Esquí', 34, '9h', '$235.95', '09/05/2024', 3);
insert into Evento (IDEvento, NombreLocalidad, IDDisciplina, DuracionMax, Precio, FechaEvento, Fase) values (130, 'Campo de Tiro con Arco', 79, '16h', '$187.04', '13/11/2023', 2);
insert into Evento (IDEvento, NombreLocalidad, IDDisciplina, DuracionMax, Precio, FechaEvento, Fase) values (131, 'Campo de Calcio Storico', 12, '16h', '$172.86', '31/10/2023', 2);
insert into Evento (IDEvento, NombreLocalidad, IDDisciplina, DuracionMax, Precio, FechaEvento, Fase) values (132, 'Campo de Kabaddi', 47, '24h', '$241.21', '20/05/2024', 1);
insert into Evento (IDEvento, NombreLocalidad, IDDisciplina, DuracionMax, Precio, FechaEvento, Fase) values (133, 'Centro de Jiu-Jitsu', 67, '9h', '$22.85', '04/08/2024', 3);
insert into Evento (IDEvento, NombreLocalidad, IDDisciplina, DuracionMax, Precio, FechaEvento, Fase) values (134, 'Campo de Bossaball', 15, '24h', '$52.14', '02/06/2024', 1);
insert into Evento (IDEvento, NombreLocalidad, IDDisciplina, DuracionMax, Precio, FechaEvento, Fase) values (135, 'Campo de Pato', 60, '3h', '$49.29', '19/06/2024', 3);
insert into Evento (IDEvento, NombreLocalidad, IDDisciplina, DuracionMax, Precio, FechaEvento, Fase) values (136, 'Centro de Esgrima', 59, '6h', '$238.57', '29/12/2023', 2);
insert into Evento (IDEvento, NombreLocalidad, IDDisciplina, DuracionMax, Precio, FechaEvento, Fase) values (137, 'Pista de Slalom', 73, '24h', '$138.27', '22/08/2024', 3);
insert into Evento (IDEvento, NombreLocalidad, IDDisciplina, DuracionMax, Precio, FechaEvento, Fase) values (138, 'Pista de Luge', 135, '24h', '$242.17', '28/11/2023', 3);
insert into Evento (IDEvento, NombreLocalidad, IDDisciplina, DuracionMax, Precio, FechaEvento, Fase) values (139, 'Cancha de Futevolei', 88, '8h', '$7.96', '17/08/2024', 3);
insert into Evento (IDEvento, NombreLocalidad, IDDisciplina, DuracionMax, Precio, FechaEvento, Fase) values (140, 'Cancha de Fútbol Sala', 81, '9h', '$127.84', '06/03/2024', 2);
insert into Evento (IDEvento, NombreLocalidad, IDDisciplina, DuracionMax, Precio, FechaEvento, Fase) values (141, 'Cancha de Pelota Purépecha', 104, '3h', '$133.50', '05/12/2023', 3);
insert into Evento (IDEvento, NombreLocalidad, IDDisciplina, DuracionMax, Precio, FechaEvento, Fase) values (142, 'Campo de Croquet', 34, '9h', '$87.39', '22/03/2024', 1);
insert into Evento (IDEvento, NombreLocalidad, IDDisciplina, DuracionMax, Precio, FechaEvento, Fase) values (143, 'Skatepark', 29, '12h', '$45.01', '17/09/2024', 1);
insert into Evento (IDEvento, NombreLocalidad, IDDisciplina, DuracionMax, Precio, FechaEvento, Fase) values (144, 'Cancha de Biribol', 73, '12h', '$227.26', '05/12/2023', 2);
insert into Evento (IDEvento, NombreLocalidad, IDDisciplina, DuracionMax, Precio, FechaEvento, Fase) values (145, 'Cancha de Footvolley', 135, '9h', '$12.60', '28/08/2024', 3);
insert into Evento (IDEvento, NombreLocalidad, IDDisciplina, DuracionMax, Precio, FechaEvento, Fase) values (146, 'Centro de Taekwondo', 25, '12h', '$249.70', '31/05/2024', 1);
insert into Evento (IDEvento, NombreLocalidad, IDDisciplina, DuracionMax, Precio, FechaEvento, Fase) values (147, 'Campo de Hurling', 107, '16h', '$189.53', '25/03/2024', 2);
insert into Evento (IDEvento, NombreLocalidad, IDDisciplina, DuracionMax, Precio, FechaEvento, Fase) values (148, 'Pista de Freestyle Skiing', 92, '8h', '$39.08', '01/05/2024', 1);
insert into Evento (IDEvento, NombreLocalidad, IDDisciplina, DuracionMax, Precio, FechaEvento, Fase) values (149, 'Centro Ecuestre', 22, '3h', '$12.21', '15/01/2024', 3);
insert into Evento (IDEvento, NombreLocalidad, IDDisciplina, DuracionMax, Precio, FechaEvento, Fase) values (150, 'Skatepark', 94, '12h', '$12.51', '14/09/2024', 1);

-- Tuplas para Entrenador 

insert into Entrenador (IDEntrenador, IDDisciplina, Nombre, PrimerApellido, SegundoApellido, FechaNacimiento, Nacionalidad, Genero) values (1, 85, 'Pooh', 'Radborn', 'Ert', '09/04/1994', 'Danesa', 'Masculino');
insert into Entrenador (IDEntrenador, IDDisciplina, Nombre, PrimerApellido, SegundoApellido, FechaNacimiento, Nacionalidad, Genero) values (2, 120, 'Margalo', 'Eliet', 'Fawdry', '08/05/1978', 'Colombiana', 'No binario');
insert into Entrenador (IDEntrenador, IDDisciplina, Nombre, PrimerApellido, SegundoApellido, FechaNacimiento, Nacionalidad, Genero) values (3, 54, 'April', 'Dewis', 'Duchatel', '24/11/1989', 'Suiza', 'Masculino');
insert into Entrenador (IDEntrenador, IDDisciplina, Nombre, PrimerApellido, SegundoApellido, FechaNacimiento, Nacionalidad, Genero) values (4, 78, 'Deina', 'Edgcumbe', 'Ballintime', '08/11/1971', 'Uzbeka', 'Femenino');
insert into Entrenador (IDEntrenador, IDDisciplina, Nombre, PrimerApellido, SegundoApellido, FechaNacimiento, Nacionalidad, Genero) values (5, 75, 'Georgeta', 'Dinjes', 'Saylor', '19/12/1982', 'Colombiana', 'Femenino');
insert into Entrenador (IDEntrenador, IDDisciplina, Nombre, PrimerApellido, SegundoApellido, FechaNacimiento, Nacionalidad, Genero) values (6, 50, 'Reinold', 'Stobart', 'Doleman', '25/08/1990', 'Turca', 'Masculino');
insert into Entrenador (IDEntrenador, IDDisciplina, Nombre, PrimerApellido, SegundoApellido, FechaNacimiento, Nacionalidad, Genero) values (7, 12, 'Donovan', 'Garrick', 'Chaikovski', '11/08/1972', 'Tailandesa', 'Masculino');
insert into Entrenador (IDEntrenador, IDDisciplina, Nombre, PrimerApellido, SegundoApellido, FechaNacimiento, Nacionalidad, Genero) values (8, 121, 'Andrej', 'Ccomini', 'Barnish', '16/01/1979', 'Francesa', 'Masculino');
insert into Entrenador (IDEntrenador, IDDisciplina, Nombre, PrimerApellido, SegundoApellido, FechaNacimiento, Nacionalidad, Genero) values (9, 21, 'Erina', 'Vassar', 'Sokell', '25/12/1971', 'Israelí', 'Masculino');
insert into Entrenador (IDEntrenador, IDDisciplina, Nombre, PrimerApellido, SegundoApellido, FechaNacimiento, Nacionalidad, Genero) values (10, 63, 'Milty', 'King', 'Jambrozek', '19/06/1984', 'Austriaca', 'Masculino');
insert into Entrenador (IDEntrenador, IDDisciplina, Nombre, PrimerApellido, SegundoApellido, FechaNacimiento, Nacionalidad, Genero) values (11, 95, 'Agna', 'Sauter', 'O''Carran', '22/02/1990', 'Kazaja', 'No binario');
insert into Entrenador (IDEntrenador, IDDisciplina, Nombre, PrimerApellido, SegundoApellido, FechaNacimiento, Nacionalidad, Genero) values (12, 12, 'Leanna', 'Borel', 'Hanigan', '20/01/1988', 'Peruana', 'Femenino');
insert into Entrenador (IDEntrenador, IDDisciplina, Nombre, PrimerApellido, SegundoApellido, FechaNacimiento, Nacionalidad, Genero) values (13, 53, 'Wendeline', 'Lamperti', 'Lakeland', '30/10/1977', 'Filipina', 'Masculino');
insert into Entrenador (IDEntrenador, IDDisciplina, Nombre, PrimerApellido, SegundoApellido, FechaNacimiento, Nacionalidad, Genero) values (14, 73, 'Selby', 'Goldin', 'Deniscke', '27/01/1982', 'Armenia', 'Femenino');
insert into Entrenador (IDEntrenador, IDDisciplina, Nombre, PrimerApellido, SegundoApellido, FechaNacimiento, Nacionalidad, Genero) values (15, 28, 'Basilio', 'Meader', 'Franklen', '04/04/1994', 'Estadounidense', 'No binario');
insert into Entrenador (IDEntrenador, IDDisciplina, Nombre, PrimerApellido, SegundoApellido, FechaNacimiento, Nacionalidad, Genero) values (16, 23, 'Constantina', 'Brellin', 'Brogioni', '04/11/1990', 'Nigeriana', 'No binario');
insert into Entrenador (IDEntrenador, IDDisciplina, Nombre, PrimerApellido, SegundoApellido, FechaNacimiento, Nacionalidad, Genero) values (17, 9, 'Anton', 'Scougall', 'Rabbitt', '18/10/1973', 'Vietnamita', 'Femenino');
insert into Entrenador (IDEntrenador, IDDisciplina, Nombre, PrimerApellido, SegundoApellido, FechaNacimiento, Nacionalidad, Genero) values (18, 136, 'Kareem', 'Adlam', 'Kryska', '01/04/1984', 'Japonesa', 'Femenino');
insert into Entrenador (IDEntrenador, IDDisciplina, Nombre, PrimerApellido, SegundoApellido, FechaNacimiento, Nacionalidad, Genero) values (19, 84, 'Timmie', 'Carren', 'Kellough', '13/12/1980', 'Iraní', 'Femenino');
insert into Entrenador (IDEntrenador, IDDisciplina, Nombre, PrimerApellido, SegundoApellido, FechaNacimiento, Nacionalidad, Genero) values (20, 97, 'Jaye', 'Bredee', 'Grishanin', '03/12/1978', 'Peruana', 'Femenino');
insert into Entrenador (IDEntrenador, IDDisciplina, Nombre, PrimerApellido, SegundoApellido, FechaNacimiento, Nacionalidad, Genero) values (21, 92, 'Erhart', 'Hullyer', 'Clout', '11/08/1983', 'Neozelandesa', 'No binario');
insert into Entrenador (IDEntrenador, IDDisciplina, Nombre, PrimerApellido, SegundoApellido, FechaNacimiento, Nacionalidad, Genero) values (22, 3, 'Pauly', 'Upston', 'Daveran', '24/05/1976', 'Tailandesa', 'No binario');
insert into Entrenador (IDEntrenador, IDDisciplina, Nombre, PrimerApellido, SegundoApellido, FechaNacimiento, Nacionalidad, Genero) values (23, 70, 'Jackie', 'Cannell', 'Bottoner', '04/11/1976', 'Senegalesa', 'Femenino');
insert into Entrenador (IDEntrenador, IDDisciplina, Nombre, PrimerApellido, SegundoApellido, FechaNacimiento, Nacionalidad, Genero) values (24, 43, 'Regina', 'Mieville', 'Benterman', '12/03/1988', 'Polaca', 'Femenino');
insert into Entrenador (IDEntrenador, IDDisciplina, Nombre, PrimerApellido, SegundoApellido, FechaNacimiento, Nacionalidad, Genero) values (25, 55, 'Becki', 'Longworth', 'Connock', '06/01/1986', 'China', 'Masculino');
insert into Entrenador (IDEntrenador, IDDisciplina, Nombre, PrimerApellido, SegundoApellido, FechaNacimiento, Nacionalidad, Genero) values (26, 126, 'Lem', 'Sowerbutts', 'Ablett', '23/10/1986', 'Mexicana', 'Femenino');
insert into Entrenador (IDEntrenador, IDDisciplina, Nombre, PrimerApellido, SegundoApellido, FechaNacimiento, Nacionalidad, Genero) values (27, 82, 'Spence', 'Feron', 'Thompstone', '12/09/1974', 'Chilena', 'Masculino');
insert into Entrenador (IDEntrenador, IDDisciplina, Nombre, PrimerApellido, SegundoApellido, FechaNacimiento, Nacionalidad, Genero) values (28, 87, 'Yorker', 'Naulty', 'Wortley', '01/07/1982', 'Nigeriana', 'No binario');
insert into Entrenador (IDEntrenador, IDDisciplina, Nombre, PrimerApellido, SegundoApellido, FechaNacimiento, Nacionalidad, Genero) values (29, 120, 'Isobel', 'Crix', 'Patriskson', '28/12/1990', 'Tailandesa', 'No binario');
insert into Entrenador (IDEntrenador, IDDisciplina, Nombre, PrimerApellido, SegundoApellido, FechaNacimiento, Nacionalidad, Genero) values (30, 79, 'Jennee', 'Gass', 'Sucre', '25/09/1975', 'Húngara', 'Masculino');
insert into Entrenador (IDEntrenador, IDDisciplina, Nombre, PrimerApellido, SegundoApellido, FechaNacimiento, Nacionalidad, Genero) values (31, 43, 'Cash', 'Matias', 'Arnaldy', '09/09/1975', 'Danesa', 'Masculino');
insert into Entrenador (IDEntrenador, IDDisciplina, Nombre, PrimerApellido, SegundoApellido, FechaNacimiento, Nacionalidad, Genero) values (32, 117, 'Morry', 'Kerkham', 'Pollen', '06/10/1984', 'Finlandesa', 'No binario');
insert into Entrenador (IDEntrenador, IDDisciplina, Nombre, PrimerApellido, SegundoApellido, FechaNacimiento, Nacionalidad, Genero) values (33, 18, 'Henrieta', 'Ruilton', 'Rake', '19/11/1992', 'Brasileña', 'No binario');
insert into Entrenador (IDEntrenador, IDDisciplina, Nombre, PrimerApellido, SegundoApellido, FechaNacimiento, Nacionalidad, Genero) values (34, 16, 'Trixie', 'Please', 'Raoult', '02/05/1994', 'Libanesa', 'Femenino');
insert into Entrenador (IDEntrenador, IDDisciplina, Nombre, PrimerApellido, SegundoApellido, FechaNacimiento, Nacionalidad, Genero) values (35, 100, 'Alard', 'Hindenberger', 'Doughton', '21/09/1983', 'Checa', 'No binario');
insert into Entrenador (IDEntrenador, IDDisciplina, Nombre, PrimerApellido, SegundoApellido, FechaNacimiento, Nacionalidad, Genero) values (36, 16, 'Gwenora', 'Cardoso', 'Charville', '10/06/1970', 'Checa', 'Femenino');
insert into Entrenador (IDEntrenador, IDDisciplina, Nombre, PrimerApellido, SegundoApellido, FechaNacimiento, Nacionalidad, Genero) values (37, 73, 'Haroun', 'Douberday', 'Hamsson', '28/02/1984', 'Holandesa', 'Femenino');
insert into Entrenador (IDEntrenador, IDDisciplina, Nombre, PrimerApellido, SegundoApellido, FechaNacimiento, Nacionalidad, Genero) values (38, 9, 'Bendite', 'Restorick', 'Cowie', '22/09/1982', 'Tailandesa', 'No binario');
insert into Entrenador (IDEntrenador, IDDisciplina, Nombre, PrimerApellido, SegundoApellido, FechaNacimiento, Nacionalidad, Genero) values (39, 72, 'Bunnie', 'Graveson', 'MacKay', '21/06/1984', 'Iraquí', 'Femenino');
insert into Entrenador (IDEntrenador, IDDisciplina, Nombre, PrimerApellido, SegundoApellido, FechaNacimiento, Nacionalidad, Genero) values (40, 6, 'Dilly', 'Heatherington', 'Tidgewell', '23/11/1978', 'Iraní', 'Femenino');
insert into Entrenador (IDEntrenador, IDDisciplina, Nombre, PrimerApellido, SegundoApellido, FechaNacimiento, Nacionalidad, Genero) values (41, 129, 'Sandor', 'McArley', 'Muddle', '20/01/1975', 'Rusa', 'No binario');
insert into Entrenador (IDEntrenador, IDDisciplina, Nombre, PrimerApellido, SegundoApellido, FechaNacimiento, Nacionalidad, Genero) values (42, 134, 'Willow', 'Burchett', 'Blackford', '28/07/1971', 'Libanesa', 'Femenino');
insert into Entrenador (IDEntrenador, IDDisciplina, Nombre, PrimerApellido, SegundoApellido, FechaNacimiento, Nacionalidad, Genero) values (43, 108, 'Rutter', 'Biaggelli', 'Mourge', '11/10/1977', 'Keniata', 'No binario');
insert into Entrenador (IDEntrenador, IDDisciplina, Nombre, PrimerApellido, SegundoApellido, FechaNacimiento, Nacionalidad, Genero) values (44, 13, 'Luce', 'Hillhouse', 'Cullotey', '15/07/1989', 'Camerunesa', 'No binario');
insert into Entrenador (IDEntrenador, IDDisciplina, Nombre, PrimerApellido, SegundoApellido, FechaNacimiento, Nacionalidad, Genero) values (45, 136, 'Rutledge', 'McGilbon', 'Agnolo', '07/11/1990', 'Peruana', 'No binario');
insert into Entrenador (IDEntrenador, IDDisciplina, Nombre, PrimerApellido, SegundoApellido, FechaNacimiento, Nacionalidad, Genero) values (46, 39, 'Craig', 'Ventam', 'Lanigan', '17/04/1993', 'Austriaca', 'Masculino');
insert into Entrenador (IDEntrenador, IDDisciplina, Nombre, PrimerApellido, SegundoApellido, FechaNacimiento, Nacionalidad, Genero) values (47, 13, 'Daisie', 'Mahaddie', 'Ianson', '27/06/1995', 'Nigeriana', 'Masculino');
insert into Entrenador (IDEntrenador, IDDisciplina, Nombre, PrimerApellido, SegundoApellido, FechaNacimiento, Nacionalidad, Genero) values (48, 67, 'Joycelin', 'Ropp', 'Mattsson', '05/02/1986', 'Rusa', 'No binario');
insert into Entrenador (IDEntrenador, IDDisciplina, Nombre, PrimerApellido, SegundoApellido, FechaNacimiento, Nacionalidad, Genero) values (49, 6, 'Shaughn', 'Thaxton', 'Beushaw', '10/01/1991', 'Indonesia', 'Masculino');
insert into Entrenador (IDEntrenador, IDDisciplina, Nombre, PrimerApellido, SegundoApellido, FechaNacimiento, Nacionalidad, Genero) values (50, 86, 'Wilfrid', 'Gethen', 'Romer', '10/07/1983', 'Georgiana', 'Masculino');
insert into Entrenador (IDEntrenador, IDDisciplina, Nombre, PrimerApellido, SegundoApellido, FechaNacimiento, Nacionalidad, Genero) values (51, 36, 'Aigneis', 'Carwithan', 'Sollime', '23/10/1972', 'Italiana', 'No binario');
insert into Entrenador (IDEntrenador, IDDisciplina, Nombre, PrimerApellido, SegundoApellido, FechaNacimiento, Nacionalidad, Genero) values (52, 113, 'Korney', 'Gremane', 'Brundell', '13/04/1976', 'Británica', 'Femenino');
insert into Entrenador (IDEntrenador, IDDisciplina, Nombre, PrimerApellido, SegundoApellido, FechaNacimiento, Nacionalidad, Genero) values (53, 121, 'Aurie', 'Smythe', 'Wardroper', '07/05/1995', 'Malasia', 'Femenino');
insert into Entrenador (IDEntrenador, IDDisciplina, Nombre, PrimerApellido, SegundoApellido, FechaNacimiento, Nacionalidad, Genero) values (54, 91, 'Rolf', 'Rudsdell', 'Ben', '19/07/1988', 'Sueca', 'Masculino');
insert into Entrenador (IDEntrenador, IDDisciplina, Nombre, PrimerApellido, SegundoApellido, FechaNacimiento, Nacionalidad, Genero) values (55, 111, 'Corinna', 'Poundsford', 'Frangello', '01/05/1995', 'Japonesa', 'Masculino');
insert into Entrenador (IDEntrenador, IDDisciplina, Nombre, PrimerApellido, SegundoApellido, FechaNacimiento, Nacionalidad, Genero) values (56, 145, 'Wilhelmine', 'Guly', 'Heatherington', '10/09/1970', 'Indonesia', 'Masculino');
insert into Entrenador (IDEntrenador, IDDisciplina, Nombre, PrimerApellido, SegundoApellido, FechaNacimiento, Nacionalidad, Genero) values (57, 3, 'Vergil', 'Flatte', 'Baselli', '16/10/1975', 'Canadiense', 'Femenino');
insert into Entrenador (IDEntrenador, IDDisciplina, Nombre, PrimerApellido, SegundoApellido, FechaNacimiento, Nacionalidad, Genero) values (58, 3, 'Fanchette', 'Maciejak', 'Biddleston', '26/01/1989', 'Estadounidense', 'Masculino');
insert into Entrenador (IDEntrenador, IDDisciplina, Nombre, PrimerApellido, SegundoApellido, FechaNacimiento, Nacionalidad, Genero) values (59, 58, 'Horatia', 'Challace', 'Cockroft', '25/12/1977', 'Polaca', 'Masculino');
insert into Entrenador (IDEntrenador, IDDisciplina, Nombre, PrimerApellido, SegundoApellido, FechaNacimiento, Nacionalidad, Genero) values (60, 150, 'Lolita', 'Girdler', 'Bolf', '29/05/1994', 'Iraquí', 'No binario');
insert into Entrenador (IDEntrenador, IDDisciplina, Nombre, PrimerApellido, SegundoApellido, FechaNacimiento, Nacionalidad, Genero) values (61, 48, 'Constantia', 'Dunnett', 'Fevers', '28/07/1992', 'Finlandesa', 'Femenino');
insert into Entrenador (IDEntrenador, IDDisciplina, Nombre, PrimerApellido, SegundoApellido, FechaNacimiento, Nacionalidad, Genero) values (62, 100, 'Gianina', 'Coopland', 'Dacks', '05/04/1970', 'Tailandesa', 'No binario');
insert into Entrenador (IDEntrenador, IDDisciplina, Nombre, PrimerApellido, SegundoApellido, FechaNacimiento, Nacionalidad, Genero) values (63, 110, 'Craggie', 'Huguenet', 'Bimrose', '14/12/1977', 'Indonesia', 'No binario');
insert into Entrenador (IDEntrenador, IDDisciplina, Nombre, PrimerApellido, SegundoApellido, FechaNacimiento, Nacionalidad, Genero) values (64, 4, 'Carmon', 'Cronin', 'Angrave', '09/07/1992', 'Estadounidense', 'Masculino');
insert into Entrenador (IDEntrenador, IDDisciplina, Nombre, PrimerApellido, SegundoApellido, FechaNacimiento, Nacionalidad, Genero) values (65, 99, 'Delmore', 'Nystrom', 'Beart', '22/07/1982', 'Indonesia', 'Masculino');
insert into Entrenador (IDEntrenador, IDDisciplina, Nombre, PrimerApellido, SegundoApellido, FechaNacimiento, Nacionalidad, Genero) values (66, 62, 'Vin', 'Dallimare', 'Cumberland', '07/11/1971', 'Española', 'Masculino');
insert into Entrenador (IDEntrenador, IDDisciplina, Nombre, PrimerApellido, SegundoApellido, FechaNacimiento, Nacionalidad, Genero) values (67, 9, 'Teodorico', 'Auten', 'Kondratyuk', '16/08/1991', 'Etíope', 'Masculino');
insert into Entrenador (IDEntrenador, IDDisciplina, Nombre, PrimerApellido, SegundoApellido, FechaNacimiento, Nacionalidad, Genero) values (68, 64, 'Valenka', 'Cana', 'Temprell', '07/06/1987', 'Estadounidense', 'Femenino');
insert into Entrenador (IDEntrenador, IDDisciplina, Nombre, PrimerApellido, SegundoApellido, FechaNacimiento, Nacionalidad, Genero) values (69, 85, 'Bartie', 'Novacek', 'Ferrarone', '13/12/1981', 'Senegalesa', 'Masculino');
insert into Entrenador (IDEntrenador, IDDisciplina, Nombre, PrimerApellido, SegundoApellido, FechaNacimiento, Nacionalidad, Genero) values (70, 75, 'Wittie', 'Oak', 'Saltsberger', '29/05/1984', 'Finlandesa', 'Masculino');
insert into Entrenador (IDEntrenador, IDDisciplina, Nombre, PrimerApellido, SegundoApellido, FechaNacimiento, Nacionalidad, Genero) values (71, 146, 'Marthena', 'McElwee', 'Heenan', '01/11/1983', 'Camerunesa', 'No binario');
insert into Entrenador (IDEntrenador, IDDisciplina, Nombre, PrimerApellido, SegundoApellido, FechaNacimiento, Nacionalidad, Genero) values (72, 80, 'Minette', 'Callaway', 'Cremins', '17/01/1975', 'Chilena', 'Masculino');
insert into Entrenador (IDEntrenador, IDDisciplina, Nombre, PrimerApellido, SegundoApellido, FechaNacimiento, Nacionalidad, Genero) values (73, 28, 'Gertrud', 'Bysh', 'Hallgalley', '17/07/1984', 'Indonesia', 'Femenino');
insert into Entrenador (IDEntrenador, IDDisciplina, Nombre, PrimerApellido, SegundoApellido, FechaNacimiento, Nacionalidad, Genero) values (74, 89, 'Trixie', 'McLafferty', 'Greedier', '13/04/1985', 'Alemana', 'Masculino');
insert into Entrenador (IDEntrenador, IDDisciplina, Nombre, PrimerApellido, SegundoApellido, FechaNacimiento, Nacionalidad, Genero) values (75, 8, 'Etta', 'Jurasz', 'Lafuente', '21/06/1972', 'Sueca', 'Femenino');
insert into Entrenador (IDEntrenador, IDDisciplina, Nombre, PrimerApellido, SegundoApellido, FechaNacimiento, Nacionalidad, Genero) values (76, 29, 'Otis', 'Daw', 'Waggitt', '19/07/1984', 'Israelí', 'No binario');
insert into Entrenador (IDEntrenador, IDDisciplina, Nombre, PrimerApellido, SegundoApellido, FechaNacimiento, Nacionalidad, Genero) values (77, 16, 'Urbain', 'Fetteplace', 'Pottiphar', '18/06/1971', 'Húngara', 'Femenino');
insert into Entrenador (IDEntrenador, IDDisciplina, Nombre, PrimerApellido, SegundoApellido, FechaNacimiento, Nacionalidad, Genero) values (78, 99, 'Moritz', 'Mc Carroll', 'Lafuente', '31/10/1971', 'Armenia', 'Masculino');
insert into Entrenador (IDEntrenador, IDDisciplina, Nombre, PrimerApellido, SegundoApellido, FechaNacimiento, Nacionalidad, Genero) values (79, 69, 'Ibby', 'Cornewell', 'Revill', '22/09/1975', 'Venezolana', 'Femenino');
insert into Entrenador (IDEntrenador, IDDisciplina, Nombre, PrimerApellido, SegundoApellido, FechaNacimiento, Nacionalidad, Genero) values (80, 120, 'Lorant', 'Rooney', 'Hailey', '02/05/1987', 'Sueca', 'Femenino');
insert into Entrenador (IDEntrenador, IDDisciplina, Nombre, PrimerApellido, SegundoApellido, FechaNacimiento, Nacionalidad, Genero) values (81, 44, 'Ricky', 'Auld', 'Krauze', '04/11/1975', 'Nigeriana', 'Femenino');
insert into Entrenador (IDEntrenador, IDDisciplina, Nombre, PrimerApellido, SegundoApellido, FechaNacimiento, Nacionalidad, Genero) values (82, 6, 'Stevena', 'Weale', 'William', '05/07/1989', 'Azerbaiyana', 'No binario');
insert into Entrenador (IDEntrenador, IDDisciplina, Nombre, PrimerApellido, SegundoApellido, FechaNacimiento, Nacionalidad, Genero) values (83, 135, 'Drucy', 'Le Batteur', 'Signoret', '12/01/1983', 'Rusa', 'No binario');
insert into Entrenador (IDEntrenador, IDDisciplina, Nombre, PrimerApellido, SegundoApellido, FechaNacimiento, Nacionalidad, Genero) values (84, 21, 'Clywd', 'Vasey', 'Rodolphe', '01/07/1974', 'China', 'Femenino');
insert into Entrenador (IDEntrenador, IDDisciplina, Nombre, PrimerApellido, SegundoApellido, FechaNacimiento, Nacionalidad, Genero) values (85, 47, 'Nessie', 'Matisoff', 'McKeller', '16/02/1982', 'Peruana', 'Masculino');
insert into Entrenador (IDEntrenador, IDDisciplina, Nombre, PrimerApellido, SegundoApellido, FechaNacimiento, Nacionalidad, Genero) values (86, 68, 'Minny', 'Premble', 'Pettiward', '16/10/1979', 'Venezolana', 'No binario');
insert into Entrenador (IDEntrenador, IDDisciplina, Nombre, PrimerApellido, SegundoApellido, FechaNacimiento, Nacionalidad, Genero) values (87, 9, 'Emmy', 'Thaine', 'McEvoy', '04/09/1975', 'Colombiana', 'No binario');
insert into Entrenador (IDEntrenador, IDDisciplina, Nombre, PrimerApellido, SegundoApellido, FechaNacimiento, Nacionalidad, Genero) values (88, 103, 'Colman', 'Todhunter', 'Doxey', '27/02/1973', 'Siria', 'Femenino');
insert into Entrenador (IDEntrenador, IDDisciplina, Nombre, PrimerApellido, SegundoApellido, FechaNacimiento, Nacionalidad, Genero) values (89, 3, 'Giulietta', 'Elleray', 'Mansford', '31/07/1985', 'Griega', 'Femenino');
insert into Entrenador (IDEntrenador, IDDisciplina, Nombre, PrimerApellido, SegundoApellido, FechaNacimiento, Nacionalidad, Genero) values (90, 78, 'Glennis', 'Brydone', 'Hanaford', '14/07/1985', 'Argentina', 'Femenino');
insert into Entrenador (IDEntrenador, IDDisciplina, Nombre, PrimerApellido, SegundoApellido, FechaNacimiento, Nacionalidad, Genero) values (91, 129, 'Sallie', 'Cuphus', 'Bravery', '22/01/1973', 'Nigeriana', 'Masculino');
insert into Entrenador (IDEntrenador, IDDisciplina, Nombre, PrimerApellido, SegundoApellido, FechaNacimiento, Nacionalidad, Genero) values (92, 19, 'Gisella', 'Samuel', 'Grim', '23/05/1991', 'Brasileña', 'Masculino');
insert into Entrenador (IDEntrenador, IDDisciplina, Nombre, PrimerApellido, SegundoApellido, FechaNacimiento, Nacionalidad, Genero) values (93, 31, 'Diane', 'Lackeye', 'Ommundsen', '09/12/1970', 'Azerbaiyana', 'Femenino');
insert into Entrenador (IDEntrenador, IDDisciplina, Nombre, PrimerApellido, SegundoApellido, FechaNacimiento, Nacionalidad, Genero) values (94, 81, 'Philis', 'Emons', 'Gaucher', '15/07/1984', 'Saudí', 'Masculino');
insert into Entrenador (IDEntrenador, IDDisciplina, Nombre, PrimerApellido, SegundoApellido, FechaNacimiento, Nacionalidad, Genero) values (95, 133, 'Belinda', 'Bendin', 'Mullane', '17/09/1986', 'Camerunesa', 'Masculino');
insert into Entrenador (IDEntrenador, IDDisciplina, Nombre, PrimerApellido, SegundoApellido, FechaNacimiento, Nacionalidad, Genero) values (96, 101, 'Millicent', 'Hastie', 'Lehrian', '25/10/1972', 'Georgiana', 'No binario');
insert into Entrenador (IDEntrenador, IDDisciplina, Nombre, PrimerApellido, SegundoApellido, FechaNacimiento, Nacionalidad, Genero) values (97, 126, 'Aime', 'Symmons', 'Elderfield', '02/09/1991', 'Australiana', 'Masculino');
insert into Entrenador (IDEntrenador, IDDisciplina, Nombre, PrimerApellido, SegundoApellido, FechaNacimiento, Nacionalidad, Genero) values (98, 99, 'Kelci', 'Bodocs', 'O''Dwyer', '22/10/1975', 'Kazaja', 'Masculino');
insert into Entrenador (IDEntrenador, IDDisciplina, Nombre, PrimerApellido, SegundoApellido, FechaNacimiento, Nacionalidad, Genero) values (99, 79, 'Gypsy', 'Rance', 'Benfell', '09/05/1992', 'Siria', 'No binario');
insert into Entrenador (IDEntrenador, IDDisciplina, Nombre, PrimerApellido, SegundoApellido, FechaNacimiento, Nacionalidad, Genero) values (100, 113, 'Gelya', 'Hair', 'Farrin', '04/07/1985', 'Etíope', 'No binario');
insert into Entrenador (IDEntrenador, IDDisciplina, Nombre, PrimerApellido, SegundoApellido, FechaNacimiento, Nacionalidad, Genero) values (101, 126, 'Karim', 'Scrinage', 'Edgson', '22/12/1989', 'Armenia', 'Femenino');
insert into Entrenador (IDEntrenador, IDDisciplina, Nombre, PrimerApellido, SegundoApellido, FechaNacimiento, Nacionalidad, Genero) values (102, 91, 'Bee', 'Rendell', 'Kubu', '24/06/1979', 'Estadounidense', 'No binario');
insert into Entrenador (IDEntrenador, IDDisciplina, Nombre, PrimerApellido, SegundoApellido, FechaNacimiento, Nacionalidad, Genero) values (103, 92, 'Gaelan', 'Di Giacomettino', 'Veltman', '16/11/1979', 'Vietnamita', 'Masculino');
insert into Entrenador (IDEntrenador, IDDisciplina, Nombre, PrimerApellido, SegundoApellido, FechaNacimiento, Nacionalidad, Genero) values (104, 5, 'Bill', 'Holbie', 'Happs', '12/03/1970', 'Israelí', 'Femenino');
insert into Entrenador (IDEntrenador, IDDisciplina, Nombre, PrimerApellido, SegundoApellido, FechaNacimiento, Nacionalidad, Genero) values (105, 93, 'Gizela', 'Trahear', 'Okill', '19/07/1995', 'Senegalesa', 'Femenino');
insert into Entrenador (IDEntrenador, IDDisciplina, Nombre, PrimerApellido, SegundoApellido, FechaNacimiento, Nacionalidad, Genero) values (106, 81, 'Daniela', 'Cattrall', 'Haxby', '15/01/1980', 'Canadiense', 'Masculino');
insert into Entrenador (IDEntrenador, IDDisciplina, Nombre, PrimerApellido, SegundoApellido, FechaNacimiento, Nacionalidad, Genero) values (107, 139, 'Christos', 'Rugiero', 'Woller', '15/10/1970', 'Camerunesa', 'No binario');
insert into Entrenador (IDEntrenador, IDDisciplina, Nombre, PrimerApellido, SegundoApellido, FechaNacimiento, Nacionalidad, Genero) values (108, 110, 'Judie', 'Frostick', 'Shore', '18/05/1990', 'Indonesia', 'Masculino');
insert into Entrenador (IDEntrenador, IDDisciplina, Nombre, PrimerApellido, SegundoApellido, FechaNacimiento, Nacionalidad, Genero) values (109, 129, 'Skye', 'O''Sculley', 'Cready', '01/06/1973', 'Ghanesa', 'No binario');
insert into Entrenador (IDEntrenador, IDDisciplina, Nombre, PrimerApellido, SegundoApellido, FechaNacimiento, Nacionalidad, Genero) values (110, 57, 'Quintilla', 'Rickards', 'Wetherburn', '01/12/1973', 'Mexicana', 'No binario');
insert into Entrenador (IDEntrenador, IDDisciplina, Nombre, PrimerApellido, SegundoApellido, FechaNacimiento, Nacionalidad, Genero) values (111, 24, 'Claiborne', 'Berlin', 'Joust', '28/02/1977', 'Neozelandesa', 'No binario');
insert into Entrenador (IDEntrenador, IDDisciplina, Nombre, PrimerApellido, SegundoApellido, FechaNacimiento, Nacionalidad, Genero) values (112, 28, 'Edmund', 'Smyley', 'Hanscombe', '02/08/1991', 'Polaca', 'No binario');
insert into Entrenador (IDEntrenador, IDDisciplina, Nombre, PrimerApellido, SegundoApellido, FechaNacimiento, Nacionalidad, Genero) values (113, 129, 'Ransell', 'Feld', 'Handes', '22/10/1982', 'Sueca', 'Masculino');
insert into Entrenador (IDEntrenador, IDDisciplina, Nombre, PrimerApellido, SegundoApellido, FechaNacimiento, Nacionalidad, Genero) values (114, 137, 'Maegan', 'Skip', 'Ferebee', '16/02/1971', 'Checa', 'Femenino');
insert into Entrenador (IDEntrenador, IDDisciplina, Nombre, PrimerApellido, SegundoApellido, FechaNacimiento, Nacionalidad, Genero) values (115, 72, 'Shane', 'Wickersley', 'Sparwell', '14/09/1985', 'Siria', 'Femenino');
insert into Entrenador (IDEntrenador, IDDisciplina, Nombre, PrimerApellido, SegundoApellido, FechaNacimiento, Nacionalidad, Genero) values (116, 95, 'Dasya', 'Dorrian', 'Corringham', '25/07/1981', 'Coreana', 'Masculino');
insert into Entrenador (IDEntrenador, IDDisciplina, Nombre, PrimerApellido, SegundoApellido, FechaNacimiento, Nacionalidad, Genero) values (117, 27, 'Lind', 'Jude', 'Hearley', '24/03/1978', 'Ghanesa', 'Masculino');
insert into Entrenador (IDEntrenador, IDDisciplina, Nombre, PrimerApellido, SegundoApellido, FechaNacimiento, Nacionalidad, Genero) values (118, 132, 'Jody', 'Vescovo', 'Bredes', '07/09/1984', 'Australiana', 'Masculino');
insert into Entrenador (IDEntrenador, IDDisciplina, Nombre, PrimerApellido, SegundoApellido, FechaNacimiento, Nacionalidad, Genero) values (119, 23, 'Ella', 'Chasemore', 'Sclanders', '07/10/1995', 'Senegalesa', 'No binario');
insert into Entrenador (IDEntrenador, IDDisciplina, Nombre, PrimerApellido, SegundoApellido, FechaNacimiento, Nacionalidad, Genero) values (120, 84, 'Rhianon', 'Sinncock', 'Connow', '17/12/1991', 'Emiratí', 'Masculino');
insert into Entrenador (IDEntrenador, IDDisciplina, Nombre, PrimerApellido, SegundoApellido, FechaNacimiento, Nacionalidad, Genero) values (121, 145, 'Talbert', 'Critchlow', 'Andrzejewski', '07/09/1992', 'Argentina', 'Masculino');
insert into Entrenador (IDEntrenador, IDDisciplina, Nombre, PrimerApellido, SegundoApellido, FechaNacimiento, Nacionalidad, Genero) values (122, 137, 'Gill', 'Paulich', 'Klaves', '08/05/1983', 'Neozelandesa', 'Femenino');
insert into Entrenador (IDEntrenador, IDDisciplina, Nombre, PrimerApellido, SegundoApellido, FechaNacimiento, Nacionalidad, Genero) values (123, 77, 'Devlen', 'Minnis', 'Geane', '12/12/1995', 'Japonesa', 'No binario');
insert into Entrenador (IDEntrenador, IDDisciplina, Nombre, PrimerApellido, SegundoApellido, FechaNacimiento, Nacionalidad, Genero) values (124, 50, 'Vonni', 'Lowin', 'McGhee', '29/10/1977', 'Neozelandesa', 'Femenino');
insert into Entrenador (IDEntrenador, IDDisciplina, Nombre, PrimerApellido, SegundoApellido, FechaNacimiento, Nacionalidad, Genero) values (125, 8, 'Gayleen', 'Redgate', 'Bisson', '04/02/1980', 'Argentina', 'Masculino');
insert into Entrenador (IDEntrenador, IDDisciplina, Nombre, PrimerApellido, SegundoApellido, FechaNacimiento, Nacionalidad, Genero) values (126, 144, 'Madlin', 'Carillo', 'Walesby', '17/09/1992', 'Checa', 'Femenino');
insert into Entrenador (IDEntrenador, IDDisciplina, Nombre, PrimerApellido, SegundoApellido, FechaNacimiento, Nacionalidad, Genero) values (127, 91, 'Waldon', 'Aughtie', 'Wyley', '19/11/1973', 'Neozelandesa', 'No binario');
insert into Entrenador (IDEntrenador, IDDisciplina, Nombre, PrimerApellido, SegundoApellido, FechaNacimiento, Nacionalidad, Genero) values (128, 134, 'Ricky', 'Coldtart', 'Diboll', '06/09/1994', 'Libanesa', 'No binario');
insert into Entrenador (IDEntrenador, IDDisciplina, Nombre, PrimerApellido, SegundoApellido, FechaNacimiento, Nacionalidad, Genero) values (129, 12, 'Tessa', 'Mechi', 'Coleshill', '25/09/1995', 'Qatarí', 'No binario');
insert into Entrenador (IDEntrenador, IDDisciplina, Nombre, PrimerApellido, SegundoApellido, FechaNacimiento, Nacionalidad, Genero) values (130, 41, 'Montgomery', 'Mattack', 'Escoffier', '31/10/1986', 'Qatarí', 'No binario');
insert into Entrenador (IDEntrenador, IDDisciplina, Nombre, PrimerApellido, SegundoApellido, FechaNacimiento, Nacionalidad, Genero) values (131, 128, 'Joleen', 'Elderton', 'Allgood', '18/04/1972', 'Portuguesa', 'Masculino');
insert into Entrenador (IDEntrenador, IDDisciplina, Nombre, PrimerApellido, SegundoApellido, FechaNacimiento, Nacionalidad, Genero) values (132, 49, 'Sileas', 'Preddy', 'Wardesworth', '13/09/1981', 'India', 'Masculino');
insert into Entrenador (IDEntrenador, IDDisciplina, Nombre, PrimerApellido, SegundoApellido, FechaNacimiento, Nacionalidad, Genero) values (133, 72, 'Carissa', 'Bagnal', 'Suarez', '12/11/1978', 'Francesa', 'Masculino');
insert into Entrenador (IDEntrenador, IDDisciplina, Nombre, PrimerApellido, SegundoApellido, FechaNacimiento, Nacionalidad, Genero) values (134, 135, 'Abigale', 'Godsafe', 'Hellikes', '15/06/1989', 'Británica', 'No binario');
insert into Entrenador (IDEntrenador, IDDisciplina, Nombre, PrimerApellido, SegundoApellido, FechaNacimiento, Nacionalidad, Genero) values (135, 105, 'Arny', 'Menloe', 'Gothliff', '27/06/1992', 'Australiana', 'No binario');
insert into Entrenador (IDEntrenador, IDDisciplina, Nombre, PrimerApellido, SegundoApellido, FechaNacimiento, Nacionalidad, Genero) values (136, 67, 'Magdaia', 'Grundwater', 'O''Harney', '18/03/1993', 'Canadiense', 'Masculino');
insert into Entrenador (IDEntrenador, IDDisciplina, Nombre, PrimerApellido, SegundoApellido, FechaNacimiento, Nacionalidad, Genero) values (137, 25, 'Petr', 'MacAllan', 'Ellyatt', '28/11/1985', 'Vietnamita', 'Femenino');
insert into Entrenador (IDEntrenador, IDDisciplina, Nombre, PrimerApellido, SegundoApellido, FechaNacimiento, Nacionalidad, Genero) values (138, 3, 'Seana', 'Hews', 'Sparrow', '28/03/1990', 'Argentina', 'No binario');
insert into Entrenador (IDEntrenador, IDDisciplina, Nombre, PrimerApellido, SegundoApellido, FechaNacimiento, Nacionalidad, Genero) values (139, 30, 'Aleda', 'Trood', 'Taylor', '07/04/1975', 'Iraní', 'No binario');
insert into Entrenador (IDEntrenador, IDDisciplina, Nombre, PrimerApellido, SegundoApellido, FechaNacimiento, Nacionalidad, Genero) values (140, 134, 'Gianna', 'McMearty', 'Livings', '19/06/1987', 'Japonesa', 'Masculino');
insert into Entrenador (IDEntrenador, IDDisciplina, Nombre, PrimerApellido, SegundoApellido, FechaNacimiento, Nacionalidad, Genero) values (141, 20, 'Noe', 'Spencook', 'Tarpey', '15/12/1977', 'Coreana', 'Femenino');
insert into Entrenador (IDEntrenador, IDDisciplina, Nombre, PrimerApellido, SegundoApellido, FechaNacimiento, Nacionalidad, Genero) values (142, 133, 'Freedman', 'Teece', 'Kestell', '23/03/1973', 'Rusa', 'No binario');
insert into Entrenador (IDEntrenador, IDDisciplina, Nombre, PrimerApellido, SegundoApellido, FechaNacimiento, Nacionalidad, Genero) values (143, 82, 'Nady', 'Weyland', 'Edes', '10/01/1985', 'Libanesa', 'Masculino');
insert into Entrenador (IDEntrenador, IDDisciplina, Nombre, PrimerApellido, SegundoApellido, FechaNacimiento, Nacionalidad, Genero) values (144, 41, 'Merola', 'Longina', 'Andrag', '29/10/1985', 'Griega', 'No binario');
insert into Entrenador (IDEntrenador, IDDisciplina, Nombre, PrimerApellido, SegundoApellido, FechaNacimiento, Nacionalidad, Genero) values (145, 145, 'Salomi', 'Lau', 'Sharvell', '27/09/1983', 'Chilena', 'No binario');
insert into Entrenador (IDEntrenador, IDDisciplina, Nombre, PrimerApellido, SegundoApellido, FechaNacimiento, Nacionalidad, Genero) values (146, 44, 'Verina', 'Fairpo', 'Risborough', '18/02/1988', 'Qatarí', 'Femenino');
insert into Entrenador (IDEntrenador, IDDisciplina, Nombre, PrimerApellido, SegundoApellido, FechaNacimiento, Nacionalidad, Genero) values (147, 87, 'Justine', 'Foffano', 'Emburey', '01/04/1985', 'Rusa', 'Femenino');
insert into Entrenador (IDEntrenador, IDDisciplina, Nombre, PrimerApellido, SegundoApellido, FechaNacimiento, Nacionalidad, Genero) values (148, 79, 'Thorpe', 'Ferdinand', 'Lomasny', '23/07/1976', 'Japonesa', 'Masculino');
insert into Entrenador (IDEntrenador, IDDisciplina, Nombre, PrimerApellido, SegundoApellido, FechaNacimiento, Nacionalidad, Genero) values (149, 108, 'Mathew', 'Ivamy', 'Raison', '05/05/1991', 'Egipcia', 'No binario');
insert into Entrenador (IDEntrenador, IDDisciplina, Nombre, PrimerApellido, SegundoApellido, FechaNacimiento, Nacionalidad, Genero) values (150, 131, 'Jdavie', 'Clewett', 'Lambdon', '09/07/1982', 'Malasia', 'Masculino');
-- Tuplas para la tabla Atleta

insert into Atleta (IDAtleta, NombrePais, IDEntrenador, Temporada, Nombre, PrimerApellido, SegundoApellido, FechaNacimiento, Nacionalidad, Genero) values (1, 'Bosnia y Herzegovina', 56, 2020, 'Demetra', 'Eschelle', 'Fost', '25/07/1981', 'DE', 'Female');
insert into Atleta (IDAtleta, NombrePais, IDEntrenador, Temporada, Nombre, PrimerApellido, SegundoApellido, FechaNacimiento, Nacionalidad, Genero) values (2, 'Malta', 20, 2024, 'Colman', 'Opy', 'Lemmertz', '14/08/2003', 'CN', 'Male');
insert into Atleta (IDAtleta, NombrePais, IDEntrenador, Temporada, Nombre, PrimerApellido, SegundoApellido, FechaNacimiento, Nacionalidad, Genero) values (3, 'Guinea Ecuatorial', 110, 2020, 'Coralyn', 'Manshaw', 'Coath', '03/11/2001', 'CN', 'Female');
insert into Atleta (IDAtleta, NombrePais, IDEntrenador, Temporada, Nombre, PrimerApellido, SegundoApellido, FechaNacimiento, Nacionalidad, Genero) values (4, 'Níger', 88, 2020, 'Kane', 'Parres', 'Karran', '21/11/1999', 'RU', 'Polygender');
insert into Atleta (IDAtleta, NombrePais, IDEntrenador, Temporada, Nombre, PrimerApellido, SegundoApellido, FechaNacimiento, Nacionalidad, Genero) values (5, 'Guinea', 63, 2023, 'Lonnie', 'Baughn', 'Durdle', '14/01/1980', 'PS', 'Female');
insert into Atleta (IDAtleta, NombrePais, IDEntrenador, Temporada, Nombre, PrimerApellido, SegundoApellido, FechaNacimiento, Nacionalidad, Genero) values (6, 'Austria', 68, 2021, 'Sebastiano', 'Asbery', 'Brooke', '15/02/1980', 'FR', 'Male');
insert into Atleta (IDAtleta, NombrePais, IDEntrenador, Temporada, Nombre, PrimerApellido, SegundoApellido, FechaNacimiento, Nacionalidad, Genero) values (7, 'Japón', 147, 2023, 'Artemis', 'Atterbury', 'Calrow', '02/05/1997', 'AR', 'Male');
insert into Atleta (IDAtleta, NombrePais, IDEntrenador, Temporada, Nombre, PrimerApellido, SegundoApellido, FechaNacimiento, Nacionalidad, Genero) values (8, 'Tayikistán', 129, 2021, 'Seana', 'Blees', 'Ceyssen', '16/10/2012', 'TH', 'Female');
insert into Atleta (IDAtleta, NombrePais, IDEntrenador, Temporada, Nombre, PrimerApellido, SegundoApellido, FechaNacimiento, Nacionalidad, Genero) values (9, 'Corea del Norte', 40, 2020, 'Cletus', 'Vanes', 'Fehely', '16/05/1977', 'RU', 'Male');
insert into Atleta (IDAtleta, NombrePais, IDEntrenador, Temporada, Nombre, PrimerApellido, SegundoApellido, FechaNacimiento, Nacionalidad, Genero) values (10, 'Irlanda', 77, 2020, 'Jaclyn', 'Binner', 'Hawkswood', '27/01/1974', 'CN', 'Female');
insert into Atleta (IDAtleta, NombrePais, IDEntrenador, Temporada, Nombre, PrimerApellido, SegundoApellido, FechaNacimiento, Nacionalidad, Genero) values (11, 'Guinea Ecuatorial', 101, 2023, 'Merralee', 'Franzke', 'Oldridge', '10/04/2009', 'PH', 'Female');
insert into Atleta (IDAtleta, NombrePais, IDEntrenador, Temporada, Nombre, PrimerApellido, SegundoApellido, FechaNacimiento, Nacionalidad, Genero) values (12, 'Canadá', 68, 2024, 'Maison', 'Broe', 'Cordero', '15/12/2006', 'CN', 'Male');
insert into Atleta (IDAtleta, NombrePais, IDEntrenador, Temporada, Nombre, PrimerApellido, SegundoApellido, FechaNacimiento, Nacionalidad, Genero) values (13, 'Sierra Leona', 121, 2020, 'Justinian', 'Dowyer', 'Beagrie', '29/01/2006', 'PE', 'Male');
insert into Atleta (IDAtleta, NombrePais, IDEntrenador, Temporada, Nombre, PrimerApellido, SegundoApellido, FechaNacimiento, Nacionalidad, Genero) values (14, 'Baréin', 130, 2021, 'Dionisio', 'Eccleston', 'Mickleburgh', '21/10/1984', 'PH', 'Polygender');
insert into Atleta (IDAtleta, NombrePais, IDEntrenador, Temporada, Nombre, PrimerApellido, SegundoApellido, FechaNacimiento, Nacionalidad, Genero) values (15, 'Hungría', 65, 2021, 'Olivier', 'Fuggle', 'Van Waadenburg', '20/09/2009', 'RS', 'Male');
insert into Atleta (IDAtleta, NombrePais, IDEntrenador, Temporada, Nombre, PrimerApellido, SegundoApellido, FechaNacimiento, Nacionalidad, Genero) values (16, 'San Cristóbal y Nieves', 120, 2020, 'Nathanil', 'Keming', 'Glashby', '19/02/1984', 'CG', 'Bigender');
insert into Atleta (IDAtleta, NombrePais, IDEntrenador, Temporada, Nombre, PrimerApellido, SegundoApellido, FechaNacimiento, Nacionalidad, Genero) values (17, 'Egipto', 51, 2023, 'Rory', 'Forrestill', 'Branscombe', '20/06/1977', 'ID', 'Male');
insert into Atleta (IDAtleta, NombrePais, IDEntrenador, Temporada, Nombre, PrimerApellido, SegundoApellido, FechaNacimiento, Nacionalidad, Genero) values (18, 'San Cristóbal y Nieves', 59, 2023, 'Tam', 'Reyne', 'Mioni', '28/06/1979', 'MK', 'Male');
insert into Atleta (IDAtleta, NombrePais, IDEntrenador, Temporada, Nombre, PrimerApellido, SegundoApellido, FechaNacimiento, Nacionalidad, Genero) values (19, 'Islandia', 39, 2022, 'Meredithe', 'Curness', 'Van Dale', '14/07/1992', 'YE', 'Female');
insert into Atleta (IDAtleta, NombrePais, IDEntrenador, Temporada, Nombre, PrimerApellido, SegundoApellido, FechaNacimiento, Nacionalidad, Genero) values (20, 'Esuatini', 21, 2022, 'Noella', 'Parade', 'Giberd', '16/01/1993', 'PH', 'Female');
insert into Atleta (IDAtleta, NombrePais, IDEntrenador, Temporada, Nombre, PrimerApellido, SegundoApellido, FechaNacimiento, Nacionalidad, Genero) values (21, 'Chad', 145, 2020, 'Monah', 'Caudell', 'Szubert', '29/12/1974', 'CN', 'Female');
insert into Atleta (IDAtleta, NombrePais, IDEntrenador, Temporada, Nombre, PrimerApellido, SegundoApellido, FechaNacimiento, Nacionalidad, Genero) values (22, 'Nepal', 137, 2020, 'Nerita', 'Dockrill', 'Hair', '16/09/1991', 'CN', 'Female');
insert into Atleta (IDAtleta, NombrePais, IDEntrenador, Temporada, Nombre, PrimerApellido, SegundoApellido, FechaNacimiento, Nacionalidad, Genero) values (23, 'Surinam', 83, 2021, 'Dredi', 'Brittain', 'Elwyn', '09/07/1982', 'DJ', 'Genderqueer');
insert into Atleta (IDAtleta, NombrePais, IDEntrenador, Temporada, Nombre, PrimerApellido, SegundoApellido, FechaNacimiento, Nacionalidad, Genero) values (24, 'Ucrania', 107, 2024, 'Vivianne', 'Mellers', 'Woodrooffe', '11/09/1976', 'CN', 'Female');
insert into Atleta (IDAtleta, NombrePais, IDEntrenador, Temporada, Nombre, PrimerApellido, SegundoApellido, FechaNacimiento, Nacionalidad, Genero) values (25, 'Guinea-Bisáu', 49, 2023, 'Eveline', 'Wennington', 'Joire', '07/06/1990', 'MY', 'Female');
insert into Atleta (IDAtleta, NombrePais, IDEntrenador, Temporada, Nombre, PrimerApellido, SegundoApellido, FechaNacimiento, Nacionalidad, Genero) values (26, 'Bolivia', 88, 2022, 'Camey', 'Toland', 'Schelle', '20/08/2002', 'RU', 'Male');
insert into Atleta (IDAtleta, NombrePais, IDEntrenador, Temporada, Nombre, PrimerApellido, SegundoApellido, FechaNacimiento, Nacionalidad, Genero) values (27, 'Nueva Zelanda', 27, 2022, 'Wheeler', 'Abade', 'Elsdon', '16/02/1988', 'CN', 'Male');
insert into Atleta (IDAtleta, NombrePais, IDEntrenador, Temporada, Nombre, PrimerApellido, SegundoApellido, FechaNacimiento, Nacionalidad, Genero) values (28, 'Argelia', 116, 2021, 'Gawain', 'Coan', 'Ludgate', '27/09/1991', 'SY', 'Male');
insert into Atleta (IDAtleta, NombrePais, IDEntrenador, Temporada, Nombre, PrimerApellido, SegundoApellido, FechaNacimiento, Nacionalidad, Genero) values (29, 'Libia', 50, 2020, 'Cathee', 'Broome', 'Skellion', '31/07/1994', 'MA', 'Female');
insert into Atleta (IDAtleta, NombrePais, IDEntrenador, Temporada, Nombre, PrimerApellido, SegundoApellido, FechaNacimiento, Nacionalidad, Genero) values (30, 'Senegal', 50, 2020, 'Beltran', 'Duberry', 'Diehn', '10/09/1976', 'FR', 'Male');
insert into Atleta (IDAtleta, NombrePais, IDEntrenador, Temporada, Nombre, PrimerApellido, SegundoApellido, FechaNacimiento, Nacionalidad, Genero) values (31, 'Sri Lanka', 75, 2021, 'Nathanil', 'Lyons', 'Patillo', '14/02/2003', 'PL', 'Male');
insert into Atleta (IDAtleta, NombrePais, IDEntrenador, Temporada, Nombre, PrimerApellido, SegundoApellido, FechaNacimiento, Nacionalidad, Genero) values (32, 'Rumania', 89, 2020, 'Theodoric', 'Keith', 'Blakebrough', '05/03/1995', 'VN', 'Agender');
insert into Atleta (IDAtleta, NombrePais, IDEntrenador, Temporada, Nombre, PrimerApellido, SegundoApellido, FechaNacimiento, Nacionalidad, Genero) values (33, 'Paraguay', 65, 2023, 'Quincey', 'Rowbrey', 'Crepel', '06/07/1977', 'AL', 'Agender');
insert into Atleta (IDAtleta, NombrePais, IDEntrenador, Temporada, Nombre, PrimerApellido, SegundoApellido, FechaNacimiento, Nacionalidad, Genero) values (34, 'Chipre', 23, 2024, 'Addie', 'Eddolls', 'Linke', '06/01/2015', 'GR', 'Male');
insert into Atleta (IDAtleta, NombrePais, IDEntrenador, Temporada, Nombre, PrimerApellido, SegundoApellido, FechaNacimiento, Nacionalidad, Genero) values (35, 'Suecia', 26, 2024, 'Lanie', 'Farley', 'Mansel', '20/09/1974', 'CN', 'Male');
insert into Atleta (IDAtleta, NombrePais, IDEntrenador, Temporada, Nombre, PrimerApellido, SegundoApellido, FechaNacimiento, Nacionalidad, Genero) values (36, 'Armenia', 86, 2020, 'Angel', 'Tethcote', 'Jakoubek', '22/02/1975', 'EG', 'Female');
insert into Atleta (IDAtleta, NombrePais, IDEntrenador, Temporada, Nombre, PrimerApellido, SegundoApellido, FechaNacimiento, Nacionalidad, Genero) values (37, 'Trinidad y Tobago', 38, 2024, 'Berke', 'Kosel', 'Dabnor', '25/03/2007', 'CN', 'Polygender');
insert into Atleta (IDAtleta, NombrePais, IDEntrenador, Temporada, Nombre, PrimerApellido, SegundoApellido, FechaNacimiento, Nacionalidad, Genero) values (38, 'Guyana', 98, 2021, 'Lavena', 'Swayne', 'Tatem', '17/12/2005', 'CN', 'Female');
insert into Atleta (IDAtleta, NombrePais, IDEntrenador, Temporada, Nombre, PrimerApellido, SegundoApellido, FechaNacimiento, Nacionalidad, Genero) values (39, 'China', 118, 2023, 'Hazel', 'Osment', 'Garrish', '29/06/2002', 'NC', 'Female');
insert into Atleta (IDAtleta, NombrePais, IDEntrenador, Temporada, Nombre, PrimerApellido, SegundoApellido, FechaNacimiento, Nacionalidad, Genero) values (40, 'Corea del Sur', 147, 2023, 'Saunders', 'Garrat', 'Mannakee', '10/08/1986', 'FI', 'Bigender');
insert into Atleta (IDAtleta, NombrePais, IDEntrenador, Temporada, Nombre, PrimerApellido, SegundoApellido, FechaNacimiento, Nacionalidad, Genero) values (41, 'Sudán del Sur', 85, 2020, 'Iain', 'Kamen', 'Gilkison', '04/09/1984', 'HN', 'Male');
insert into Atleta (IDAtleta, NombrePais, IDEntrenador, Temporada, Nombre, PrimerApellido, SegundoApellido, FechaNacimiento, Nacionalidad, Genero) values (42, 'Ecuador', 31, 2020, 'Sabra', 'Alenikov', 'Hellewell', '16/01/2008', 'CN', 'Female');
insert into Atleta (IDAtleta, NombrePais, IDEntrenador, Temporada, Nombre, PrimerApellido, SegundoApellido, FechaNacimiento, Nacionalidad, Genero) values (43, 'Montenegro', 56, 2023, 'Dyanna', 'Summerskill', 'MacGowan', '20/12/1970', 'CN', 'Female');
insert into Atleta (IDAtleta, NombrePais, IDEntrenador, Temporada, Nombre, PrimerApellido, SegundoApellido, FechaNacimiento, Nacionalidad, Genero) values (44, 'Esuatini', 108, 2020, 'Marvin', 'Janczak', 'Wegman', '03/03/1994', 'CU', 'Male');
insert into Atleta (IDAtleta, NombrePais, IDEntrenador, Temporada, Nombre, PrimerApellido, SegundoApellido, FechaNacimiento, Nacionalidad, Genero) values (45, 'Azerbaiyán', 148, 2024, 'Cacilia', 'Fairbrother', 'Restall', '02/06/2002', 'CO', 'Female');
insert into Atleta (IDAtleta, NombrePais, IDEntrenador, Temporada, Nombre, PrimerApellido, SegundoApellido, FechaNacimiento, Nacionalidad, Genero) values (46, 'Libia', 99, 2022, 'Leland', 'Wermerling', 'Clarey', '17/10/1993', 'CU', 'Male');
insert into Atleta (IDAtleta, NombrePais, IDEntrenador, Temporada, Nombre, PrimerApellido, SegundoApellido, FechaNacimiento, Nacionalidad, Genero) values (47, 'Albania', 102, 2022, 'Cinderella', 'Swaddle', 'Moden', '03/06/1982', 'RU', 'Female');
insert into Atleta (IDAtleta, NombrePais, IDEntrenador, Temporada, Nombre, PrimerApellido, SegundoApellido, FechaNacimiento, Nacionalidad, Genero) values (48, 'Palaos', 124, 2023, 'Clayborn', 'Popping', 'Vedikhov', '03/02/2016', 'EG', 'Male');
insert into Atleta (IDAtleta, NombrePais, IDEntrenador, Temporada, Nombre, PrimerApellido, SegundoApellido, FechaNacimiento, Nacionalidad, Genero) values (49, 'Tuvalu', 79, 2024, 'Zea', 'Assaf', 'MacConchie', '21/11/1994', 'VE', 'Female');
insert into Atleta (IDAtleta, NombrePais, IDEntrenador, Temporada, Nombre, PrimerApellido, SegundoApellido, FechaNacimiento, Nacionalidad, Genero) values (50, 'Sudán', 126, 2022, 'Livvie', 'Cleaves', 'Gravatt', '01/03/1979', 'CA', 'Female');
insert into Atleta (IDAtleta, NombrePais, IDEntrenador, Temporada, Nombre, PrimerApellido, SegundoApellido, FechaNacimiento, Nacionalidad, Genero) values (51, 'Ecuador', 95, 2023, 'Fianna', 'Madle', 'Jochen', '17/01/1992', 'FM', 'Female');
insert into Atleta (IDAtleta, NombrePais, IDEntrenador, Temporada, Nombre, PrimerApellido, SegundoApellido, FechaNacimiento, Nacionalidad, Genero) values (52, 'Madagascar', 79, 2023, 'Calida', 'Sighard', 'Nani', '08/12/1987', 'FI', 'Female');
insert into Atleta (IDAtleta, NombrePais, IDEntrenador, Temporada, Nombre, PrimerApellido, SegundoApellido, FechaNacimiento, Nacionalidad, Genero) values (53, 'Namibia', 148, 2021, 'Donnamarie', 'Guerro', 'Olenov', '11/06/2001', 'FI', 'Female');
insert into Atleta (IDAtleta, NombrePais, IDEntrenador, Temporada, Nombre, PrimerApellido, SegundoApellido, FechaNacimiento, Nacionalidad, Genero) values (54, 'Barbados', 82, 2020, 'Flemming', 'Trenaman', 'Peskin', '25/12/1982', 'ID', 'Male');
insert into Atleta (IDAtleta, NombrePais, IDEntrenador, Temporada, Nombre, PrimerApellido, SegundoApellido, FechaNacimiento, Nacionalidad, Genero) values (55, 'Malí', 131, 2023, 'Bill', 'Icke', 'Crewes', '07/08/1994', 'FR', 'Female');
insert into Atleta (IDAtleta, NombrePais, IDEntrenador, Temporada, Nombre, PrimerApellido, SegundoApellido, FechaNacimiento, Nacionalidad, Genero) values (56, 'Montenegro', 109, 2023, 'Balduin', 'Sailes', 'Chucks', '13/01/2005', 'AR', 'Male');
insert into Atleta (IDAtleta, NombrePais, IDEntrenador, Temporada, Nombre, PrimerApellido, SegundoApellido, FechaNacimiento, Nacionalidad, Genero) values (57, 'Zimbabue', 35, 2022, 'Una', 'Lamzed', 'Barrowclough', '13/08/1997', 'NE', 'Female');
insert into Atleta (IDAtleta, NombrePais, IDEntrenador, Temporada, Nombre, PrimerApellido, SegundoApellido, FechaNacimiento, Nacionalidad, Genero) values (58, 'Azerbaiyán', 127, 2024, 'Aurore', 'Hattoe', 'Chasles', '29/10/2015', 'RU', 'Female');
insert into Atleta (IDAtleta, NombrePais, IDEntrenador, Temporada, Nombre, PrimerApellido, SegundoApellido, FechaNacimiento, Nacionalidad, Genero) values (59, 'Bután', 126, 2023, 'Nikkie', 'Saltern', 'Skivington', '25/02/2008', 'CN', 'Female');
insert into Atleta (IDAtleta, NombrePais, IDEntrenador, Temporada, Nombre, PrimerApellido, SegundoApellido, FechaNacimiento, Nacionalidad, Genero) values (60, 'Kirguistán', 130, 2023, 'Thorsten', 'Hattersley', 'Blount', '30/09/2007', 'FR', 'Genderfluid');
insert into Atleta (IDAtleta, NombrePais, IDEntrenador, Temporada, Nombre, PrimerApellido, SegundoApellido, FechaNacimiento, Nacionalidad, Genero) values (61, 'Argelia', 95, 2020, 'Wallie', 'Anthes', 'Arnholz', '13/06/1985', 'CN', 'Male');
insert into Atleta (IDAtleta, NombrePais, IDEntrenador, Temporada, Nombre, PrimerApellido, SegundoApellido, FechaNacimiento, Nacionalidad, Genero) values (62, 'Bielorrusia', 90, 2022, 'Renie', 'Yeldon', 'Recher', '12/12/1973', 'SE', 'Female');
insert into Atleta (IDAtleta, NombrePais, IDEntrenador, Temporada, Nombre, PrimerApellido, SegundoApellido, FechaNacimiento, Nacionalidad, Genero) values (63, 'Argentina', 111, 2021, 'Tammi', 'Bruno', 'Clutterbuck', '12/07/2005', 'CN', 'Female');
insert into Atleta (IDAtleta, NombrePais, IDEntrenador, Temporada, Nombre, PrimerApellido, SegundoApellido, FechaNacimiento, Nacionalidad, Genero) values (64, 'República Democrática del Congo', 132, 2022, 'Kaleb', 'Rintoul', 'Pfaffel', '10/12/1996', 'NZ', 'Bigender');
insert into Atleta (IDAtleta, NombrePais, IDEntrenador, Temporada, Nombre, PrimerApellido, SegundoApellido, FechaNacimiento, Nacionalidad, Genero) values (65, 'Islas Salomón', 94, 2024, 'Yasmin', 'Klyner', 'Blader', '28/01/1974', 'PH', 'Female');
insert into Atleta (IDAtleta, NombrePais, IDEntrenador, Temporada, Nombre, PrimerApellido, SegundoApellido, FechaNacimiento, Nacionalidad, Genero) values (66, 'Surinam', 26, 2021, 'Heall', 'Scritch', 'Forson', '07/01/2004', 'BJ', 'Male');
insert into Atleta (IDAtleta, NombrePais, IDEntrenador, Temporada, Nombre, PrimerApellido, SegundoApellido, FechaNacimiento, Nacionalidad, Genero) values (67, 'Guinea', 145, 2020, 'Brennan', 'Desport', 'Graveston', '10/10/1984', 'MD', 'Male');
insert into Atleta (IDAtleta, NombrePais, IDEntrenador, Temporada, Nombre, PrimerApellido, SegundoApellido, FechaNacimiento, Nacionalidad, Genero) values (68, 'Rumania', 126, 2023, 'Corly', 'Pankhurst.', 'Robic', '28/08/2006', 'PK', 'Female');
insert into Atleta (IDAtleta, NombrePais, IDEntrenador, Temporada, Nombre, PrimerApellido, SegundoApellido, FechaNacimiento, Nacionalidad, Genero) values (69, 'Kazajistán', 24, 2023, 'Winifred', 'Adamson', 'Dempster', '04/05/2001', 'AR', 'Female');
insert into Atleta (IDAtleta, NombrePais, IDEntrenador, Temporada, Nombre, PrimerApellido, SegundoApellido, FechaNacimiento, Nacionalidad, Genero) values (70, 'Nueva Zelanda', 53, 2021, 'Tammi', 'Silverwood', 'Prangle', '07/10/2003', 'ID', 'Female');
insert into Atleta (IDAtleta, NombrePais, IDEntrenador, Temporada, Nombre, PrimerApellido, SegundoApellido, FechaNacimiento, Nacionalidad, Genero) values (71, 'Togo', 134, 2024, 'Currie', 'Boothroyd', 'Sturzaker', '31/07/1987', 'ID', 'Male');
insert into Atleta (IDAtleta, NombrePais, IDEntrenador, Temporada, Nombre, PrimerApellido, SegundoApellido, FechaNacimiento, Nacionalidad, Genero) values (72, 'Paraguay', 52, 2020, 'Belva', 'Conws', 'Dinning', '30/07/2015', 'IT', 'Female');
insert into Atleta (IDAtleta, NombrePais, IDEntrenador, Temporada, Nombre, PrimerApellido, SegundoApellido, FechaNacimiento, Nacionalidad, Genero) values (73, 'Dinamarca', 143, 2021, 'Milissent', 'Wolland', 'Rowat', '18/08/2011', 'CN', 'Female');
insert into Atleta (IDAtleta, NombrePais, IDEntrenador, Temporada, Nombre, PrimerApellido, SegundoApellido, FechaNacimiento, Nacionalidad, Genero) values (74, 'Honduras', 135, 2023, 'Gallard', 'Moston', 'Arpin', '24/05/1995', 'BY', 'Male');
insert into Atleta (IDAtleta, NombrePais, IDEntrenador, Temporada, Nombre, PrimerApellido, SegundoApellido, FechaNacimiento, Nacionalidad, Genero) values (75, 'Armenia', 124, 2023, 'Terri-jo', 'Galpen', 'Middleditch', '05/05/1985', 'PL', 'Female');
insert into Atleta (IDAtleta, NombrePais, IDEntrenador, Temporada, Nombre, PrimerApellido, SegundoApellido, FechaNacimiento, Nacionalidad, Genero) values (76, 'Portugal', 126, 2020, 'Karissa', 'Uc', 'Martinie', '25/09/1983', 'CN', 'Female');
insert into Atleta (IDAtleta, NombrePais, IDEntrenador, Temporada, Nombre, PrimerApellido, SegundoApellido, FechaNacimiento, Nacionalidad, Genero) values (77, 'República Dominicana', 140, 2022, 'Ashbey', 'Steane', 'O''Mullally', '30/10/1994', 'PH', 'Male');
insert into Atleta (IDAtleta, NombrePais, IDEntrenador, Temporada, Nombre, PrimerApellido, SegundoApellido, FechaNacimiento, Nacionalidad, Genero) values (78, 'Rusia', 124, 2023, 'Willi', 'Syrett', 'Danby', '04/09/2003', 'PE', 'Male');
insert into Atleta (IDAtleta, NombrePais, IDEntrenador, Temporada, Nombre, PrimerApellido, SegundoApellido, FechaNacimiento, Nacionalidad, Genero) values (79, 'Etiopía', 111, 2023, 'Hamid', 'Biaggioli', 'Linford', '20/09/1977', 'BR', 'Male');
insert into Atleta (IDAtleta, NombrePais, IDEntrenador, Temporada, Nombre, PrimerApellido, SegundoApellido, FechaNacimiento, Nacionalidad, Genero) values (80, 'Francia', 51, 2020, 'Caralie', 'Goodyer', 'Gallie', '29/07/1975', 'MN', 'Female');
insert into Atleta (IDAtleta, NombrePais, IDEntrenador, Temporada, Nombre, PrimerApellido, SegundoApellido, FechaNacimiento, Nacionalidad, Genero) values (81, 'Vanuatu', 31, 2023, 'Mickie', 'Hastler', 'Bauer', '02/07/1986', 'TN', 'Male');
insert into Atleta (IDAtleta, NombrePais, IDEntrenador, Temporada, Nombre, PrimerApellido, SegundoApellido, FechaNacimiento, Nacionalidad, Genero) values (82, 'Fiyi', 89, 2022, 'Trefor', 'Raddenbury', 'Sterry', '11/08/2002', 'AF', 'Male');
insert into Atleta (IDAtleta, NombrePais, IDEntrenador, Temporada, Nombre, PrimerApellido, SegundoApellido, FechaNacimiento, Nacionalidad, Genero) values (83, 'Malasia', 57, 2023, 'Gerri', 'Cuthill', 'Shucksmith', '01/02/1989', 'XK', 'Female');
insert into Atleta (IDAtleta, NombrePais, IDEntrenador, Temporada, Nombre, PrimerApellido, SegundoApellido, FechaNacimiento, Nacionalidad, Genero) values (84, 'Antigua y Barbuda', 100, 2022, 'Kleon', 'Ahearne', 'O''Malley', '26/09/1989', 'CN', 'Male');
insert into Atleta (IDAtleta, NombrePais, IDEntrenador, Temporada, Nombre, PrimerApellido, SegundoApellido, FechaNacimiento, Nacionalidad, Genero) values (85, 'Cabo Verde', 108, 2021, 'Mahala', 'Liddyard', 'Pflieger', '15/05/1983', 'CN', 'Non-binary');
insert into Atleta (IDAtleta, NombrePais, IDEntrenador, Temporada, Nombre, PrimerApellido, SegundoApellido, FechaNacimiento, Nacionalidad, Genero) values (86, 'Burundi', 89, 2023, 'Myrtice', 'Korn', 'Redwing', '05/03/2010', 'FR', 'Female');
insert into Atleta (IDAtleta, NombrePais, IDEntrenador, Temporada, Nombre, PrimerApellido, SegundoApellido, FechaNacimiento, Nacionalidad, Genero) values (87, 'Brunéi', 79, 2022, 'Iggie', 'Fenck', 'Cropton', '24/05/2015', 'CN', 'Male');
insert into Atleta (IDAtleta, NombrePais, IDEntrenador, Temporada, Nombre, PrimerApellido, SegundoApellido, FechaNacimiento, Nacionalidad, Genero) values (88, 'Kirguistán', 57, 2024, 'Vaughan', 'Siemens', 'Deans', '13/08/2010', 'US', 'Male');
insert into Atleta (IDAtleta, NombrePais, IDEntrenador, Temporada, Nombre, PrimerApellido, SegundoApellido, FechaNacimiento, Nacionalidad, Genero) values (89, 'Bélgica', 75, 2020, 'Maynard', 'Bernade', 'Reinard', '17/07/2004', 'PH', 'Male');
insert into Atleta (IDAtleta, NombrePais, IDEntrenador, Temporada, Nombre, PrimerApellido, SegundoApellido, FechaNacimiento, Nacionalidad, Genero) values (90, 'Bahamas', 148, 2020, 'Verney', 'Cahen', 'Coggins', '24/12/1973', 'ID', 'Male');
insert into Atleta (IDAtleta, NombrePais, IDEntrenador, Temporada, Nombre, PrimerApellido, SegundoApellido, FechaNacimiento, Nacionalidad, Genero) values (91, 'Senegal', 81, 2023, 'Nariko', 'Sattin', 'Newland', '24/01/2003', 'PL', 'Female');
insert into Atleta (IDAtleta, NombrePais, IDEntrenador, Temporada, Nombre, PrimerApellido, SegundoApellido, FechaNacimiento, Nacionalidad, Genero) values (92, 'Antigua y Barbuda', 90, 2021, 'Ingelbert', 'Jacobsson', 'Browne', '14/05/1998', 'ID', 'Male');
insert into Atleta (IDAtleta, NombrePais, IDEntrenador, Temporada, Nombre, PrimerApellido, SegundoApellido, FechaNacimiento, Nacionalidad, Genero) values (93, 'Surinam', 93, 2021, 'Lorianna', 'Kybert', 'Aleksich', '16/02/1974', 'ID', 'Female');
insert into Atleta (IDAtleta, NombrePais, IDEntrenador, Temporada, Nombre, PrimerApellido, SegundoApellido, FechaNacimiento, Nacionalidad, Genero) values (94, 'Estados Unidos', 39, 2024, 'Margot', 'Mollison', 'Fricker', '19/10/1979', 'FR', 'Female');
insert into Atleta (IDAtleta, NombrePais, IDEntrenador, Temporada, Nombre, PrimerApellido, SegundoApellido, FechaNacimiento, Nacionalidad, Genero) values (95, 'Ruanda', 138, 2023, 'Eilis', 'Heining', 'Stockton', '16/04/1972', 'BR', 'Female');
insert into Atleta (IDAtleta, NombrePais, IDEntrenador, Temporada, Nombre, PrimerApellido, SegundoApellido, FechaNacimiento, Nacionalidad, Genero) values (96, 'Corea del Sur', 107, 2020, 'Pietrek', 'Kemell', 'Greenlees', '08/12/2010', 'ID', 'Male');
insert into Atleta (IDAtleta, NombrePais, IDEntrenador, Temporada, Nombre, PrimerApellido, SegundoApellido, FechaNacimiento, Nacionalidad, Genero) values (97, 'Dominica', 75, 2024, 'Evanne', 'Nickoles', 'Kenworth', '07/02/1986', 'ID', 'Female');
insert into Atleta (IDAtleta, NombrePais, IDEntrenador, Temporada, Nombre, PrimerApellido, SegundoApellido, FechaNacimiento, Nacionalidad, Genero) values (98, 'Argentina', 53, 2021, 'Taryn', 'Devin', 'Benko', '11/04/2007', 'PE', 'Female');
insert into Atleta (IDAtleta, NombrePais, IDEntrenador, Temporada, Nombre, PrimerApellido, SegundoApellido, FechaNacimiento, Nacionalidad, Genero) values (99, 'Sudán del Sur', 58, 2020, 'Milissent', 'Saberton', 'Padillo', '19/04/2011', 'CN', 'Female');
insert into Atleta (IDAtleta, NombrePais, IDEntrenador, Temporada, Nombre, PrimerApellido, SegundoApellido, FechaNacimiento, Nacionalidad, Genero) values (100, 'Kirguistán', 97, 2024, 'Kristel', 'Cust', 'Yitzovitz', '12/04/1988', 'CN', 'Female');
insert into Atleta (IDAtleta, NombrePais, IDEntrenador, Temporada, Nombre, PrimerApellido, SegundoApellido, FechaNacimiento, Nacionalidad, Genero) values (101, 'India', 23, 2022, 'Kiah', 'Frapwell', 'Pioli', '19/11/1979', 'CZ', 'Female');
insert into Atleta (IDAtleta, NombrePais, IDEntrenador, Temporada, Nombre, PrimerApellido, SegundoApellido, FechaNacimiento, Nacionalidad, Genero) values (102, 'Afganistán', 128, 2023, 'Allina', 'Jakuszewski', 'Dommersen', '06/09/1977', 'AR', 'Agender');
insert into Atleta (IDAtleta, NombrePais, IDEntrenador, Temporada, Nombre, PrimerApellido, SegundoApellido, FechaNacimiento, Nacionalidad, Genero) values (103, 'Ruanda', 22, 2021, 'Gerty', 'Talkington', 'Stones', '04/12/2008', 'VN', 'Female');
insert into Atleta (IDAtleta, NombrePais, IDEntrenador, Temporada, Nombre, PrimerApellido, SegundoApellido, FechaNacimiento, Nacionalidad, Genero) values (104, 'Vanuatu', 57, 2020, 'Hersh', 'Deaton', 'Clemont', '19/07/2011', 'CN', 'Male');
insert into Atleta (IDAtleta, NombrePais, IDEntrenador, Temporada, Nombre, PrimerApellido, SegundoApellido, FechaNacimiento, Nacionalidad, Genero) values (105, 'Nigeria', 44, 2021, 'April', 'McAdam', 'Mechell', '07/09/1999', 'NL', 'Genderqueer');
insert into Atleta (IDAtleta, NombrePais, IDEntrenador, Temporada, Nombre, PrimerApellido, SegundoApellido, FechaNacimiento, Nacionalidad, Genero) values (106, 'Sudán', 39, 2021, 'Calley', 'Downage', 'Carrack', '01/02/2009', 'SE', 'Female');
insert into Atleta (IDAtleta, NombrePais, IDEntrenador, Temporada, Nombre, PrimerApellido, SegundoApellido, FechaNacimiento, Nacionalidad, Genero) values (107, 'Argentina', 137, 2020, 'Igor', 'O'' Hogan', 'Duns', '15/01/1981', 'CN', 'Male');
insert into Atleta (IDAtleta, NombrePais, IDEntrenador, Temporada, Nombre, PrimerApellido, SegundoApellido, FechaNacimiento, Nacionalidad, Genero) values (108, 'Guatemala', 97, 2021, 'Sherm', 'Keyzman', 'Botwood', '31/12/1997', 'AR', 'Male');
insert into Atleta (IDAtleta, NombrePais, IDEntrenador, Temporada, Nombre, PrimerApellido, SegundoApellido, FechaNacimiento, Nacionalidad, Genero) values (109, 'Estados Unidos', 20, 2021, 'Jethro', 'Torregiani', 'Jeannequin', '19/03/2012', 'CN', 'Male');
insert into Atleta (IDAtleta, NombrePais, IDEntrenador, Temporada, Nombre, PrimerApellido, SegundoApellido, FechaNacimiento, Nacionalidad, Genero) values (110, 'Francia', 150, 2024, 'Alexis', 'Linde', 'Chaise', '12/05/2007', 'VN', 'Female');
insert into Atleta (IDAtleta, NombrePais, IDEntrenador, Temporada, Nombre, PrimerApellido, SegundoApellido, FechaNacimiento, Nacionalidad, Genero) values (111, 'Lesoto', 24, 2022, 'Brande', 'Mearing', 'Bendle', '27/06/1976', 'BR', 'Female');
insert into Atleta (IDAtleta, NombrePais, IDEntrenador, Temporada, Nombre, PrimerApellido, SegundoApellido, FechaNacimiento, Nacionalidad, Genero) values (112, 'República Checa', 40, 2024, 'Pauli', 'Romeuf', 'Bony', '03/01/1994', 'FR', 'Female');
insert into Atleta (IDAtleta, NombrePais, IDEntrenador, Temporada, Nombre, PrimerApellido, SegundoApellido, FechaNacimiento, Nacionalidad, Genero) values (113, 'Letonia', 88, 2023, 'Raina', 'McJarrow', 'Wethered', '29/10/2013', 'IQ', 'Female');
insert into Atleta (IDAtleta, NombrePais, IDEntrenador, Temporada, Nombre, PrimerApellido, SegundoApellido, FechaNacimiento, Nacionalidad, Genero) values (114, 'Sudán', 129, 2020, 'Gardiner', 'Gammill', 'Chevalier', '30/01/1974', 'FR', 'Male');
insert into Atleta (IDAtleta, NombrePais, IDEntrenador, Temporada, Nombre, PrimerApellido, SegundoApellido, FechaNacimiento, Nacionalidad, Genero) values (115, 'Granada', 141, 2022, 'Wallie', 'Potticary', 'Fothergill', '24/12/1978', 'CZ', 'Female');
insert into Atleta (IDAtleta, NombrePais, IDEntrenador, Temporada, Nombre, PrimerApellido, SegundoApellido, FechaNacimiento, Nacionalidad, Genero) values (116, 'Nauru', 94, 2023, 'Sinclare', 'McTerlagh', 'Matsell', '26/08/2003', 'UA', 'Male');
insert into Atleta (IDAtleta, NombrePais, IDEntrenador, Temporada, Nombre, PrimerApellido, SegundoApellido, FechaNacimiento, Nacionalidad, Genero) values (117, 'China', 111, 2023, 'Ingrim', 'Saura', 'Burds', '22/02/1984', 'FR', 'Male');
insert into Atleta (IDAtleta, NombrePais, IDEntrenador, Temporada, Nombre, PrimerApellido, SegundoApellido, FechaNacimiento, Nacionalidad, Genero) values (118, 'Belice', 36, 2024, 'Sam', 'Binnall', 'L''Episcopi', '19/03/1977', 'ID', 'Male');
insert into Atleta (IDAtleta, NombrePais, IDEntrenador, Temporada, Nombre, PrimerApellido, SegundoApellido, FechaNacimiento, Nacionalidad, Genero) values (119, 'Georgia', 115, 2024, 'Alejandrina', 'Warriner', 'Morbey', '03/08/1999', 'ID', 'Female');
insert into Atleta (IDAtleta, NombrePais, IDEntrenador, Temporada, Nombre, PrimerApellido, SegundoApellido, FechaNacimiento, Nacionalidad, Genero) values (120, 'Costa Rica', 128, 2023, 'Gunner', 'Giovanetti', 'Kenneway', '16/05/1972', 'PE', 'Male');
insert into Atleta (IDAtleta, NombrePais, IDEntrenador, Temporada, Nombre, PrimerApellido, SegundoApellido, FechaNacimiento, Nacionalidad, Genero) values (121, 'Rusia', 141, 2023, 'Crin', 'Karpenko', 'Vann', '06/10/2006', 'PK', 'Non-binary');
insert into Atleta (IDAtleta, NombrePais, IDEntrenador, Temporada, Nombre, PrimerApellido, SegundoApellido, FechaNacimiento, Nacionalidad, Genero) values (122, 'Liberia', 140, 2020, 'Kynthia', 'Becaris', 'Soggee', '16/11/1980', 'HR', 'Female');
insert into Atleta (IDAtleta, NombrePais, IDEntrenador, Temporada, Nombre, PrimerApellido, SegundoApellido, FechaNacimiento, Nacionalidad, Genero) values (123, 'España', 93, 2021, 'Ariel', 'Gaudon', 'O'' Mahony', '31/01/1972', 'ID', 'Female');
insert into Atleta (IDAtleta, NombrePais, IDEntrenador, Temporada, Nombre, PrimerApellido, SegundoApellido, FechaNacimiento, Nacionalidad, Genero) values (124, 'Mónaco', 113, 2024, 'Olga', 'Gierke', 'Roylance', '26/11/1989', 'UA', 'Female');
insert into Atleta (IDAtleta, NombrePais, IDEntrenador, Temporada, Nombre, PrimerApellido, SegundoApellido, FechaNacimiento, Nacionalidad, Genero) values (125, 'Esuatini', 77, 2020, 'Brant', 'Bungey', 'Coit', '10/02/2010', 'FR', 'Male');
insert into Atleta (IDAtleta, NombrePais, IDEntrenador, Temporada, Nombre, PrimerApellido, SegundoApellido, FechaNacimiento, Nacionalidad, Genero) values (126, 'República Centroafricana', 71, 2021, 'Jordanna', 'Syers', 'Reed', '10/03/1988', 'ES', 'Female');
insert into Atleta (IDAtleta, NombrePais, IDEntrenador, Temporada, Nombre, PrimerApellido, SegundoApellido, FechaNacimiento, Nacionalidad, Genero) values (127, 'Canadá', 145, 2024, 'Laurens', 'Gouch', 'Hubbard', '29/08/2015', 'GR', 'Male');
insert into Atleta (IDAtleta, NombrePais, IDEntrenador, Temporada, Nombre, PrimerApellido, SegundoApellido, FechaNacimiento, Nacionalidad, Genero) values (128, 'Níger', 65, 2022, 'Saw', 'Conradie', 'Cardiff', '11/02/2007', 'UA', 'Male');
insert into Atleta (IDAtleta, NombrePais, IDEntrenador, Temporada, Nombre, PrimerApellido, SegundoApellido, FechaNacimiento, Nacionalidad, Genero) values (129, 'Paraguay', 124, 2021, 'Lindsay', 'Durrans', 'Blundin', '08/07/2016', 'PE', 'Male');
insert into Atleta (IDAtleta, NombrePais, IDEntrenador, Temporada, Nombre, PrimerApellido, SegundoApellido, FechaNacimiento, Nacionalidad, Genero) values (130, 'Marruecos', 53, 2021, 'Shoshanna', 'Cretney', 'Poli', '04/09/2000', 'CN', 'Genderqueer');
insert into Atleta (IDAtleta, NombrePais, IDEntrenador, Temporada, Nombre, PrimerApellido, SegundoApellido, FechaNacimiento, Nacionalidad, Genero) values (131, 'Costa de Marfil', 135, 2020, 'Viole', 'Iddon', 'Riordan', '13/03/1977', 'CN', 'Non-binary');
insert into Atleta (IDAtleta, NombrePais, IDEntrenador, Temporada, Nombre, PrimerApellido, SegundoApellido, FechaNacimiento, Nacionalidad, Genero) values (132, 'Colombia', 146, 2023, 'Margarette', 'Oseland', 'Graalmans', '27/04/2010', 'CN', 'Female');
insert into Atleta (IDAtleta, NombrePais, IDEntrenador, Temporada, Nombre, PrimerApellido, SegundoApellido, FechaNacimiento, Nacionalidad, Genero) values (133, 'Portugal', 117, 2024, 'Maire', 'Greet', 'Shildrake', '13/11/1983', 'ID', 'Female');
insert into Atleta (IDAtleta, NombrePais, IDEntrenador, Temporada, Nombre, PrimerApellido, SegundoApellido, FechaNacimiento, Nacionalidad, Genero) values (134, 'Panamá', 103, 2020, 'Alidia', 'Float', 'Maty', '03/06/2011', 'CO', 'Agender');
insert into Atleta (IDAtleta, NombrePais, IDEntrenador, Temporada, Nombre, PrimerApellido, SegundoApellido, FechaNacimiento, Nacionalidad, Genero) values (135, 'Catar', 98, 2023, 'Stormie', 'Cameron', 'Lambden', '20/10/2005', 'CN', 'Female');
insert into Atleta (IDAtleta, NombrePais, IDEntrenador, Temporada, Nombre, PrimerApellido, SegundoApellido, FechaNacimiento, Nacionalidad, Genero) values (136, 'Catar', 125, 2023, 'Nester', 'Giorgione', 'Sweatland', '13/06/1972', 'ZA', 'Male');
insert into Atleta (IDAtleta, NombrePais, IDEntrenador, Temporada, Nombre, PrimerApellido, SegundoApellido, FechaNacimiento, Nacionalidad, Genero) values (137, 'Burundi', 46, 2021, 'Raquel', 'Brayfield', 'Falks', '24/01/2010', 'BR', 'Female');
insert into Atleta (IDAtleta, NombrePais, IDEntrenador, Temporada, Nombre, PrimerApellido, SegundoApellido, FechaNacimiento, Nacionalidad, Genero) values (138, 'Filipinas', 132, 2020, 'Pierre', 'Hulle', 'Goudge', '11/05/2013', 'CN', 'Male');
insert into Atleta (IDAtleta, NombrePais, IDEntrenador, Temporada, Nombre, PrimerApellido, SegundoApellido, FechaNacimiento, Nacionalidad, Genero) values (139, 'Panamá', 89, 2024, 'Delora', 'MacCleay', 'Halburton', '04/06/1991', 'FR', 'Female');
insert into Atleta (IDAtleta, NombrePais, IDEntrenador, Temporada, Nombre, PrimerApellido, SegundoApellido, FechaNacimiento, Nacionalidad, Genero) values (140, 'Jordania', 52, 2021, 'Earl', 'Raistrick', 'Melbert', '23/06/1998', 'ID', 'Male');
insert into Atleta (IDAtleta, NombrePais, IDEntrenador, Temporada, Nombre, PrimerApellido, SegundoApellido, FechaNacimiento, Nacionalidad, Genero) values (141, 'Samoa', 131, 2022, 'Reagan', 'Theunissen', 'Essam', '18/08/1990', 'US', 'Male');
insert into Atleta (IDAtleta, NombrePais, IDEntrenador, Temporada, Nombre, PrimerApellido, SegundoApellido, FechaNacimiento, Nacionalidad, Genero) values (142, 'Brasil', 40, 2022, 'Thibaud', 'Grigori', 'Dwelling', '23/10/2015', 'BR', 'Male');
insert into Atleta (IDAtleta, NombrePais, IDEntrenador, Temporada, Nombre, PrimerApellido, SegundoApellido, FechaNacimiento, Nacionalidad, Genero) values (143, 'Nauru', 129, 2022, 'Gae', 'Housiaux', 'Sclanders', '18/08/1986', 'ZA', 'Female');
insert into Atleta (IDAtleta, NombrePais, IDEntrenador, Temporada, Nombre, PrimerApellido, SegundoApellido, FechaNacimiento, Nacionalidad, Genero) values (144, 'Zimbabue', 84, 2022, 'Kellie', 'Dilleway', 'Menichelli', '18/01/1978', 'MX', 'Female');
insert into Atleta (IDAtleta, NombrePais, IDEntrenador, Temporada, Nombre, PrimerApellido, SegundoApellido, FechaNacimiento, Nacionalidad, Genero) values (145, 'Vanuatu', 129, 2022, 'Blondell', 'Vel', 'Castleton', '20/11/1989', 'MA', 'Female');
insert into Atleta (IDAtleta, NombrePais, IDEntrenador, Temporada, Nombre, PrimerApellido, SegundoApellido, FechaNacimiento, Nacionalidad, Genero) values (146, 'Armenia', 99, 2020, 'Adena', 'Chang', 'Vasyunkin', '02/10/2016', 'RU', 'Agender');
insert into Atleta (IDAtleta, NombrePais, IDEntrenador, Temporada, Nombre, PrimerApellido, SegundoApellido, FechaNacimiento, Nacionalidad, Genero) values (147, 'República Checa', 46, 2020, 'Noni', 'Godber', 'Lynd', '06/05/1996', 'CN', 'Female');
insert into Atleta (IDAtleta, NombrePais, IDEntrenador, Temporada, Nombre, PrimerApellido, SegundoApellido, FechaNacimiento, Nacionalidad, Genero) values (148, 'Tonga', 35, 2022, 'Hill', 'Boggs', 'Elcome', '08/11/2006', 'CO', 'Male');
insert into Atleta (IDAtleta, NombrePais, IDEntrenador, Temporada, Nombre, PrimerApellido, SegundoApellido, FechaNacimiento, Nacionalidad, Genero) values (149, 'Bélgica', 77, 2020, 'Miran', 'Crayton', 'Lougheid', '28/12/1979', 'BR', 'Agender');
insert into Atleta (IDAtleta, NombrePais, IDEntrenador, Temporada, Nombre, PrimerApellido, SegundoApellido, FechaNacimiento, Nacionalidad, Genero) values (150, 'Estados Unidos', 22, 2021, 'Pammi', 'Petel', 'Kencott', '21/12/1978', 'PH', 'Female');
insert into Atleta (IDAtleta, NombrePais, IDEntrenador, Temporada, Nombre, PrimerApellido, SegundoApellido, FechaNacimiento, Nacionalidad, Genero) values (151, 'Honduras', 32, 2024, 'Vinnie', 'Lathaye', 'Huban', '12/07/1998', 'CN', 'Female');
insert into Atleta (IDAtleta, NombrePais, IDEntrenador, Temporada, Nombre, PrimerApellido, SegundoApellido, FechaNacimiento, Nacionalidad, Genero) values (152, 'Bután', 128, 2023, 'Ignazio', 'Powlett', 'Reisin', '11/06/1997', 'JP', 'Male');
insert into Atleta (IDAtleta, NombrePais, IDEntrenador, Temporada, Nombre, PrimerApellido, SegundoApellido, FechaNacimiento, Nacionalidad, Genero) values (153, 'Francia', 49, 2023, 'Legra', 'Ferrarese', 'Augustin', '04/06/1971', 'JP', 'Female');
insert into Atleta (IDAtleta, NombrePais, IDEntrenador, Temporada, Nombre, PrimerApellido, SegundoApellido, FechaNacimiento, Nacionalidad, Genero) values (154, 'Sri Lanka', 145, 2024, 'Morey', 'Beckhurst', 'Eisenberg', '29/08/2001', 'CZ', 'Male');
insert into Atleta (IDAtleta, NombrePais, IDEntrenador, Temporada, Nombre, PrimerApellido, SegundoApellido, FechaNacimiento, Nacionalidad, Genero) values (155, 'Zambia', 38, 2020, 'Charmane', 'Andrin', 'Galsworthy', '12/08/2002', 'IR', 'Female');

-- Tuplas para CorreoAtleta

insert into CorreoAtleta (IDCorreo, IDAtleta) values ('john.doe@gmail.com', 79);
insert into CorreoAtleta (IDCorreo, IDAtleta) values ('jane.smith@yahoo.com', 16);
insert into CorreoAtleta (IDCorreo, IDAtleta) values ('michael.brown@outlook.com', 95);
insert into CorreoAtleta (IDCorreo, IDAtleta) values ('emily.jones@hotmail.com', 92);
insert into CorreoAtleta (IDCorreo, IDAtleta) values ('david.wilson@live.com', 14);
insert into CorreoAtleta (IDCorreo, IDAtleta) values ('sarah.davis@aol.com', 127);
insert into CorreoAtleta (IDCorreo, IDAtleta) values ('james.miller@gmail.com', 110);
insert into CorreoAtleta (IDCorreo, IDAtleta) values ('linda.moore@yahoo.com', 3);
insert into CorreoAtleta (IDCorreo, IDAtleta) values ('robert.taylor@outlook.com', 44);
insert into CorreoAtleta (IDCorreo, IDAtleta) values ('mary.anderson@hotmail.com', 99);
insert into CorreoAtleta (IDCorreo, IDAtleta) values ('william.thomas@live.com', 122);
insert into CorreoAtleta (IDCorreo, IDAtleta) values ('patricia.jackson@aol.com', 83);
insert into CorreoAtleta (IDCorreo, IDAtleta) values ('charles.white@gmail.com', 38);
insert into CorreoAtleta (IDCorreo, IDAtleta) values ('barbara.harris@yahoo.com', 74);
insert into CorreoAtleta (IDCorreo, IDAtleta) values ('joseph.martin@outlook.com', 122);
insert into CorreoAtleta (IDCorreo, IDAtleta) values ('jennifer.thompson@hotmail.com', 65);
insert into CorreoAtleta (IDCorreo, IDAtleta) values ('thomas.garcia@live.com', 59);
insert into CorreoAtleta (IDCorreo, IDAtleta) values ('elizabeth.martinez@aol.com', 44);
insert into CorreoAtleta (IDCorreo, IDAtleta) values ('christopher.robinson@gmail.com', 120);
insert into CorreoAtleta (IDCorreo, IDAtleta) values ('jessica.clark@yahoo.com', 66);
insert into CorreoAtleta (IDCorreo, IDAtleta) values ('daniel.rodriguez@outlook.com', 102);
insert into CorreoAtleta (IDCorreo, IDAtleta) values ('karen.lewis@hotmail.com', 112);
insert into CorreoAtleta (IDCorreo, IDAtleta) values ('matthew.lee@live.com', 69);
insert into CorreoAtleta (IDCorreo, IDAtleta) values ('nancy.walker@aol.com', 92);
insert into CorreoAtleta (IDCorreo, IDAtleta) values ('anthony.hall@gmail.com', 52);
insert into CorreoAtleta (IDCorreo, IDAtleta) values ('lisa.allen@yahoo.com', 38);
insert into CorreoAtleta (IDCorreo, IDAtleta) values ('mark.young@outlook.com', 92);
insert into CorreoAtleta (IDCorreo, IDAtleta) values ('betty.king@hotmail.com', 20);
insert into CorreoAtleta (IDCorreo, IDAtleta) values ('paul.wright@live.com', 30);
insert into CorreoAtleta (IDCorreo, IDAtleta) values ('sandra.scott@aol.com', 111);
insert into CorreoAtleta (IDCorreo, IDAtleta) values ('steven.green@gmail.com', 6);
insert into CorreoAtleta (IDCorreo, IDAtleta) values ('donna.adams@yahoo.com', 134);
insert into CorreoAtleta (IDCorreo, IDAtleta) values ('andrew.baker@outlook.com', 25);
insert into CorreoAtleta (IDCorreo, IDAtleta) values ('carol.gonzalez@hotmail.com', 90);
insert into CorreoAtleta (IDCorreo, IDAtleta) values ('kenneth.nelson@live.com', 137);
insert into CorreoAtleta (IDCorreo, IDAtleta) values ('michelle.carter@aol.com', 62);
insert into CorreoAtleta (IDCorreo, IDAtleta) values ('joshua.mitchell@gmail.com', 96);
insert into CorreoAtleta (IDCorreo, IDAtleta) values ('dorothy.perez@yahoo.com', 49);
insert into CorreoAtleta (IDCorreo, IDAtleta) values ('kevin.roberts@outlook.com', 144);
insert into CorreoAtleta (IDCorreo, IDAtleta) values ('emily.turner@hotmail.com', 63);
insert into CorreoAtleta (IDCorreo, IDAtleta) values ('brian.phillips@live.com', 85);
insert into CorreoAtleta (IDCorreo, IDAtleta) values ('laura.campbell@aol.com', 151);
insert into CorreoAtleta (IDCorreo, IDAtleta) values ('george.parker@gmail.com', 50);
insert into CorreoAtleta (IDCorreo, IDAtleta) values ('amy.evans@yahoo.com', 127);
insert into CorreoAtleta (IDCorreo, IDAtleta) values ('edward.collins@outlook.com', 61);
insert into CorreoAtleta (IDCorreo, IDAtleta) values ('angela.stewart@hotmail.com', 6);
insert into CorreoAtleta (IDCorreo, IDAtleta) values ('ronald.sanchez@live.com', 72);
insert into CorreoAtleta (IDCorreo, IDAtleta) values ('deborah.morris@aol.com', 140);
insert into CorreoAtleta (IDCorreo, IDAtleta) values ('timothy.rogers@gmail.com', 132);
insert into CorreoAtleta (IDCorreo, IDAtleta) values ('rebecca.reed@yahoo.com', 106);
insert into CorreoAtleta (IDCorreo, IDAtleta) values ('john.doe@gmail.com', 134);
insert into CorreoAtleta (IDCorreo, IDAtleta) values ('jane.smith@yahoo.com', 18);
insert into CorreoAtleta (IDCorreo, IDAtleta) values ('michael.brown@outlook.com', 95);
insert into CorreoAtleta (IDCorreo, IDAtleta) values ('emily.jones@hotmail.com', 88);
insert into CorreoAtleta (IDCorreo, IDAtleta) values ('david.wilson@live.com', 47);
insert into CorreoAtleta (IDCorreo, IDAtleta) values ('sarah.davis@aol.com', 140);
insert into CorreoAtleta (IDCorreo, IDAtleta) values ('james.miller@gmail.com', 1);
insert into CorreoAtleta (IDCorreo, IDAtleta) values ('linda.moore@yahoo.com', 109);
insert into CorreoAtleta (IDCorreo, IDAtleta) values ('robert.taylor@outlook.com', 4);
insert into CorreoAtleta (IDCorreo, IDAtleta) values ('mary.anderson@hotmail.com', 125);
insert into CorreoAtleta (IDCorreo, IDAtleta) values ('william.thomas@live.com', 29);
insert into CorreoAtleta (IDCorreo, IDAtleta) values ('patricia.jackson@aol.com', 83);
insert into CorreoAtleta (IDCorreo, IDAtleta) values ('charles.white@gmail.com', 138);
insert into CorreoAtleta (IDCorreo, IDAtleta) values ('barbara.harris@yahoo.com', 106);
insert into CorreoAtleta (IDCorreo, IDAtleta) values ('joseph.martin@outlook.com', 50);
insert into CorreoAtleta (IDCorreo, IDAtleta) values ('jennifer.thompson@hotmail.com', 23);
insert into CorreoAtleta (IDCorreo, IDAtleta) values ('thomas.garcia@live.com', 20);
insert into CorreoAtleta (IDCorreo, IDAtleta) values ('elizabeth.martinez@aol.com', 76);
insert into CorreoAtleta (IDCorreo, IDAtleta) values ('christopher.robinson@gmail.com', 141);
insert into CorreoAtleta (IDCorreo, IDAtleta) values ('jessica.clark@yahoo.com', 28);
insert into CorreoAtleta (IDCorreo, IDAtleta) values ('daniel.rodriguez@outlook.com', 146);
insert into CorreoAtleta (IDCorreo, IDAtleta) values ('karen.lewis@hotmail.com', 45);
insert into CorreoAtleta (IDCorreo, IDAtleta) values ('matthew.lee@live.com', 106);
insert into CorreoAtleta (IDCorreo, IDAtleta) values ('nancy.walker@aol.com', 71);
insert into CorreoAtleta (IDCorreo, IDAtleta) values ('anthony.hall@gmail.com', 140);
insert into CorreoAtleta (IDCorreo, IDAtleta) values ('lisa.allen@yahoo.com', 63);
insert into CorreoAtleta (IDCorreo, IDAtleta) values ('mark.young@outlook.com', 49);
insert into CorreoAtleta (IDCorreo, IDAtleta) values ('betty.king@hotmail.com', 141);
insert into CorreoAtleta (IDCorreo, IDAtleta) values ('paul.wright@live.com', 131);
insert into CorreoAtleta (IDCorreo, IDAtleta) values ('sandra.scott@aol.com', 62);
insert into CorreoAtleta (IDCorreo, IDAtleta) values ('steven.green@gmail.com', 152);
insert into CorreoAtleta (IDCorreo, IDAtleta) values ('donna.adams@yahoo.com', 31);
insert into CorreoAtleta (IDCorreo, IDAtleta) values ('andrew.baker@outlook.com', 117);
insert into CorreoAtleta (IDCorreo, IDAtleta) values ('carol.gonzalez@hotmail.com', 80);
insert into CorreoAtleta (IDCorreo, IDAtleta) values ('kenneth.nelson@live.com', 96);
insert into CorreoAtleta (IDCorreo, IDAtleta) values ('michelle.carter@aol.com', 126);
insert into CorreoAtleta (IDCorreo, IDAtleta) values ('joshua.mitchell@gmail.com', 109);
insert into CorreoAtleta (IDCorreo, IDAtleta) values ('dorothy.perez@yahoo.com', 125);
insert into CorreoAtleta (IDCorreo, IDAtleta) values ('kevin.roberts@outlook.com', 103);
insert into CorreoAtleta (IDCorreo, IDAtleta) values ('emily.turner@hotmail.com', 71);
insert into CorreoAtleta (IDCorreo, IDAtleta) values ('brian.phillips@live.com', 52);
insert into CorreoAtleta (IDCorreo, IDAtleta) values ('laura.campbell@aol.com', 117);
insert into CorreoAtleta (IDCorreo, IDAtleta) values ('george.parker@gmail.com', 67);
insert into CorreoAtleta (IDCorreo, IDAtleta) values ('amy.evans@yahoo.com', 79);
insert into CorreoAtleta (IDCorreo, IDAtleta) values ('edward.collins@outlook.com', 40);
insert into CorreoAtleta (IDCorreo, IDAtleta) values ('angela.stewart@hotmail.com', 53);
insert into CorreoAtleta (IDCorreo, IDAtleta) values ('ronald.sanchez@live.com', 21);
insert into CorreoAtleta (IDCorreo, IDAtleta) values ('deborah.morris@aol.com', 2);
insert into CorreoAtleta (IDCorreo, IDAtleta) values ('timothy.rogers@gmail.com', 5);
insert into CorreoAtleta (IDCorreo, IDAtleta) values ('rebecca.reed@yahoo.com', 143);
insert into CorreoAtleta (IDCorreo, IDAtleta) values ('john.doe@gmail.com', 120);
insert into CorreoAtleta (IDCorreo, IDAtleta) values ('jane.smith@yahoo.com', 143);
insert into CorreoAtleta (IDCorreo, IDAtleta) values ('michael.brown@outlook.com', 56);
insert into CorreoAtleta (IDCorreo, IDAtleta) values ('emily.jones@hotmail.com', 22);
insert into CorreoAtleta (IDCorreo, IDAtleta) values ('david.wilson@live.com', 79);
insert into CorreoAtleta (IDCorreo, IDAtleta) values ('sarah.davis@aol.com', 140);
insert into CorreoAtleta (IDCorreo, IDAtleta) values ('james.miller@gmail.com', 59);
insert into CorreoAtleta (IDCorreo, IDAtleta) values ('linda.moore@yahoo.com', 103);
insert into CorreoAtleta (IDCorreo, IDAtleta) values ('robert.taylor@outlook.com', 42);
insert into CorreoAtleta (IDCorreo, IDAtleta) values ('mary.anderson@hotmail.com', 5);
insert into CorreoAtleta (IDCorreo, IDAtleta) values ('william.thomas@live.com', 50);
insert into CorreoAtleta (IDCorreo, IDAtleta) values ('patricia.jackson@aol.com', 46);
insert into CorreoAtleta (IDCorreo, IDAtleta) values ('charles.white@gmail.com', 135);
insert into CorreoAtleta (IDCorreo, IDAtleta) values ('barbara.harris@yahoo.com', 1);
insert into CorreoAtleta (IDCorreo, IDAtleta) values ('joseph.martin@outlook.com', 115);
insert into CorreoAtleta (IDCorreo, IDAtleta) values ('jennifer.thompson@hotmail.com', 62);
insert into CorreoAtleta (IDCorreo, IDAtleta) values ('thomas.garcia@live.com', 30);
insert into CorreoAtleta (IDCorreo, IDAtleta) values ('elizabeth.martinez@aol.com', 55);
insert into CorreoAtleta (IDCorreo, IDAtleta) values ('christopher.robinson@gmail.com', 40);
insert into CorreoAtleta (IDCorreo, IDAtleta) values ('jessica.clark@yahoo.com', 79);
insert into CorreoAtleta (IDCorreo, IDAtleta) values ('daniel.rodriguez@outlook.com', 44);
insert into CorreoAtleta (IDCorreo, IDAtleta) values ('karen.lewis@hotmail.com', 35);
insert into CorreoAtleta (IDCorreo, IDAtleta) values ('matthew.lee@live.com', 27);
insert into CorreoAtleta (IDCorreo, IDAtleta) values ('nancy.walker@aol.com', 110);
insert into CorreoAtleta (IDCorreo, IDAtleta) values ('anthony.hall@gmail.com', 78);
insert into CorreoAtleta (IDCorreo, IDAtleta) values ('lisa.allen@yahoo.com', 17);
insert into CorreoAtleta (IDCorreo, IDAtleta) values ('mark.young@outlook.com', 45);
insert into CorreoAtleta (IDCorreo, IDAtleta) values ('betty.king@hotmail.com', 35);
insert into CorreoAtleta (IDCorreo, IDAtleta) values ('paul.wright@live.com', 151);
insert into CorreoAtleta (IDCorreo, IDAtleta) values ('sandra.scott@aol.com', 64);
insert into CorreoAtleta (IDCorreo, IDAtleta) values ('steven.green@gmail.com', 138);
insert into CorreoAtleta (IDCorreo, IDAtleta) values ('donna.adams@yahoo.com', 126);
insert into CorreoAtleta (IDCorreo, IDAtleta) values ('andrew.baker@outlook.com', 129);
insert into CorreoAtleta (IDCorreo, IDAtleta) values ('carol.gonzalez@hotmail.com', 146);
insert into CorreoAtleta (IDCorreo, IDAtleta) values ('kenneth.nelson@live.com', 134);
insert into CorreoAtleta (IDCorreo, IDAtleta) values ('michelle.carter@aol.com', 68);
insert into CorreoAtleta (IDCorreo, IDAtleta) values ('joshua.mitchell@gmail.com', 82);
insert into CorreoAtleta (IDCorreo, IDAtleta) values ('dorothy.perez@yahoo.com', 123);
insert into CorreoAtleta (IDCorreo, IDAtleta) values ('kevin.roberts@outlook.com', 37);
insert into CorreoAtleta (IDCorreo, IDAtleta) values ('emily.turner@hotmail.com', 104);
insert into CorreoAtleta (IDCorreo, IDAtleta) values ('brian.phillips@live.com', 50);
insert into CorreoAtleta (IDCorreo, IDAtleta) values ('laura.campbell@aol.com', 4);
insert into CorreoAtleta (IDCorreo, IDAtleta) values ('george.parker@gmail.com', 137);
insert into CorreoAtleta (IDCorreo, IDAtleta) values ('amy.evans@yahoo.com', 101);
insert into CorreoAtleta (IDCorreo, IDAtleta) values ('edward.collins@outlook.com', 97);
insert into CorreoAtleta (IDCorreo, IDAtleta) values ('angela.stewart@hotmail.com', 112);
insert into CorreoAtleta (IDCorreo, IDAtleta) values ('ronald.sanchez@live.com', 11);
insert into CorreoAtleta (IDCorreo, IDAtleta) values ('deborah.morris@aol.com', 120);
insert into CorreoAtleta (IDCorreo, IDAtleta) values ('timothy.rogers@gmail.com', 130);
insert into CorreoAtleta (IDCorreo, IDAtleta) values ('rebecca.reed@yahoo.com', 124);

-- Tuplas para Patrocinador 
insert into Patrocinador (NombrePatrocinador) values ('Coca-Cola');
insert into Patrocinador (NombrePatrocinador) values ('Pepsi');
insert into Patrocinador (NombrePatrocinador) values ('Nike');
insert into Patrocinador (NombrePatrocinador) values ('Adidas');
insert into Patrocinador (NombrePatrocinador) values ('Puma');
insert into Patrocinador (NombrePatrocinador) values ('Red Bull');
insert into Patrocinador (NombrePatrocinador) values ('Monster Energy');
insert into Patrocinador (NombrePatrocinador) values ('Samsung');
insert into Patrocinador (NombrePatrocinador) values ('Apple');
insert into Patrocinador (NombrePatrocinador) values ('Microsoft');
insert into Patrocinador (NombrePatrocinador) values ('Google');
insert into Patrocinador (NombrePatrocinador) values ('Amazon');
insert into Patrocinador (NombrePatrocinador) values ('Facebook');
insert into Patrocinador (NombrePatrocinador) values ('Twitter');
insert into Patrocinador (NombrePatrocinador) values ('Instagram');
insert into Patrocinador (NombrePatrocinador) values ('Visa');
insert into Patrocinador (NombrePatrocinador) values ('Mastercard');
insert into Patrocinador (NombrePatrocinador) values ('American Express');
insert into Patrocinador (NombrePatrocinador) values ('McDonalds');
insert into Patrocinador (NombrePatrocinador) values ('Burger King');
insert into Patrocinador (NombrePatrocinador) values ('KFC');
insert into Patrocinador (NombrePatrocinador) values ('Starbucks');
insert into Patrocinador (NombrePatrocinador) values ('Dunkin Donuts');
insert into Patrocinador (NombrePatrocinador) values ('Subway');
insert into Patrocinador (NombrePatrocinador) values ('Pizza Hut');
insert into Patrocinador (NombrePatrocinador) values ('Dominos');
insert into Patrocinador (NombrePatrocinador) values ('Heineken');
insert into Patrocinador (NombrePatrocinador) values ('Budweiser');
insert into Patrocinador (NombrePatrocinador) values ('Corona');
insert into Patrocinador (NombrePatrocinador) values ('Carlsberg');
insert into Patrocinador (NombrePatrocinador) values ('Absolut Vodka');
insert into Patrocinador (NombrePatrocinador) values ('Jack Daniels');
insert into Patrocinador (NombrePatrocinador) values ('Johnnie Walker');
insert into Patrocinador (NombrePatrocinador) values ('Rolex');
insert into Patrocinador (NombrePatrocinador) values ('Omega');
insert into Patrocinador (NombrePatrocinador) values ('Tag Heuer');
insert into Patrocinador (NombrePatrocinador) values ('BMW');
insert into Patrocinador (NombrePatrocinador) values ('Mercedes-Benz');
insert into Patrocinador (NombrePatrocinador) values ('Audi');
insert into Patrocinador (NombrePatrocinador) values ('Volkswagen');
insert into Patrocinador (NombrePatrocinador) values ('Toyota');
insert into Patrocinador (NombrePatrocinador) values ('Honda');
insert into Patrocinador (NombrePatrocinador) values ('Ford');
insert into Patrocinador (NombrePatrocinador) values ('Chevrolet');
insert into Patrocinador (NombrePatrocinador) values ('Nissan');
insert into Patrocinador (NombrePatrocinador) values ('Hyundai');
insert into Patrocinador (NombrePatrocinador) values ('Shell');
insert into Patrocinador (NombrePatrocinador) values ('BP');
insert into Patrocinador (NombrePatrocinador) values ('ExxonMobil');
insert into Patrocinador (NombrePatrocinador) values ('Total');
insert into Patrocinador (NombrePatrocinador) values ('Emirates');
insert into Patrocinador (NombrePatrocinador) values ('Qatar Airways');
insert into Patrocinador (NombrePatrocinador) values ('Lufthansa');
insert into Patrocinador (NombrePatrocinador) values ('British Airways');
insert into Patrocinador (NombrePatrocinador) values ('Airbus');
insert into Patrocinador (NombrePatrocinador) values ('Boeing');
insert into Patrocinador (NombrePatrocinador) values ('FedEx');
insert into Patrocinador (NombrePatrocinador) values ('DHL');
insert into Patrocinador (NombrePatrocinador) values ('UPS');
insert into Patrocinador (NombrePatrocinador) values ('Huawei');
insert into Patrocinador (NombrePatrocinador) values ('Xiaomi');
insert into Patrocinador (NombrePatrocinador) values ('OnePlus');
insert into Patrocinador (NombrePatrocinador) values ('Sony');
insert into Patrocinador (NombrePatrocinador) values ('LG');
insert into Patrocinador (NombrePatrocinador) values ('Panasonic');
insert into Patrocinador (NombrePatrocinador) values ('Canon');
insert into Patrocinador (NombrePatrocinador) values ('Nikon');
insert into Patrocinador (NombrePatrocinador) values ('GoPro');
insert into Patrocinador (NombrePatrocinador) values ('Spotify');
insert into Patrocinador (NombrePatrocinador) values ('Netflix');
insert into Patrocinador (NombrePatrocinador) values ('Disney+');
insert into Patrocinador (NombrePatrocinador) values ('HBO');
insert into Patrocinador (NombrePatrocinador) values ('Hulu');
insert into Patrocinador (NombrePatrocinador) values ('PlayStation');
insert into Patrocinador (NombrePatrocinador) values ('Xbox');
insert into Patrocinador (NombrePatrocinador) values ('Nintendo');
insert into Patrocinador (NombrePatrocinador) values ('LEGO');
insert into Patrocinador (NombrePatrocinador) values ('Mattel');
insert into Patrocinador (NombrePatrocinador) values ('Hasbro');
insert into Patrocinador (NombrePatrocinador) values ('LOréal');
insert into Patrocinador (NombrePatrocinador) values ('Estée Lauder');
insert into Patrocinador (NombrePatrocinador) values ('Maybelline');
insert into Patrocinador (NombrePatrocinador) values ('Nivea');
insert into Patrocinador (NombrePatrocinador) values ('Dove');
insert into Patrocinador (NombrePatrocinador) values ('Gillette');
insert into Patrocinador (NombrePatrocinador) values ('Oral-B');
insert into Patrocinador (NombrePatrocinador) values ('Colgate');
insert into Patrocinador (NombrePatrocinador) values ('Head & Shoulders');
insert into Patrocinador (NombrePatrocinador) values ('Pantene');
insert into Patrocinador (NombrePatrocinador) values ('Garnier');
insert into Patrocinador (NombrePatrocinador) values ('Nestlé');
insert into Patrocinador (NombrePatrocinador) values ('Unilever');
insert into Patrocinador (NombrePatrocinador) values ('Procter & Gamble');
insert into Patrocinador (NombrePatrocinador) values ('Johnson & Johnson');
insert into Patrocinador (NombrePatrocinador) values ('Kelloggs');
insert into Patrocinador (NombrePatrocinador) values ('General Mills');
insert into Patrocinador (NombrePatrocinador) values ('Danone');
insert into Patrocinador (NombrePatrocinador) values ('Kraft Heinz');
insert into Patrocinador (NombrePatrocinador) values ('Mars');
insert into Patrocinador (NombrePatrocinador) values ('Ferrero Rocher');
insert into Patrocinador (NombrePatrocinador) values ('Lindt');
insert into Patrocinador (NombrePatrocinador) values ('Hersheys');
insert into Patrocinador (NombrePatrocinador) values ('Cadbury');
insert into Patrocinador (NombrePatrocinador) values ('Oreo');
insert into Patrocinador (NombrePatrocinador) values ('Pringles');
insert into Patrocinador (NombrePatrocinador) values ('Doritos');
insert into Patrocinador (NombrePatrocinador) values ('Lays');
insert into Patrocinador (NombrePatrocinador) values ('Gatorade');
insert into Patrocinador (NombrePatrocinador) values ('Powerade');
insert into Patrocinador (NombrePatrocinador) values ('Evian');
insert into Patrocinador (NombrePatrocinador) values ('Perrier');
insert into Patrocinador (NombrePatrocinador) values ('San Pellegrino');
insert into Patrocinador (NombrePatrocinador) values ('Lipton');
insert into Patrocinador (NombrePatrocinador) values ('Nescafé');
insert into Patrocinador (NombrePatrocinador) values ('Lavazza');
insert into Patrocinador (NombrePatrocinador) values ('Illy');
insert into Patrocinador (NombrePatrocinador) values ('Intel');
insert into Patrocinador (NombrePatrocinador) values ('AMD');
insert into Patrocinador (NombrePatrocinador) values ('NVIDIA');
insert into Patrocinador (NombrePatrocinador) values ('Lenovo');
insert into Patrocinador (NombrePatrocinador) values ('Dell');
insert into Patrocinador (NombrePatrocinador) values ('HP');
insert into Patrocinador (NombrePatrocinador) values ('Asus');
insert into Patrocinador (NombrePatrocinador) values ('Acer');
insert into Patrocinador (NombrePatrocinador) values ('Logitech');
insert into Patrocinador (NombrePatrocinador) values ('Razer');
insert into Patrocinador (NombrePatrocinador) values ('Corsair');
insert into Patrocinador (NombrePatrocinador) values ('Bose');
insert into Patrocinador (NombrePatrocinador) values ('Sennheiser');
insert into Patrocinador (NombrePatrocinador) values ('JBL');
insert into Patrocinador (NombrePatrocinador) values ('Beats by Dre');
insert into Patrocinador (NombrePatrocinador) values ('Skullcandy');
insert into Patrocinador (NombrePatrocinador) values ('Under Armour');
insert into Patrocinador (NombrePatrocinador) values ('Reebok');
insert into Patrocinador (NombrePatrocinador) values ('New Balance');
insert into Patrocinador (NombrePatrocinador) values ('Asics');
insert into Patrocinador (NombrePatrocinador) values ('Converse');
insert into Patrocinador (NombrePatrocinador) values ('Vans');
insert into Patrocinador (NombrePatrocinador) values ('The North Face');
insert into Patrocinador (NombrePatrocinador) values ('Columbia');
insert into Patrocinador (NombrePatrocinador) values ('Patagonia');
insert into Patrocinador (NombrePatrocinador) values ('Timberland');
insert into Patrocinador (NombrePatrocinador) values ('Ray-Ban');
insert into Patrocinador (NombrePatrocinador) values ('Oakley');
insert into Patrocinador (NombrePatrocinador) values ('Swatch');
insert into Patrocinador (NombrePatrocinador) values ('Fossil');
insert into Patrocinador (NombrePatrocinador) values ('Michael Kors');
insert into Patrocinador (NombrePatrocinador) values ('Coach');
insert into Patrocinador (NombrePatrocinador) values ('Louis Vuitton');
insert into Patrocinador (NombrePatrocinador) values ('Gucci');
insert into Patrocinador (NombrePatrocinador) values ('Prada');
insert into Patrocinador (NombrePatrocinador) values ('Chanel');
insert into Patrocinador (NombrePatrocinador) values ('Hermès');
insert into Patrocinador (NombrePatrocinador) values ('Cartier');
insert into Patrocinador (NombrePatrocinador) values ('Tiffany & Co.');
insert into Patrocinador (NombrePatrocinador) values ('Swarovski');
insert into Patrocinador (NombrePatrocinador) values ('Pandora');
insert into Patrocinador (NombrePatrocinador) values ('H&M');
insert into Patrocinador (NombrePatrocinador) values ('Zara');
insert into Patrocinador (NombrePatrocinador) values ('Uniqlo');